,precision,recall,f1-score,support,time
crim13_iddfs-near_001,0.44684896715204875,0.5,0.4719326763338931,295300.0,19691.4884
crim13_enumeration_001,0.44684896715204875,0.5,0.4719326763338931,295300.0,271.8955
crim13_astar-near_001,0.44684896715204875,0.5,0.4719326763338931,295300.0,2275.7735
crim13_ours_astar-near_000,0.4746968915962743,0.492652822005407,0.47680741158988904,295300.0,995.1104173660278
crim13_ours_astar-near_001,0.4298372416323098,0.3606401147959515,0.39192088169095995,295300.0,995.1104564666748
crim13_ours_astar-near_002,0.5251550166698473,0.5072407290099695,0.12586825619578723,295300.0,1121.038269519806
crim13_ours_astar-near_003,0.5068066253890067,0.50703922997986,0.5068984415036942,295300.0,1174.6122834682465
crim13_ours_astar-near_004,0.5798019324579109,0.5563335301171775,0.5640317510907707,295300.0,1174.6123268604279
