{
  "timings": [
    1738699587.8380094,
    1738699592.436788,
    1738699599.876157,
    1738699610.0699446,
    1738699623.0483718,
    1738699639.9984512,
    1738699660.7949808,
    1738699687.3473883,
    1738699717.6858706,
    1738699749.7313862,
    1738699783.8571496,
    1738699819.4762595,
    1738699855.5992134,
    1738699894.8900864,
    1738699933.6605399,
    1738699972.7333765,
    1738700009.8725498,
    1738700051.8238006,
    1738700096.841665,
    1738700142.297463,
    1738700184.0370848,
    1738700224.2192547,
    1738700264.2642293,
    1738700303.9856668,
    1738700344.1457074
  ],
  "val_errors": [
    15.81807037165038,
    12.947286428878083,
    10.357098758011308,
    8.918935162553362,
    8.262141075952096,
    8.248654586944106,
    8.357743420078014,
    8.279130227347682,
    8.348951935119379,
    8.34546992236604,
    8.240125008725874,
    8.165786159107633,
    8.17352020688803,
    8.165781251879395,
    8.148493455294492,
    8.08356966024737,
    7.9731402865656005,
    7.8341745328900325,
    7.7700700515738195,
    7.634025358637228,
    7.699199178655963,
    7.5532124112941395,
    7.483893048096376,
    7.483893048096376,
    7.483893048096376
  ],
  "test_errors": [
    16.390841210569448,
    13.270470070338922,
    10.821842582285843,
    9.130667225193877,
    8.47158598958091,
    8.661276383687111,
    8.637976075863625,
    8.370753865862564,
    8.530125834428407,
    8.66454041677752,
    8.477026322261409,
    8.36007957056726,
    8.399323963710387,
    8.30277901020767,
    8.295151787505516,
    8.281776597821171,
    7.977258311094106,
    7.843381521559709,
    7.760011894836959,
    7.676289867131619,
    7.805108023102249,
    7.7820685227500555,
    7.6520805830637775,
    7.6520805830637775,
    7.6520805830637775
  ]
}