{
  "timings": [
    1738880805.25943,
    1738880806.9417887,
    1738880810.9722874,
    1738880816.6913466,
    1738880823.0122128,
    1738880831.312476,
    1738880842.0472808,
    1738880854.193884,
    1738880867.1792011,
    1738880879.9980562,
    1738880893.746125,
    1738880908.1703713,
    1738880923.4334373,
    1738880939.4915287,
    1738880956.0197303,
    1738880972.6695483,
    1738880989.9596603,
    1738881008.5091093,
    1738881027.5963264,
    1738881047.3708656,
    1738881067.7508981,
    1738881087.6571558,
    1738881107.4627695,
    1738881127.3947647,
    1738881147.224853,
    1738881167.0506535,
    1738881186.9974983,
    1738881206.799825,
    1738881226.8447676,
    1738881246.775656,
    1738881266.6063344,
    1738881286.4917939,
    1738881306.5212386,
    1738881326.4932582,
    1738881346.3957846,
    1738881366.5737355,
    1738881386.6065047,
    1738881406.7804642,
    1738881426.704496,
    1738881446.5831282,
    1738881466.4958646,
    1738881486.4000921,
    1738881506.2636247,
    1738881526.2753448,
    1738881546.1485143,
    1738881566.0298471,
    1738881585.9073493,
    1738881605.8888412,
    1738881625.8415153,
    1738881645.7975428,
    1738881665.7023637,
    1738881685.6906846,
    1738881705.7484143,
    1738881725.5709498,
    1738881745.536621,
    1738881765.4953134,
    1738881785.5580478,
    1738881806.1039639,
    1738881826.0860944,
    1738881845.992272,
    1738881865.8275166,
    1738881885.8252766,
    1738881905.577447,
    1738881925.2874753,
    1738881945.0575833,
    1738881964.8406615,
    1738881984.7921615,
    1738882004.7693377,
    1738882024.7783852,
    1738882044.6929383,
    1738882064.6219347,
    1738882084.6896458,
    1738882104.495987,
    1738882124.456848,
    1738882144.3855097,
    1738882164.373348,
    1738882184.433715,
    1738882204.4347072,
    1738882224.3389423,
    1738882244.1594727,
    1738882264.1155744,
    1738882283.9913902,
    1738882303.857579,
    1738882323.8022048,
    1738882343.7236807,
    1738882363.74367,
    1738882383.6951246,
    1738882403.5756304,
    1738882423.5465734,
    1738882443.3452482,
    1738882463.2855206,
    1738882483.0798943,
    1738882503.0165684,
    1738882522.8303292,
    1738882542.7327492,
    1738882562.7350593,
    1738882582.5886185,
    1738882602.3028798,
    1738882622.1070879,
    1738882641.8816717
  ],
  "val_errors": [
    117.37693560635957,
    107.25132276224626,
    102.49410947532279,
    100.21532985687746,
    98.87956377460347,
    97.91823910845464,
    96.82565500945637,
    96.27988208524334,
    95.72685897114512,
    95.87735953267013,
    95.42248182140806,
    95.79784519753632,
    95.56786537599893,
    95.84047081728234,
    96.01366559581899,
    96.30403357749229,
    96.15224487324879,
    95.12133586106489,
    95.79867552129694,
    95.6442384698969,
    95.48341439334742,
    95.60268701896234,
    95.60268701896234,
    95.60268701896234,
    95.60268701896234,
    95.60268701896234,
    95.60268701896234,
    95.60268701896234,
    95.60268701896234,
    95.60268701896234,
    95.60268701896234,
    95.60268701896234,
    95.60268701896234,
    95.60268701896234,
    95.60268701896234,
    95.60268701896234,
    95.60268701896234,
    95.60268701896234,
    95.60268701896234,
    95.60268701896234,
    95.60268701896234,
    95.60268701896234,
    95.60268701896234,
    95.60268701896234,
    95.60268701896234,
    95.60268701896234,
    95.60268701896234,
    95.60268701896234,
    95.60268701896234,
    95.60268701896234,
    95.60268701896234,
    95.60268701896234,
    95.60268701896234,
    95.60268701896234,
    95.60268701896234,
    95.60268701896234,
    95.60268701896234,
    95.60268701896234,
    95.60268701896234,
    95.60268701896234,
    95.60268701896234,
    95.60268701896234,
    95.60268701896234,
    95.60268701896234,
    95.60268701896234,
    95.60268701896234,
    95.60268701896234,
    95.60268701896234,
    95.60268701896234,
    95.60268701896234,
    95.60268701896234,
    95.60268701896234,
    95.60268701896234,
    95.60268701896234,
    95.60268701896234,
    95.60268701896234,
    95.60268701896234,
    95.60268701896234,
    95.60268701896234,
    95.60268701896234,
    95.60268701896234,
    95.60268701896234,
    95.60268701896234,
    95.60268701896234,
    95.60268701896234,
    95.60268701896234,
    95.60268701896234,
    95.60268701896234,
    95.60268701896234,
    95.60268701896234,
    95.60268701896234,
    95.60268701896234,
    95.60268701896234,
    95.60268701896234,
    95.60268701896234,
    95.60268701896234,
    95.60268701896234,
    95.60268701896234,
    95.60268701896234,
    95.60268701896234
  ],
  "test_errors": [
    121.26955946303127,
    109.51080187623548,
    106.50106043364745,
    104.20948053295224,
    102.7026071722773,
    101.86502641887165,
    100.53523246326057,
    100.55769312908582,
    99.60878786088551,
    99.48476495341919,
    99.13378471881676,
    100.0913110518158,
    99.24487528109167,
    99.0297129695261,
    98.99314953036568,
    99.14072393591368,
    99.4648862603983,
    98.25219564556681,
    98.61913676996613,
    98.60167535561224,
    98.43179354165491,
    98.91000782451387,
    98.91000782451387,
    98.91000782451387,
    98.91000782451387,
    98.91000782451387,
    98.91000782451387,
    98.91000782451387,
    98.91000782451387,
    98.91000782451387,
    98.91000782451387,
    98.91000782451387,
    98.91000782451387,
    98.91000782451387,
    98.91000782451387,
    98.91000782451387,
    98.91000782451387,
    98.91000782451387,
    98.91000782451387,
    98.91000782451387,
    98.91000782451387,
    98.91000782451387,
    98.91000782451387,
    98.91000782451387,
    98.91000782451387,
    98.91000782451387,
    98.91000782451387,
    98.91000782451387,
    98.91000782451387,
    98.91000782451387,
    98.91000782451387,
    98.91000782451387,
    98.91000782451387,
    98.91000782451387,
    98.91000782451387,
    98.91000782451387,
    98.91000782451387,
    98.91000782451387,
    98.91000782451387,
    98.91000782451387,
    98.91000782451387,
    98.91000782451387,
    98.91000782451387,
    98.91000782451387,
    98.91000782451387,
    98.91000782451387,
    98.91000782451387,
    98.91000782451387,
    98.91000782451387,
    98.91000782451387,
    98.91000782451387,
    98.91000782451387,
    98.91000782451387,
    98.91000782451387,
    98.91000782451387,
    98.91000782451387,
    98.91000782451387,
    98.91000782451387,
    98.91000782451387,
    98.91000782451387,
    98.91000782451387,
    98.91000782451387,
    98.91000782451387,
    98.91000782451387,
    98.91000782451387,
    98.91000782451387,
    98.91000782451387,
    98.91000782451387,
    98.91000782451387,
    98.91000782451387,
    98.91000782451387,
    98.91000782451387,
    98.91000782451387,
    98.91000782451387,
    98.91000782451387,
    98.91000782451387,
    98.91000782451387,
    98.91000782451387,
    98.91000782451387,
    98.91000782451387
  ]
}