{
  "timings": [
    1738696874.2400017,
    1738696877.4152586,
    1738696880.9799237,
    1738696884.4617455,
    1738696887.850093,
    1738696891.2794218,
    1738696894.6605546,
    1738696898.0282567,
    1738696901.4936123,
    1738696905.033921,
    1738696908.4905162,
    1738696912.0472975,
    1738696915.5445213,
    1738696919.1156101,
    1738696922.8163466,
    1738696926.7110102,
    1738696930.6105828,
    1738696934.639299,
    1738696938.8303657,
    1738696942.8433886,
    1738696947.1362393,
    1738696951.2535727,
    1738696955.3405051,
    1738696959.5397394,
    1738696963.5968132
  ],
  "val_errors": [
    15.857483178844213,
    10.217351900657691,
    8.702525479201595,
    8.282438913918357,
    8.03588599257183,
    8.072916868472166,
    8.33734389966182,
    8.267741589112083,
    8.202628249416044,
    8.033006468034646,
    8.003096800485359,
    7.774327209206631,
    7.612220819023336,
    7.359779826593505,
    7.118808728566994,
    6.850722527994871,
    6.59104692328701,
    6.6641710622756465,
    6.566728894318069,
    6.653660750258683,
    6.556086586211259,
    6.609738992360193,
    6.590264189457757,
    6.653733771240697,
    6.500413320814635
  ],
  "test_errors": [
    17.090256679424495,
    11.115449423846256,
    9.493234996688773,
    8.927531023195868,
    8.67663734217688,
    8.651992715085221,
    8.715392748208073,
    8.777007945745646,
    8.771959692615688,
    8.677071822756666,
    8.67266224170832,
    8.250640977223329,
    8.03404098455035,
    7.741767448561586,
    7.534868199406868,
    7.346738853494568,
    7.026942695167739,
    7.074108870723296,
    6.938378567543717,
    7.082840544997964,
    6.891860757894697,
    7.226454411848668,
    7.034831837575419,
    7.087380966175487,
    6.903334064806394
  ]
}