{
  "timings": [
    1738752695.299888,
    1738752696.8878174,
    1738752699.810917,
    1738752703.818547,
    1738752708.6430557,
    1738752714.4856327,
    1738752721.166486,
    1738752728.9947846,
    1738752737.5600162,
    1738752746.9645166,
    1738752757.303644,
    1738752768.1377354,
    1738752779.5691438,
    1738752792.180361,
    1738752805.2216177,
    1738752819.0048976,
    1738752833.2483487,
    1738752847.4667864,
    1738752861.8215494,
    1738752876.817993,
    1738752891.5696418,
    1738752906.443532,
    1738752922.067298,
    1738752938.1314476,
    1738752954.587738,
    1738752970.8255353,
    1738752987.6950424,
    1738753004.4711847,
    1738753020.7989702,
    1738753037.1173267,
    1738753053.593096,
    1738753070.780703,
    1738753087.6043644,
    1738753104.270741,
    1738753121.7093139,
    1738753139.6140592,
    1738753157.8886409,
    1738753176.7271323,
    1738753195.8202515,
    1738753215.949073,
    1738753236.0983648,
    1738753256.8022835,
    1738753278.2216883,
    1738753299.8811128,
    1738753321.0168755,
    1738753342.118766,
    1738753363.111215,
    1738753383.8537998,
    1738753404.9509525,
    1738753426.415036,
    1738753447.5811665,
    1738753469.180089,
    1738753489.6865947,
    1738753511.122192,
    1738753531.9664826,
    1738753552.6665895,
    1738753573.225185,
    1738753593.8978105,
    1738753614.6370275,
    1738753635.4905562,
    1738753656.3831837,
    1738753678.3916519,
    1738753701.4009323,
    1738753724.502372,
    1738753747.600058,
    1738753770.8230937,
    1738753793.9624918,
    1738753817.1417413,
    1738753840.209273,
    1738753863.4163897,
    1738753886.5686147,
    1738753909.8256233,
    1738753932.9392905,
    1738753956.0506585,
    1738753979.0834656,
    1738754002.1839287,
    1738754025.28477,
    1738754048.4545093,
    1738754071.5398939,
    1738754094.895468,
    1738754118.0499744,
    1738754141.1715963,
    1738754164.4114778,
    1738754187.4798832,
    1738754210.7248757,
    1738754233.8199446,
    1738754256.9167244,
    1738754280.0063434,
    1738754303.1080008,
    1738754326.3200722,
    1738754349.5832627,
    1738754372.9917886,
    1738754396.1845155,
    1738754419.3193674,
    1738754442.703368,
    1738754465.9022183,
    1738754489.1585805,
    1738754512.3281481,
    1738754535.454752,
    1738754558.6385677
  ],
  "val_errors": [
    117.75009099637049,
    110.97823162194997,
    107.58970167386184,
    104.2304951694412,
    101.58321956055975,
    99.97763461386128,
    99.0747966645142,
    98.05579574945716,
    97.61066393670797,
    97.23105891905531,
    96.68924683826083,
    96.24598032526092,
    96.15885130465789,
    95.66406825286333,
    95.75062825466003,
    95.05956059626308,
    95.29963534567275,
    95.47139121690957,
    95.43554861141087,
    95.37406871514366,
    95.27455624647054,
    95.4617355840538,
    95.24183527999283,
    95.20162063948506,
    95.0288193951037,
    95.09205987675696,
    94.91912536986244,
    94.95280846172162,
    95.0802859006321,
    95.170403213189,
    95.2152599992537,
    95.37070849023026,
    95.47378619001478,
    95.40161156517392,
    95.36706525385549,
    95.10730368698765,
    94.93268494631089,
    94.80705047254713,
    94.69742646372907,
    94.76510437575779,
    95.30050210493621,
    95.19418788954829,
    94.97119026262311,
    95.17008908320814,
    95.3587279607634,
    95.13932798761675,
    95.23970539249125,
    95.18768340603975,
    95.14753396650825,
    95.04662131901443,
    95.3961568568249,
    95.2918692465972,
    95.83309101436174,
    95.48705336286294,
    95.49794129950645,
    95.72645626027122,
    95.85039422793785,
    96.0255205899688,
    95.9917361370434,
    96.12882585106296,
    96.13887407023562,
    95.98767403124018,
    95.43361601730074,
    95.45046122859998,
    95.45046122859998,
    95.45046122859998,
    95.45046122859998,
    95.45046122859998,
    95.45046122859998,
    95.45046122859998,
    95.45046122859998,
    95.45046122859998,
    95.45046122859998,
    95.45046122859998,
    95.45046122859998,
    95.45046122859998,
    95.45046122859998,
    95.45046122859998,
    95.45046122859998,
    95.45046122859998,
    95.45046122859998,
    95.45046122859998,
    95.45046122859998,
    95.45046122859998,
    95.45046122859998,
    95.45046122859998,
    95.45046122859998,
    95.45046122859998,
    95.45046122859998,
    95.45046122859998,
    95.45046122859998,
    95.45046122859998,
    95.45046122859998,
    95.45046122859998,
    95.45046122859998,
    95.45046122859998,
    95.45046122859998,
    95.45046122859998,
    95.45046122859998,
    95.45046122859998
  ],
  "test_errors": [
    120.6549355349756,
    113.38305214366476,
    110.76090907107061,
    105.56625647446128,
    103.30271794916106,
    101.10644101900888,
    100.18648711073864,
    98.85368075756705,
    98.8836057917335,
    98.42621512733713,
    98.29078226301537,
    97.02374637542327,
    96.92755094400576,
    96.72752730205357,
    96.0697191504482,
    96.2541211899235,
    96.5457875574169,
    96.62574228879372,
    96.62272225274351,
    96.83614698250314,
    96.87506430397748,
    96.52421291136912,
    96.2952155016278,
    95.40028172766793,
    96.07971716540281,
    95.77992630963081,
    95.61269358761245,
    95.96342608091352,
    95.5046264980364,
    96.01630997238453,
    96.28573481569752,
    96.75702715477235,
    96.52195561763907,
    96.56038399609781,
    96.95369324448625,
    96.64043695792725,
    96.34975077585115,
    96.29614419686867,
    96.22866660045185,
    95.68118962936049,
    96.23163290214592,
    96.37253228616444,
    96.08721546323132,
    95.80805559785814,
    96.11398051975252,
    96.23370989852063,
    96.54122850581818,
    96.81901738375777,
    96.97398114613186,
    96.82809814566173,
    96.97021243879968,
    96.78532813921039,
    97.20985186155977,
    96.95181701570326,
    97.00793569346122,
    97.2348121867581,
    97.57665139100204,
    97.74822553601436,
    97.88547209826037,
    97.87075759808035,
    97.93156730205534,
    97.53664800342337,
    97.36890656016472,
    97.31085582681932,
    97.31085582681932,
    97.31085582681932,
    97.31085582681932,
    97.31085582681932,
    97.31085582681932,
    97.31085582681932,
    97.31085582681932,
    97.31085582681932,
    97.31085582681932,
    97.31085582681932,
    97.31085582681932,
    97.31085582681932,
    97.31085582681932,
    97.31085582681932,
    97.31085582681932,
    97.31085582681932,
    97.31085582681932,
    97.31085582681932,
    97.31085582681932,
    97.31085582681932,
    97.31085582681932,
    97.31085582681932,
    97.31085582681932,
    97.31085582681932,
    97.31085582681932,
    97.31085582681932,
    97.31085582681932,
    97.31085582681932,
    97.31085582681932,
    97.31085582681932,
    97.31085582681932,
    97.31085582681932,
    97.31085582681932,
    97.31085582681932,
    97.31085582681932,
    97.31085582681932
  ]
}