{
  "timings": [
    1738884753.4413638,
    1738884755.0954616,
    1738884759.7429879,
    1738884766.2659454,
    1738884774.3787484,
    1738884783.9659557,
    1738884794.7804866,
    1738884807.628294,
    1738884821.8728135,
    1738884837.2363653,
    1738884852.8754265,
    1738884869.6380312,
    1738884886.0727737,
    1738884903.1788309,
    1738884920.7376192,
    1738884939.5611002,
    1738884958.195135,
    1738884977.382547,
    1738884996.8004444,
    1738885016.1324155,
    1738885035.5705347,
    1738885054.713959,
    1738885073.7276695,
    1738885092.8681788,
    1738885111.834993,
    1738885130.881107,
    1738885149.9603329,
    1738885169.2496336,
    1738885188.2433605,
    1738885207.4084406,
    1738885226.485114,
    1738885245.720838,
    1738885264.954786,
    1738885284.1095924,
    1738885303.2884295,
    1738885322.2902017,
    1738885341.397195,
    1738885360.4028516,
    1738885379.7253513,
    1738885398.8837438,
    1738885417.9692738,
    1738885437.0739036,
    1738885456.1559417,
    1738885475.3753304,
    1738885494.5372722,
    1738885513.7174444,
    1738885532.8745546,
    1738885551.818382,
    1738885570.9119108,
    1738885589.951117,
    1738885609.0188105,
    1738885628.1490946,
    1738885647.2891839,
    1738885666.5474029,
    1738885685.7413728,
    1738885704.855609,
    1738885723.9508078,
    1738885743.047418,
    1738885762.3096054,
    1738885781.4447818,
    1738885800.6479633,
    1738885819.7348382,
    1738885838.9907954,
    1738885858.0495486,
    1738885877.20512,
    1738885896.4241607,
    1738885915.521234,
    1738885934.635604,
    1738885953.675767,
    1738885972.8340778,
    1738885991.945728,
    1738886011.1076117,
    1738886030.083587,
    1738886049.2864962,
    1738886068.3842053,
    1738886087.3656158,
    1738886106.3666582,
    1738886125.3969097,
    1738886144.676792,
    1738886163.7468774,
    1738886183.041645,
    1738886202.2037456,
    1738886221.4370592,
    1738886240.5859442,
    1738886259.7306936,
    1738886279.060596,
    1738886298.173286,
    1738886317.297143,
    1738886336.4429753,
    1738886355.666174,
    1738886374.89326,
    1738886393.9637032,
    1738886413.0220714,
    1738886432.2480702,
    1738886451.5876417,
    1738886470.6822872,
    1738886489.7793202,
    1738886508.816825,
    1738886528.1067498,
    1738886547.2645624
  ],
  "val_errors": [
    117.75009099637049,
    112.33890978300407,
    108.15028109885995,
    104.40683222996857,
    100.96984433254984,
    99.26378358717413,
    98.23846548544982,
    97.62880114702449,
    97.01931571396788,
    96.57066042687799,
    97.09403290727083,
    96.31587450464693,
    97.1052824442069,
    96.66852197868583,
    96.51761706961392,
    95.70447052902853,
    95.92341856594251,
    95.37810609763386,
    95.4969193585531,
    95.75735573044282,
    95.95751224231198,
    95.98242023721694,
    95.98242023721694,
    95.98242023721694,
    95.98242023721694,
    95.98242023721694,
    95.98242023721694,
    95.98242023721694,
    95.98242023721694,
    95.98242023721694,
    95.98242023721694,
    95.98242023721694,
    95.98242023721694,
    95.98242023721694,
    95.98242023721694,
    95.98242023721694,
    95.98242023721694,
    95.98242023721694,
    95.98242023721694,
    95.98242023721694,
    95.98242023721694,
    95.98242023721694,
    95.98242023721694,
    95.98242023721694,
    95.98242023721694,
    95.98242023721694,
    95.98242023721694,
    95.98242023721694,
    95.98242023721694,
    95.98242023721694,
    95.98242023721694,
    95.98242023721694,
    95.98242023721694,
    95.98242023721694,
    95.98242023721694,
    95.98242023721694,
    95.98242023721694,
    95.98242023721694,
    95.98242023721694,
    95.98242023721694,
    95.98242023721694,
    95.98242023721694,
    95.98242023721694,
    95.98242023721694,
    95.98242023721694,
    95.98242023721694,
    95.98242023721694,
    95.98242023721694,
    95.98242023721694,
    95.98242023721694,
    95.98242023721694,
    95.98242023721694,
    95.98242023721694,
    95.98242023721694,
    95.98242023721694,
    95.98242023721694,
    95.98242023721694,
    95.98242023721694,
    95.98242023721694,
    95.98242023721694,
    95.98242023721694,
    95.98242023721694,
    95.98242023721694,
    95.98242023721694,
    95.98242023721694,
    95.98242023721694,
    95.98242023721694,
    95.98242023721694,
    95.98242023721694,
    95.98242023721694,
    95.98242023721694,
    95.98242023721694,
    95.98242023721694,
    95.98242023721694,
    95.98242023721694,
    95.98242023721694,
    95.98242023721694,
    95.98242023721694,
    95.98242023721694,
    95.98242023721694
  ],
  "test_errors": [
    120.6549355349756,
    113.98435877137007,
    109.81942969959053,
    105.8368467237157,
    103.26900865188195,
    101.83999811451238,
    100.74300692576047,
    99.99946749661433,
    99.6397039866488,
    98.71636673734253,
    99.1595004147053,
    98.63725210356272,
    99.50424811712031,
    98.48586730699559,
    98.34382751437398,
    97.92597675842953,
    98.76858129794574,
    97.77519656596036,
    97.88582696095447,
    98.25582465479692,
    98.32670376802487,
    98.15799700269217,
    98.15799700269217,
    98.15799700269217,
    98.15799700269217,
    98.15799700269217,
    98.15799700269217,
    98.15799700269217,
    98.15799700269217,
    98.15799700269217,
    98.15799700269217,
    98.15799700269217,
    98.15799700269217,
    98.15799700269217,
    98.15799700269217,
    98.15799700269217,
    98.15799700269217,
    98.15799700269217,
    98.15799700269217,
    98.15799700269217,
    98.15799700269217,
    98.15799700269217,
    98.15799700269217,
    98.15799700269217,
    98.15799700269217,
    98.15799700269217,
    98.15799700269217,
    98.15799700269217,
    98.15799700269217,
    98.15799700269217,
    98.15799700269217,
    98.15799700269217,
    98.15799700269217,
    98.15799700269217,
    98.15799700269217,
    98.15799700269217,
    98.15799700269217,
    98.15799700269217,
    98.15799700269217,
    98.15799700269217,
    98.15799700269217,
    98.15799700269217,
    98.15799700269217,
    98.15799700269217,
    98.15799700269217,
    98.15799700269217,
    98.15799700269217,
    98.15799700269217,
    98.15799700269217,
    98.15799700269217,
    98.15799700269217,
    98.15799700269217,
    98.15799700269217,
    98.15799700269217,
    98.15799700269217,
    98.15799700269217,
    98.15799700269217,
    98.15799700269217,
    98.15799700269217,
    98.15799700269217,
    98.15799700269217,
    98.15799700269217,
    98.15799700269217,
    98.15799700269217,
    98.15799700269217,
    98.15799700269217,
    98.15799700269217,
    98.15799700269217,
    98.15799700269217,
    98.15799700269217,
    98.15799700269217,
    98.15799700269217,
    98.15799700269217,
    98.15799700269217,
    98.15799700269217,
    98.15799700269217,
    98.15799700269217,
    98.15799700269217,
    98.15799700269217,
    98.15799700269217
  ]
}