{
  "timings": [
    1738747134.6454287,
    1738747136.2578745,
    1738747139.5199091,
    1738747143.9763267,
    1738747149.7309778,
    1738747155.9906468,
    1738747163.3201957,
    1738747170.9765494,
    1738747179.3535,
    1738747188.6388452,
    1738747198.2547107,
    1738747208.5565753,
    1738747219.3861454,
    1738747230.604042,
    1738747242.220342,
    1738747254.2970796,
    1738747266.5249982,
    1738747279.5072703,
    1738747292.4511251,
    1738747305.5250802,
    1738747318.2478347,
    1738747331.1263235,
    1738747344.2064512,
    1738747357.2451386,
    1738747370.7342172,
    1738747384.4696114,
    1738747398.137241,
    1738747412.034818,
    1738747426.5152857,
    1738747440.7754874,
    1738747455.3846047,
    1738747470.3039088,
    1738747485.4600494,
    1738747500.8213866,
    1738747518.2959216,
    1738747536.0060802,
    1738747555.1307094,
    1738747574.3804157,
    1738747593.3031,
    1738747612.66033,
    1738747633.0052872,
    1738747652.988254,
    1738747673.4718094,
    1738747694.0467806,
    1738747714.11864,
    1738747734.0565982,
    1738747753.9105937,
    1738747773.7807872,
    1738747793.780582,
    1738747813.5879803,
    1738747833.5704153,
    1738747853.5618463,
    1738747873.5526645,
    1738747893.3205383,
    1738747913.1260474,
    1738747933.0027015,
    1738747952.950654,
    1738747972.8242006,
    1738747992.698587,
    1738748012.5705652,
    1738748032.5299587,
    1738748052.4814441,
    1738748072.379643,
    1738748092.3488874,
    1738748112.1933804,
    1738748132.0154066,
    1738748151.9124672,
    1738748171.6265507,
    1738748191.5926669,
    1738748211.545171,
    1738748231.5458024,
    1738748251.4573088,
    1738748271.313527,
    1738748291.208665,
    1738748311.1712945,
    1738748330.9695485,
    1738748350.8692212,
    1738748370.818511,
    1738748390.6940277,
    1738748410.6324744,
    1738748430.4086459,
    1738748450.2911155,
    1738748470.093103,
    1738748490.030325,
    1738748510.0543647,
    1738748529.9177356,
    1738748549.9070039,
    1738748569.9599996,
    1738748589.804492,
    1738748609.6793323,
    1738748629.5840003,
    1738748649.5384765,
    1738748669.292664,
    1738748689.1981723,
    1738748709.0546122,
    1738748729.0743124,
    1738748749.0712123,
    1738748769.0503905,
    1738748789.2027192,
    1738748809.1959395
  ],
  "val_errors": [
    116.54231777627477,
    111.37465165350204,
    105.91052497763708,
    102.02339873089635,
    100.29624424277262,
    98.62775028502469,
    97.31769502131843,
    96.723114729451,
    96.03622754295887,
    95.23495436897866,
    94.63652625076033,
    94.36523751805761,
    93.94298371763782,
    94.08651898301163,
    94.2726658930528,
    93.85703141363969,
    93.56638984623017,
    93.90507824643154,
    93.9955910636334,
    93.8333214889351,
    94.03310873914862,
    93.90463515415655,
    93.61624741621982,
    93.73736133620953,
    93.62443594329761,
    93.94769536255825,
    93.61881121575445,
    93.8354482979301,
    93.66395070943541,
    93.78852901764742,
    93.45158094332824,
    93.86077687582977,
    93.90727411947663,
    93.45048946288499,
    92.55008254539241,
    92.5783893676829,
    92.83875074450687,
    92.7941641372245,
    92.6116311159711,
    92.43719153507514,
    92.37981147238553,
    92.50291779479566,
    92.05095384696955,
    92.11032752277646,
    92.94531511224031,
    93.18956177963716,
    93.05975550457158,
    93.17660119220113,
    93.17660119220113,
    93.17660119220113,
    93.17660119220113,
    93.17660119220113,
    93.17660119220113,
    93.17660119220113,
    93.17660119220113,
    93.17660119220113,
    93.17660119220113,
    93.17660119220113,
    93.17660119220113,
    93.17660119220113,
    93.17660119220113,
    93.17660119220113,
    93.17660119220113,
    93.17660119220113,
    93.17660119220113,
    93.17660119220113,
    93.17660119220113,
    93.17660119220113,
    93.17660119220113,
    93.17660119220113,
    93.17660119220113,
    93.17660119220113,
    93.17660119220113,
    93.17660119220113,
    93.17660119220113,
    93.17660119220113,
    93.17660119220113,
    93.17660119220113,
    93.17660119220113,
    93.17660119220113,
    93.17660119220113,
    93.17660119220113,
    93.17660119220113,
    93.17660119220113,
    93.17660119220113,
    93.17660119220113,
    93.17660119220113,
    93.17660119220113,
    93.17660119220113,
    93.17660119220113,
    93.17660119220113,
    93.17660119220113,
    93.17660119220113,
    93.17660119220113,
    93.17660119220113,
    93.17660119220113,
    93.17660119220113,
    93.17660119220113,
    93.17660119220113,
    93.17660119220113
  ],
  "test_errors": [
    122.77049894229707,
    116.41824083850562,
    110.36993637964261,
    106.18191048030964,
    105.1865804604236,
    103.50007100119191,
    102.27643401055411,
    101.04688144818161,
    100.04213400501456,
    98.5901296824299,
    96.97994157544285,
    96.76167932150395,
    96.86612706974164,
    96.57933706261855,
    96.71192077888912,
    96.92124791228004,
    96.52130121429263,
    97.5131332549289,
    97.39810729064514,
    97.4917427444907,
    97.60706704213447,
    97.66481996064256,
    97.90033118578144,
    98.15368587274479,
    97.72607127845521,
    98.19563535095223,
    98.03072077418021,
    98.28996528541558,
    99.40945603828555,
    98.29764930933516,
    98.20427560690803,
    99.37976237766932,
    99.45659801750757,
    97.67453032312031,
    96.72007638757015,
    98.01017569888576,
    96.37919577759848,
    96.943805837125,
    96.86741942633972,
    96.27894382683297,
    95.64131915028238,
    95.10782367305629,
    94.92288608245934,
    95.44376407163568,
    96.10102675102668,
    95.82423561357108,
    95.86940968595466,
    96.02110351635281,
    96.02110351635281,
    96.02110351635281,
    96.02110351635281,
    96.02110351635281,
    96.02110351635281,
    96.02110351635281,
    96.02110351635281,
    96.02110351635281,
    96.02110351635281,
    96.02110351635281,
    96.02110351635281,
    96.02110351635281,
    96.02110351635281,
    96.02110351635281,
    96.02110351635281,
    96.02110351635281,
    96.02110351635281,
    96.02110351635281,
    96.02110351635281,
    96.02110351635281,
    96.02110351635281,
    96.02110351635281,
    96.02110351635281,
    96.02110351635281,
    96.02110351635281,
    96.02110351635281,
    96.02110351635281,
    96.02110351635281,
    96.02110351635281,
    96.02110351635281,
    96.02110351635281,
    96.02110351635281,
    96.02110351635281,
    96.02110351635281,
    96.02110351635281,
    96.02110351635281,
    96.02110351635281,
    96.02110351635281,
    96.02110351635281,
    96.02110351635281,
    96.02110351635281,
    96.02110351635281,
    96.02110351635281,
    96.02110351635281,
    96.02110351635281,
    96.02110351635281,
    96.02110351635281,
    96.02110351635281,
    96.02110351635281,
    96.02110351635281,
    96.02110351635281,
    96.02110351635281
  ]
}