{
  "timings": [
    1738888821.6291463,
    1738888823.3649259,
    1738888828.2658896,
    1738888835.2642345,
    1738888843.8240712,
    1738888854.410199,
    1738888865.9671302,
    1738888883.1677372,
    1738888899.5855734,
    1738888914.8732126,
    1738888930.6263554,
    1738888948.5398536,
    1738888965.9248273,
    1738888983.7401013,
    1738889000.7287545,
    1738889020.1393259,
    1738889041.1001563,
    1738889060.8172538,
    1738889080.6112437,
    1738889100.8231752,
    1738889121.4750354,
    1738889142.51044,
    1738889162.4830577,
    1738889182.5703394,
    1738889203.2159019,
    1738889223.8142562,
    1738889243.8609574,
    1738889264.351929,
    1738889284.5243294,
    1738889304.1449733,
    1738889324.4812143,
    1738889345.3866878,
    1738889365.6068556,
    1738889386.1808333,
    1738889406.959185,
    1738889427.6803226,
    1738889448.1989603,
    1738889468.168087,
    1738889488.043453,
    1738889508.4107993,
    1738889528.2540636,
    1738889548.2321792,
    1738889568.013885,
    1738889587.8695931,
    1738889607.4913743,
    1738889627.479833,
    1738889647.5719497,
    1738889667.6241715,
    1738889687.7044523,
    1738889707.8831148,
    1738889728.1441896,
    1738889748.699004,
    1738889769.1285305,
    1738889788.7602618,
    1738889808.1221786,
    1738889827.3364334,
    1738889847.1822915,
    1738889866.9223385,
    1738889886.3428192,
    1738889905.7336721,
    1738889925.2162843,
    1738889944.2369142,
    1738889963.4013622,
    1738889982.7110898,
    1738890001.9852214,
    1738890021.0944717,
    1738890040.2214055,
    1738890059.3075764,
    1738890078.93278,
    1738890098.694919,
    1738890117.8776453,
    1738890136.8518019,
    1738890155.974133,
    1738890175.0804985,
    1738890194.6517987,
    1738890215.8159804,
    1738890235.8003547,
    1738890255.9704192,
    1738890274.7648225,
    1738890293.5128815,
    1738890312.9183002,
    1738890332.555273,
    1738890351.5108654,
    1738890370.9370742,
    1738890390.5769196,
    1738890410.8469412,
    1738890430.1806881,
    1738890449.8558087,
    1738890469.7459466,
    1738890490.0629842,
    1738890509.437756,
    1738890529.1250482,
    1738890548.854659,
    1738890567.9998217,
    1738890587.8631756,
    1738890606.6097684,
    1738890625.893246,
    1738890644.5540695,
    1738890663.5497248,
    1738890682.1077137
  ],
  "val_errors": [
    115.95507958551691,
    110.56980713528911,
    109.11561793291735,
    108.30716604253095,
    107.61885004186172,
    107.10020784957675,
    107.3162029545768,
    107.26496956464565,
    107.13272377081003,
    107.28641916178525,
    107.21052908547185,
    107.03843147491894,
    107.13367696428182,
    106.95736319236448,
    107.02074971979019,
    106.76202817374846,
    106.72096224241086,
    106.75808713377276,
    106.76495413122872,
    106.76495413122872,
    106.76495413122872,
    106.76495413122872,
    106.76495413122872,
    106.76495413122872,
    106.76495413122872,
    106.76495413122872,
    106.76495413122872,
    106.76495413122872,
    106.76495413122872,
    106.76495413122872,
    106.76495413122872,
    106.76495413122872,
    106.76495413122872,
    106.76495413122872,
    106.76495413122872,
    106.76495413122872,
    106.76495413122872,
    106.76495413122872,
    106.76495413122872,
    106.76495413122872,
    106.76495413122872,
    106.76495413122872,
    106.76495413122872,
    106.76495413122872,
    106.76495413122872,
    106.76495413122872,
    106.76495413122872,
    106.76495413122872,
    106.76495413122872,
    106.76495413122872,
    106.76495413122872,
    106.76495413122872,
    106.76495413122872,
    106.76495413122872,
    106.76495413122872,
    106.76495413122872,
    106.76495413122872,
    106.76495413122872,
    106.76495413122872,
    106.76495413122872,
    106.76495413122872,
    106.76495413122872,
    106.76495413122872,
    106.76495413122872,
    106.76495413122872,
    106.76495413122872,
    106.76495413122872,
    106.76495413122872,
    106.76495413122872,
    106.76495413122872,
    106.76495413122872,
    106.76495413122872,
    106.76495413122872,
    106.76495413122872,
    106.76495413122872,
    106.76495413122872,
    106.76495413122872,
    106.76495413122872,
    106.76495413122872,
    106.76495413122872,
    106.76495413122872,
    106.76495413122872,
    106.76495413122872,
    106.76495413122872,
    106.76495413122872,
    106.76495413122872,
    106.76495413122872,
    106.76495413122872,
    106.76495413122872,
    106.76495413122872,
    106.76495413122872,
    106.76495413122872,
    106.76495413122872,
    106.76495413122872,
    106.76495413122872,
    106.76495413122872,
    106.76495413122872,
    106.76495413122872,
    106.76495413122872,
    106.76495413122872
  ],
  "test_errors": [
    117.36258639881045,
    112.23193269586463,
    110.75362484861955,
    110.10733496393024,
    109.62824363329005,
    109.30627513949985,
    109.47264620279508,
    109.25977972189887,
    109.09549768536792,
    109.10921728209385,
    109.21299955120867,
    108.73374005438805,
    108.73147710627195,
    108.7265039823756,
    108.67657310566514,
    108.52059262619997,
    108.51216812355932,
    108.68461037021132,
    108.64464998424116,
    108.64464998424116,
    108.64464998424116,
    108.64464998424116,
    108.64464998424116,
    108.64464998424116,
    108.64464998424116,
    108.64464998424116,
    108.64464998424116,
    108.64464998424116,
    108.64464998424116,
    108.64464998424116,
    108.64464998424116,
    108.64464998424116,
    108.64464998424116,
    108.64464998424116,
    108.64464998424116,
    108.64464998424116,
    108.64464998424116,
    108.64464998424116,
    108.64464998424116,
    108.64464998424116,
    108.64464998424116,
    108.64464998424116,
    108.64464998424116,
    108.64464998424116,
    108.64464998424116,
    108.64464998424116,
    108.64464998424116,
    108.64464998424116,
    108.64464998424116,
    108.64464998424116,
    108.64464998424116,
    108.64464998424116,
    108.64464998424116,
    108.64464998424116,
    108.64464998424116,
    108.64464998424116,
    108.64464998424116,
    108.64464998424116,
    108.64464998424116,
    108.64464998424116,
    108.64464998424116,
    108.64464998424116,
    108.64464998424116,
    108.64464998424116,
    108.64464998424116,
    108.64464998424116,
    108.64464998424116,
    108.64464998424116,
    108.64464998424116,
    108.64464998424116,
    108.64464998424116,
    108.64464998424116,
    108.64464998424116,
    108.64464998424116,
    108.64464998424116,
    108.64464998424116,
    108.64464998424116,
    108.64464998424116,
    108.64464998424116,
    108.64464998424116,
    108.64464998424116,
    108.64464998424116,
    108.64464998424116,
    108.64464998424116,
    108.64464998424116,
    108.64464998424116,
    108.64464998424116,
    108.64464998424116,
    108.64464998424116,
    108.64464998424116,
    108.64464998424116,
    108.64464998424116,
    108.64464998424116,
    108.64464998424116,
    108.64464998424116,
    108.64464998424116,
    108.64464998424116,
    108.64464998424116,
    108.64464998424116,
    108.64464998424116
  ]
}
