{
  "timings": [
    1738879463.9189281,
    1738879465.7926323,
    1738879470.4212365,
    1738879476.582224,
    1738879483.786023,
    1738879492.3365993,
    1738879502.0249736,
    1738879512.9170773,
    1738879523.7669227,
    1738879535.196052,
    1738879547.1105337,
    1738879559.3913229,
    1738879572.146207,
    1738879585.0505388,
    1738879598.778384,
    1738879612.8960602,
    1738879627.074212,
    1738879641.1113312,
    1738879655.2583218,
    1738879669.397778,
    1738879683.5660863,
    1738879697.805458,
    1738879711.9102015,
    1738879725.9279287,
    1738879740.03315,
    1738879754.29053,
    1738879768.4974623,
    1738879782.495239,
    1738879796.5686333,
    1738879810.6036265,
    1738879824.8294306,
    1738879838.9809544,
    1738879853.2170653,
    1738879867.2444336,
    1738879881.4421685,
    1738879895.7987187,
    1738879910.0515158,
    1738879924.2488549,
    1738879938.49765,
    1738879952.8375227,
    1738879966.9884675,
    1738879981.154496,
    1738879995.3000965,
    1738880009.4796283,
    1738880023.567869,
    1738880037.7255454,
    1738880051.916282,
    1738880066.0173428,
    1738880080.4604146,
    1738880094.6745942,
    1738880108.794631,
    1738880122.9708364,
    1738880137.0216968,
    1738880151.2627769,
    1738880165.414433,
    1738880179.5521848,
    1738880193.74706,
    1738880207.9332402,
    1738880222.0290039,
    1738880236.0405648,
    1738880250.127133,
    1738880264.2833245,
    1738880278.5326083,
    1738880292.7438004,
    1738880306.7681904,
    1738880321.0185392,
    1738880335.1384187,
    1738880349.43272,
    1738880363.5704489,
    1738880377.7731943,
    1738880391.846929,
    1738880406.0987246,
    1738880420.2629118,
    1738880434.498134,
    1738880448.5898924,
    1738880463.0329766,
    1738880478.2504706,
    1738880492.5546217,
    1738880506.578097,
    1738880520.6910574,
    1738880534.7030857,
    1738880548.9259748,
    1738880563.0462866,
    1738880577.2014685,
    1738880591.289557,
    1738880605.5369577,
    1738880619.6143699,
    1738880633.8696952,
    1738880647.961877,
    1738880662.1481254,
    1738880676.4436674,
    1738880690.6312392,
    1738880704.7333567,
    1738880718.9281533,
    1738880733.0029972,
    1738880747.2961352,
    1738880761.440795,
    1738880775.5900846,
    1738880789.6874552,
    1738880803.981477
  ],
  "val_errors": [
    116.54231777627477,
    107.78937316105103,
    102.70824477603064,
    100.46238731971039,
    98.50335144673272,
    96.33783007018866,
    95.22434889301701,
    95.45102971457837,
    95.8168859012175,
    95.69483631310047,
    95.10174740423582,
    95.51894535608868,
    96.02271913787077,
    96.11049893328835,
    95.61189550638903,
    95.81296307846146,
    96.27294369183298,
    96.27514521824982,
    96.30158869748195,
    96.30158869748195,
    96.30158869748195,
    96.30158869748195,
    96.30158869748195,
    96.30158869748195,
    96.30158869748195,
    96.30158869748195,
    96.30158869748195,
    96.30158869748195,
    96.30158869748195,
    96.30158869748195,
    96.30158869748195,
    96.30158869748195,
    96.30158869748195,
    96.30158869748195,
    96.30158869748195,
    96.30158869748195,
    96.30158869748195,
    96.30158869748195,
    96.30158869748195,
    96.30158869748195,
    96.30158869748195,
    96.30158869748195,
    96.30158869748195,
    96.30158869748195,
    96.30158869748195,
    96.30158869748195,
    96.30158869748195,
    96.30158869748195,
    96.30158869748195,
    96.30158869748195,
    96.30158869748195,
    96.30158869748195,
    96.30158869748195,
    96.30158869748195,
    96.30158869748195,
    96.30158869748195,
    96.30158869748195,
    96.30158869748195,
    96.30158869748195,
    96.30158869748195,
    96.30158869748195,
    96.30158869748195,
    96.30158869748195,
    96.30158869748195,
    96.30158869748195,
    96.30158869748195,
    96.30158869748195,
    96.30158869748195,
    96.30158869748195,
    96.30158869748195,
    96.30158869748195,
    96.30158869748195,
    96.30158869748195,
    96.30158869748195,
    96.30158869748195,
    96.30158869748195,
    96.30158869748195,
    96.30158869748195,
    96.30158869748195,
    96.30158869748195,
    96.30158869748195,
    96.30158869748195,
    96.30158869748195,
    96.30158869748195,
    96.30158869748195,
    96.30158869748195,
    96.30158869748195,
    96.30158869748195,
    96.30158869748195,
    96.30158869748195,
    96.30158869748195,
    96.30158869748195,
    96.30158869748195,
    96.30158869748195,
    96.30158869748195,
    96.30158869748195,
    96.30158869748195,
    96.30158869748195,
    96.30158869748195,
    96.30158869748195
  ],
  "test_errors": [
    122.77049894229707,
    113.21941340068615,
    106.2581365939414,
    103.12879872748172,
    100.77007383714987,
    99.10450750355508,
    99.12668810223781,
    99.46429402040947,
    99.56853763868503,
    99.34364638174344,
    99.33173567083429,
    99.17760771634505,
    100.61200534276045,
    99.84830368092125,
    99.58819618851727,
    100.85186363894094,
    100.92746768059675,
    99.91100771097815,
    99.98920991471932,
    99.98920991471932,
    99.98920991471932,
    99.98920991471932,
    99.98920991471932,
    99.98920991471932,
    99.98920991471932,
    99.98920991471932,
    99.98920991471932,
    99.98920991471932,
    99.98920991471932,
    99.98920991471932,
    99.98920991471932,
    99.98920991471932,
    99.98920991471932,
    99.98920991471932,
    99.98920991471932,
    99.98920991471932,
    99.98920991471932,
    99.98920991471932,
    99.98920991471932,
    99.98920991471932,
    99.98920991471932,
    99.98920991471932,
    99.98920991471932,
    99.98920991471932,
    99.98920991471932,
    99.98920991471932,
    99.98920991471932,
    99.98920991471932,
    99.98920991471932,
    99.98920991471932,
    99.98920991471932,
    99.98920991471932,
    99.98920991471932,
    99.98920991471932,
    99.98920991471932,
    99.98920991471932,
    99.98920991471932,
    99.98920991471932,
    99.98920991471932,
    99.98920991471932,
    99.98920991471932,
    99.98920991471932,
    99.98920991471932,
    99.98920991471932,
    99.98920991471932,
    99.98920991471932,
    99.98920991471932,
    99.98920991471932,
    99.98920991471932,
    99.98920991471932,
    99.98920991471932,
    99.98920991471932,
    99.98920991471932,
    99.98920991471932,
    99.98920991471932,
    99.98920991471932,
    99.98920991471932,
    99.98920991471932,
    99.98920991471932,
    99.98920991471932,
    99.98920991471932,
    99.98920991471932,
    99.98920991471932,
    99.98920991471932,
    99.98920991471932,
    99.98920991471932,
    99.98920991471932,
    99.98920991471932,
    99.98920991471932,
    99.98920991471932,
    99.98920991471932,
    99.98920991471932,
    99.98920991471932,
    99.98920991471932,
    99.98920991471932,
    99.98920991471932,
    99.98920991471932,
    99.98920991471932,
    99.98920991471932,
    99.98920991471932
  ]
}