{
  "timings": [
    1738697418.4552686,
    1738697421.6188865,
    1738697426.5539143,
    1738697432.5758371,
    1738697438.6865792,
    1738697445.9140573,
    1738697454.3891325,
    1738697465.287097,
    1738697477.0234423,
    1738697489.550505,
    1738697502.9057837,
    1738697516.9206288,
    1738697533.369125,
    1738697549.205714,
    1738697566.120285,
    1738697584.0187442,
    1738697603.3996606,
    1738697623.9775434,
    1738697643.643422,
    1738697665.0276377,
    1738697687.7031386,
    1738697711.2531214,
    1738697736.0466232,
    1738697761.7465038,
    1738697787.5596218
  ],
  "val_errors": [
    15.81807037165038,
    12.795996987262411,
    10.448528605910248,
    9.326664420381352,
    8.777445707667036,
    8.517196888448611,
    8.659597392764276,
    8.490348878795292,
    8.465410353131226,
    8.25298696799763,
    8.430239813333166,
    8.196845273743428,
    8.168369960710415,
    8.027550382995038,
    8.054787222364185,
    8.361781357876104,
    8.34827881154216,
    8.221293604718415,
    8.184207768550348,
    8.156435032993455,
    8.223838143253019,
    8.021089237872994,
    8.03216293066658,
    8.109705949462734,
    8.152571076423909
  ],
  "test_errors": [
    16.390841210569448,
    13.223530489445054,
    10.547180540608386,
    9.101412023499638,
    8.666533258398562,
    8.36274140241783,
    8.620713608570812,
    8.050760467793896,
    8.278297188030894,
    7.837739232206604,
    7.996261725658188,
    7.864669037054808,
    7.638983281045516,
    7.531982758762599,
    7.647116528589671,
    8.006010496490724,
    7.810946242026413,
    7.682456828810368,
    7.681100436859458,
    7.597785736528854,
    7.747434085311507,
    7.605478111254293,
    7.596583339331869,
    7.698716251044541,
    7.874803368335259
  ]
}