{
  "timings": [
    1738756219.9630303,
    1738756221.6248553,
    1738756224.5222178,
    1738756228.920394,
    1738756234.9521644,
    1738756242.7310095,
    1738756251.2927105,
    1738756261.3020508,
    1738756272.0220077,
    1738756283.213995,
    1738756295.9799263,
    1738756308.6013918,
    1738756322.062735,
    1738756336.0519023,
    1738756350.4585452,
    1738756364.8394096,
    1738756379.8805382,
    1738756395.683645,
    1738756410.9412143,
    1738756428.1107209,
    1738756446.0284495,
    1738756464.7285984,
    1738756484.0842786,
    1738756505.3589075,
    1738756526.1313303,
    1738756546.993711,
    1738756569.0074048,
    1738756592.2356563,
    1738756614.5314329,
    1738756635.7891822,
    1738756657.0149183,
    1738756678.1819694,
    1738756699.330747,
    1738756720.4400358,
    1738756741.473235,
    1738756762.6758766,
    1738756783.8468,
    1738756804.9664474,
    1738756826.1996815,
    1738756847.4027865,
    1738756868.6038973,
    1738756889.6400251,
    1738756910.6599367,
    1738756931.7463534,
    1738756952.9425683,
    1738756974.0221155,
    1738756995.163218,
    1738757016.4240346,
    1738757037.5372286,
    1738757058.6844814,
    1738757079.803851,
    1738757100.8856983,
    1738757121.9987297,
    1738757143.1783822,
    1738757164.34927,
    1738757185.4293244,
    1738757206.652485,
    1738757227.8145533,
    1738757249.0192878,
    1738757270.2136269,
    1738757291.4195805,
    1738757312.607041,
    1738757333.6763427,
    1738757354.910508,
    1738757376.0170221,
    1738757397.0836203,
    1738757418.2618911,
    1738757439.405371,
    1738757460.4626217,
    1738757481.5411217,
    1738757502.7287488,
    1738757523.9602575,
    1738757545.0907733,
    1738757566.3219259,
    1738757587.2912126,
    1738757608.279703,
    1738757629.3375208,
    1738757650.328981,
    1738757671.6046743,
    1738757692.6600106,
    1738757713.751161,
    1738757734.8952315,
    1738757756.1164374,
    1738757777.2930999,
    1738757798.4027643,
    1738757819.4855528,
    1738757840.508733,
    1738757861.6694207,
    1738757882.7141263,
    1738757903.8242104,
    1738757924.953216,
    1738757946.0281637,
    1738757967.3002334,
    1738757988.5068743,
    1738758009.632614,
    1738758030.7657962,
    1738758052.0029216,
    1738758073.2914171,
    1738758094.439374,
    1738758115.5252476
  ],
  "val_errors": [
    115.95507958551691,
    109.03914631032725,
    106.43533676393463,
    104.23797829619397,
    103.40541300412701,
    102.29192728273577,
    101.87569581223491,
    101.46629610549259,
    101.41579763018348,
    101.40959224784702,
    101.39786211656823,
    101.17291768790014,
    101.21597704343225,
    101.02468087060323,
    101.00727044588325,
    101.0231904305036,
    100.65295914012052,
    100.71325097741118,
    100.94649457495521,
    100.4818563940382,
    100.24126518915023,
    100.3091632829598,
    100.74885036233037,
    100.31276960052456,
    100.1771090184908,
    100.37816581965612,
    100.6549828374858,
    100.78531018283998,
    100.80384617901464,
    100.815098565191,
    100.815098565191,
    100.815098565191,
    100.815098565191,
    100.815098565191,
    100.815098565191,
    100.815098565191,
    100.815098565191,
    100.815098565191,
    100.815098565191,
    100.815098565191,
    100.815098565191,
    100.815098565191,
    100.815098565191,
    100.815098565191,
    100.815098565191,
    100.815098565191,
    100.815098565191,
    100.815098565191,
    100.815098565191,
    100.815098565191,
    100.815098565191,
    100.815098565191,
    100.815098565191,
    100.815098565191,
    100.815098565191,
    100.815098565191,
    100.815098565191,
    100.815098565191,
    100.815098565191,
    100.815098565191,
    100.815098565191,
    100.815098565191,
    100.815098565191,
    100.815098565191,
    100.815098565191,
    100.815098565191,
    100.815098565191,
    100.815098565191,
    100.815098565191,
    100.815098565191,
    100.815098565191,
    100.815098565191,
    100.815098565191,
    100.815098565191,
    100.815098565191,
    100.815098565191,
    100.815098565191,
    100.815098565191,
    100.815098565191,
    100.815098565191,
    100.815098565191,
    100.815098565191,
    100.815098565191,
    100.815098565191,
    100.815098565191,
    100.815098565191,
    100.815098565191,
    100.815098565191,
    100.815098565191,
    100.815098565191,
    100.815098565191,
    100.815098565191,
    100.815098565191,
    100.815098565191,
    100.815098565191,
    100.815098565191,
    100.815098565191,
    100.815098565191,
    100.815098565191,
    100.815098565191
  ],
  "test_errors": [
    117.36258639881045,
    110.12440623506546,
    107.09875854162179,
    105.58513898240797,
    104.6912334243842,
    103.36224531415442,
    102.93588634706782,
    103.04982999306645,
    102.98952829081666,
    103.10544676751302,
    103.1662071312266,
    102.6493767924659,
    102.8121739975883,
    102.75650255655759,
    102.69133000911026,
    102.87706896613373,
    102.38575538203666,
    102.12892103558035,
    102.2735419555267,
    101.95873653696204,
    101.90267471146976,
    101.27970750508359,
    102.36242026004179,
    101.12153172203811,
    101.20468273182264,
    101.19424825838922,
    101.62290086679688,
    101.64488119546603,
    101.11779998515347,
    101.59978812881411,
    101.59978812881411,
    101.59978812881411,
    101.59978812881411,
    101.59978812881411,
    101.59978812881411,
    101.59978812881411,
    101.59978812881411,
    101.59978812881411,
    101.59978812881411,
    101.59978812881411,
    101.59978812881411,
    101.59978812881411,
    101.59978812881411,
    101.59978812881411,
    101.59978812881411,
    101.59978812881411,
    101.59978812881411,
    101.59978812881411,
    101.59978812881411,
    101.59978812881411,
    101.59978812881411,
    101.59978812881411,
    101.59978812881411,
    101.59978812881411,
    101.59978812881411,
    101.59978812881411,
    101.59978812881411,
    101.59978812881411,
    101.59978812881411,
    101.59978812881411,
    101.59978812881411,
    101.59978812881411,
    101.59978812881411,
    101.59978812881411,
    101.59978812881411,
    101.59978812881411,
    101.59978812881411,
    101.59978812881411,
    101.59978812881411,
    101.59978812881411,
    101.59978812881411,
    101.59978812881411,
    101.59978812881411,
    101.59978812881411,
    101.59978812881411,
    101.59978812881411,
    101.59978812881411,
    101.59978812881411,
    101.59978812881411,
    101.59978812881411,
    101.59978812881411,
    101.59978812881411,
    101.59978812881411,
    101.59978812881411,
    101.59978812881411,
    101.59978812881411,
    101.59978812881411,
    101.59978812881411,
    101.59978812881411,
    101.59978812881411,
    101.59978812881411,
    101.59978812881411,
    101.59978812881411,
    101.59978812881411,
    101.59978812881411,
    101.59978812881411,
    101.59978812881411,
    101.59978812881411,
    101.59978812881411,
    101.59978812881411
  ]
}
