{
  "timings": [
    1738711049.7388022,
    1738711051.3540149,
    1738711053.927867,
    1738711057.868067,
    1738711063.1245584,
    1738711069.371423,
    1738711077.210377,
    1738711085.9047518,
    1738711095.9582736,
    1738711107.0927258,
    1738711119.0502224,
    1738711132.3597062,
    1738711145.7296166,
    1738711159.8447993,
    1738711174.0740108,
    1738711188.6856408,
    1738711203.85522,
    1738711220.246833,
    1738711236.6527257,
    1738711253.7707827,
    1738711271.1923149,
    1738711289.0255356,
    1738711306.947407,
    1738711325.166373,
    1738711343.9363656,
    1738711362.8938763,
    1738711382.913151,
    1738711402.8001864,
    1738711423.606168,
    1738711444.7472486,
    1738711465.5894392,
    1738711486.449155,
    1738711508.2611377,
    1738711531.231783,
    1738711554.5722773,
    1738711577.8120515,
    1738711601.939271,
    1738711626.125133,
    1738711651.514146,
    1738711677.3763883,
    1738711703.7288094,
    1738711729.6327007,
    1738711755.9388173,
    1738711782.3865445,
    1738711808.6346486,
    1738711835.02253,
    1738711860.2927878,
    1738711886.716783,
    1738711913.2983177,
    1738711940.3370464
  ],
  "val_errors": [
    115.95507958551691,
    109.0493483612816,
    106.33498197014433,
    103.3822157506563,
    100.40708162020844,
    99.25868905327053,
    98.02174348014337,
    96.77859046924773,
    96.21742563476383,
    96.09184701998748,
    95.9692201510642,
    95.64040612189086,
    95.52887448267435,
    95.18949649670455,
    95.38862578530164,
    95.32639471804855,
    95.388125166441,
    95.11889822920017,
    95.0501622174816,
    95.07341411964573,
    95.1182565815854,
    94.84219345048926,
    94.89268181719139,
    94.94600329297087,
    94.55343343327385,
    95.01450323219511,
    95.0883760817213,
    95.33693560645212,
    94.9158478389648,
    94.87487006611832,
    94.52009169162464,
    94.54689147016724,
    94.68389929198464,
    94.4189835321832,
    94.5972637925862,
    94.91348046419965,
    94.87372309397446,
    94.75622552230949,
    94.51018730591824,
    94.4996614961978,
    94.32708887645757,
    94.79916136516022,
    94.6182479307569,
    94.53405467622032,
    94.36286137357028,
    94.58720118613286,
    94.81197547430907,
    95.30123587839918,
    95.27377490301643,
    95.35851515663438
  ],
  "test_errors": [
    117.36258639881045,
    111.04725232502746,
    108.21726179642435,
    105.28130736258694,
    102.42789742781348,
    100.73956538697324,
    99.10293882539503,
    98.43602666795492,
    97.46828335244248,
    97.12729774041529,
    96.25372390119816,
    95.75429743031154,
    96.26726573733116,
    96.85141451127315,
    96.6180064307722,
    96.55048885245832,
    96.21820510445295,
    95.99821424724523,
    95.82007153543374,
    95.4908262252771,
    95.15600043147833,
    95.16208483033523,
    95.52399824234753,
    95.74352767886462,
    95.14441619184323,
    96.25723699154146,
    95.70829449124761,
    96.77779636700923,
    96.31733044893782,
    95.98260582917179,
    95.87364775863169,
    95.2670731414876,
    95.98938072674743,
    95.40126271583344,
    95.16428710641217,
    95.653189077357,
    96.07619738943438,
    95.9684794459819,
    95.06614990875414,
    94.95426783442768,
    94.90405644299388,
    95.43383054503965,
    95.79863080672241,
    95.943558896951,
    95.44316125878602,
    95.69812006670455,
    95.72603227666022,
    96.37211836872135,
    96.64427855656471,
    96.68470368436289
  ]
}