{
  "timings": [
    1738790674.099836,
    1738790675.7604883,
    1738790679.5202136,
    1738790684.4312701,
    1738790690.7185626,
    1738790698.1962857,
    1738790706.8024964,
    1738790715.833385,
    1738790725.4244697,
    1738790735.6680455,
    1738790746.6820529,
    1738790758.0961254,
    1738790770.4582925,
    1738790783.18519,
    1738790796.2412937,
    1738790808.8267722,
    1738790822.1389291,
    1738790837.0876982,
    1738790851.643114,
    1738790866.002371,
    1738790880.2347536,
    1738790894.5833948,
    1738790909.5536504,
    1738790924.4743252,
    1738790939.0681672,
    1738790954.0005956,
    1738790968.9503424,
    1738790983.7214193,
    1738790998.5521028,
    1738791013.4152484,
    1738791028.4001918,
    1738791043.1294773,
    1738791057.891452,
    1738791072.6461453,
    1738791087.5920916,
    1738791102.3380377,
    1738791117.1903803,
    1738791131.9469862,
    1738791146.9040663,
    1738791161.725683,
    1738791176.553074,
    1738791191.2514024,
    1738791206.1848962,
    1738791220.977066,
    1738791235.7932181,
    1738791250.5626683,
    1738791265.5349755,
    1738791280.3265026,
    1738791295.199489,
    1738791310.1149533,
    1738791324.9853506,
    1738791339.8769367,
    1738791354.8343363,
    1738791369.70185,
    1738791384.6969724,
    1738791399.550219,
    1738791414.3907819,
    1738791429.2274404,
    1738791444.2416503,
    1738791458.9468393,
    1738791473.8474028,
    1738791488.7533984,
    1738791503.6498485,
    1738791518.5405228,
    1738791533.4369705,
    1738791548.31543,
    1738791563.2666986,
    1738791578.2059703,
    1738791593.0768545,
    1738791607.9893909,
    1738791622.850108,
    1738791637.5749192,
    1738791652.4573805,
    1738791667.294671,
    1738791682.157732,
    1738791697.0587208,
    1738791711.922727,
    1738791726.7632973,
    1738791741.689401,
    1738791756.533237,
    1738791771.4491417,
    1738791786.1254797,
    1738791800.990438,
    1738791815.9052136,
    1738791830.8205512,
    1738791845.6705756,
    1738791860.534569,
    1738791875.4803905,
    1738791890.3456872,
    1738791905.0645635,
    1738791919.9599428,
    1738791934.873514,
    1738791949.7173316,
    1738791964.5268126,
    1738791979.4604943,
    1738791994.3504713,
    1738792009.2926915,
    1738792024.0884683,
    1738792039.002596,
    1738792053.7906506
  ],
  "val_errors": [
    117.3993715908616,
    110.00229779228633,
    104.59772586092876,
    101.0712933824518,
    99.18991660950358,
    98.53905078414356,
    98.52018843402604,
    99.10602068146366,
    98.54535287868335,
    98.06225996831127,
    97.6804448204463,
    98.16185213259823,
    98.0554485682077,
    97.30688998328719,
    97.6329305068505,
    97.78415264416225,
    97.64895978258697,
    97.17421604615188,
    97.23312106073243,
    97.80229961877394,
    97.50341485827472,
    97.80961585564044,
    97.56753138857238,
    97.72059631101953,
    97.85368531947228,
    97.67676962586083,
    97.67676962586083,
    97.67676962586083,
    97.67676962586083,
    97.67676962586083,
    97.67676962586083,
    97.67676962586083,
    97.67676962586083,
    97.67676962586083,
    97.67676962586083,
    97.67676962586083,
    97.67676962586083,
    97.67676962586083,
    97.67676962586083,
    97.67676962586083,
    97.67676962586083,
    97.67676962586083,
    97.67676962586083,
    97.67676962586083,
    97.67676962586083,
    97.67676962586083,
    97.67676962586083,
    97.67676962586083,
    97.67676962586083,
    97.67676962586083,
    97.67676962586083,
    97.67676962586083,
    97.67676962586083,
    97.67676962586083,
    97.67676962586083,
    97.67676962586083,
    97.67676962586083,
    97.67676962586083,
    97.67676962586083,
    97.67676962586083,
    97.67676962586083,
    97.67676962586083,
    97.67676962586083,
    97.67676962586083,
    97.67676962586083,
    97.67676962586083,
    97.67676962586083,
    97.67676962586083,
    97.67676962586083,
    97.67676962586083,
    97.67676962586083,
    97.67676962586083,
    97.67676962586083,
    97.67676962586083,
    97.67676962586083,
    97.67676962586083,
    97.67676962586083,
    97.67676962586083,
    97.67676962586083,
    97.67676962586083,
    97.67676962586083,
    97.67676962586083,
    97.67676962586083,
    97.67676962586083,
    97.67676962586083,
    97.67676962586083,
    97.67676962586083,
    97.67676962586083,
    97.67676962586083,
    97.67676962586083,
    97.67676962586083,
    97.67676962586083,
    97.67676962586083,
    97.67676962586083,
    97.67676962586083,
    97.67676962586083,
    97.67676962586083,
    97.67676962586083,
    97.67676962586083,
    97.67676962586083
  ],
  "test_errors": [
    113.06622352236232,
    106.46917567381634,
    101.12940532124158,
    97.63182687162869,
    95.32286581881968,
    94.37827230104168,
    93.96599194782007,
    94.45450162814936,
    93.70850351729877,
    92.9009427276538,
    94.10123661337106,
    95.09416309242312,
    94.65976718467404,
    93.9801374482573,
    93.78376490983986,
    94.49168059174922,
    94.09058421941454,
    94.3010360897347,
    94.03004988560856,
    94.37779447125234,
    93.9396005692239,
    94.34567824380882,
    93.63210613977989,
    93.83302732941172,
    93.88475480283128,
    93.96138801937911,
    93.96138801937911,
    93.96138801937911,
    93.96138801937911,
    93.96138801937911,
    93.96138801937911,
    93.96138801937911,
    93.96138801937911,
    93.96138801937911,
    93.96138801937911,
    93.96138801937911,
    93.96138801937911,
    93.96138801937911,
    93.96138801937911,
    93.96138801937911,
    93.96138801937911,
    93.96138801937911,
    93.96138801937911,
    93.96138801937911,
    93.96138801937911,
    93.96138801937911,
    93.96138801937911,
    93.96138801937911,
    93.96138801937911,
    93.96138801937911,
    93.96138801937911,
    93.96138801937911,
    93.96138801937911,
    93.96138801937911,
    93.96138801937911,
    93.96138801937911,
    93.96138801937911,
    93.96138801937911,
    93.96138801937911,
    93.96138801937911,
    93.96138801937911,
    93.96138801937911,
    93.96138801937911,
    93.96138801937911,
    93.96138801937911,
    93.96138801937911,
    93.96138801937911,
    93.96138801937911,
    93.96138801937911,
    93.96138801937911,
    93.96138801937911,
    93.96138801937911,
    93.96138801937911,
    93.96138801937911,
    93.96138801937911,
    93.96138801937911,
    93.96138801937911,
    93.96138801937911,
    93.96138801937911,
    93.96138801937911,
    93.96138801937911,
    93.96138801937911,
    93.96138801937911,
    93.96138801937911,
    93.96138801937911,
    93.96138801937911,
    93.96138801937911,
    93.96138801937911,
    93.96138801937911,
    93.96138801937911,
    93.96138801937911,
    93.96138801937911,
    93.96138801937911,
    93.96138801937911,
    93.96138801937911,
    93.96138801937911,
    93.96138801937911,
    93.96138801937911,
    93.96138801937911,
    93.96138801937911
  ]
}
