{
  "timings": [
    1738882643.172936,
    1738882644.9651806,
    1738882649.2911885,
    1738882655.5245233,
    1738882663.1788406,
    1738882671.6376443,
    1738882682.1113043,
    1738882693.919957,
    1738882706.997834,
    1738882720.39261,
    1738882735.159445,
    1738882751.24247,
    1738882768.1582973,
    1738882786.4323452,
    1738882805.621467,
    1738882827.0754058,
    1738882848.4701316,
    1738882870.272582,
    1738882893.077489,
    1738882915.9529495,
    1738882938.919783,
    1738882961.9046247,
    1738882984.7915978,
    1738883007.721319,
    1738883030.6085308,
    1738883053.5931263,
    1738883076.7034926,
    1738883099.7346919,
    1738883122.6734512,
    1738883145.5863242,
    1738883168.6441376,
    1738883191.673204,
    1738883214.6963766,
    1738883237.6282952,
    1738883260.6046774,
    1738883283.5433066,
    1738883306.5389025,
    1738883329.478956,
    1738883352.4096344,
    1738883375.331233,
    1738883398.2251668,
    1738883421.190035,
    1738883444.2291634,
    1738883467.1418135,
    1738883490.0790803,
    1738883513.0050468,
    1738883535.9578574,
    1738883558.9626484,
    1738883581.8847275,
    1738883604.7343152,
    1738883627.6980274,
    1738883650.6245377,
    1738883673.7662234,
    1738883696.6850066,
    1738883719.5142784,
    1738883742.558083,
    1738883765.6956367,
    1738883788.72289,
    1738883811.5406854,
    1738883834.4847083,
    1738883857.4044356,
    1738883880.3931704,
    1738883903.3936286,
    1738883926.4522865,
    1738883949.4214778,
    1738883972.4223456,
    1738883995.473637,
    1738884018.384082,
    1738884041.272088,
    1738884064.2406616,
    1738884087.1927042,
    1738884109.9968128,
    1738884132.9042811,
    1738884155.7874203,
    1738884178.6854572,
    1738884201.531515,
    1738884224.571324,
    1738884247.5644112,
    1738884270.3874547,
    1738884293.26595,
    1738884316.1817765,
    1738884339.0870264,
    1738884361.868583,
    1738884384.66735,
    1738884407.5913634,
    1738884430.5437553,
    1738884453.4717207,
    1738884476.5120177,
    1738884499.4575937,
    1738884522.420942,
    1738884545.330505,
    1738884568.3437414,
    1738884591.2797108,
    1738884614.2583103,
    1738884637.322175,
    1738884660.2730515,
    1738884683.1756122,
    1738884706.4217682,
    1738884729.2913644,
    1738884752.1653402
  ],
  "val_errors": [
    117.3993715908616,
    109.25963613296976,
    103.45845159137309,
    99.19739836029531,
    98.68096846236867,
    98.23436399052788,
    98.2330664006256,
    96.88156703509657,
    96.90969511297867,
    97.15384992787894,
    96.33082791357806,
    95.4022358637382,
    95.48525838111206,
    94.91078261627338,
    94.68997559498541,
    94.721967449543,
    94.67307030267288,
    94.60903466286916,
    94.22824576154024,
    94.36939424435921,
    94.36939424435921,
    94.36939424435921,
    94.36939424435921,
    94.36939424435921,
    94.36939424435921,
    94.36939424435921,
    94.36939424435921,
    94.36939424435921,
    94.36939424435921,
    94.36939424435921,
    94.36939424435921,
    94.36939424435921,
    94.36939424435921,
    94.36939424435921,
    94.36939424435921,
    94.36939424435921,
    94.36939424435921,
    94.36939424435921,
    94.36939424435921,
    94.36939424435921,
    94.36939424435921,
    94.36939424435921,
    94.36939424435921,
    94.36939424435921,
    94.36939424435921,
    94.36939424435921,
    94.36939424435921,
    94.36939424435921,
    94.36939424435921,
    94.36939424435921,
    94.36939424435921,
    94.36939424435921,
    94.36939424435921,
    94.36939424435921,
    94.36939424435921,
    94.36939424435921,
    94.36939424435921,
    94.36939424435921,
    94.36939424435921,
    94.36939424435921,
    94.36939424435921,
    94.36939424435921,
    94.36939424435921,
    94.36939424435921,
    94.36939424435921,
    94.36939424435921,
    94.36939424435921,
    94.36939424435921,
    94.36939424435921,
    94.36939424435921,
    94.36939424435921,
    94.36939424435921,
    94.36939424435921,
    94.36939424435921,
    94.36939424435921,
    94.36939424435921,
    94.36939424435921,
    94.36939424435921,
    94.36939424435921,
    94.36939424435921,
    94.36939424435921,
    94.36939424435921,
    94.36939424435921,
    94.36939424435921,
    94.36939424435921,
    94.36939424435921,
    94.36939424435921,
    94.36939424435921,
    94.36939424435921,
    94.36939424435921,
    94.36939424435921,
    94.36939424435921,
    94.36939424435921,
    94.36939424435921,
    94.36939424435921,
    94.36939424435921,
    94.36939424435921,
    94.36939424435921,
    94.36939424435921,
    94.36939424435921
  ],
  "test_errors": [
    113.06622352236232,
    104.81634111811972,
    98.54682758088154,
    94.56149490135418,
    93.44099876863469,
    93.22522403741087,
    94.66176601305898,
    92.7948854254069,
    93.05293798586392,
    93.28396805118585,
    92.7225985377599,
    91.5219484620958,
    91.7705442385698,
    91.03021485820969,
    90.97028558467446,
    91.29568106065317,
    91.4096840306852,
    91.79112690398532,
    91.71089191872481,
    91.59194976737608,
    91.59194976737608,
    91.59194976737608,
    91.59194976737608,
    91.59194976737608,
    91.59194976737608,
    91.59194976737608,
    91.59194976737608,
    91.59194976737608,
    91.59194976737608,
    91.59194976737608,
    91.59194976737608,
    91.59194976737608,
    91.59194976737608,
    91.59194976737608,
    91.59194976737608,
    91.59194976737608,
    91.59194976737608,
    91.59194976737608,
    91.59194976737608,
    91.59194976737608,
    91.59194976737608,
    91.59194976737608,
    91.59194976737608,
    91.59194976737608,
    91.59194976737608,
    91.59194976737608,
    91.59194976737608,
    91.59194976737608,
    91.59194976737608,
    91.59194976737608,
    91.59194976737608,
    91.59194976737608,
    91.59194976737608,
    91.59194976737608,
    91.59194976737608,
    91.59194976737608,
    91.59194976737608,
    91.59194976737608,
    91.59194976737608,
    91.59194976737608,
    91.59194976737608,
    91.59194976737608,
    91.59194976737608,
    91.59194976737608,
    91.59194976737608,
    91.59194976737608,
    91.59194976737608,
    91.59194976737608,
    91.59194976737608,
    91.59194976737608,
    91.59194976737608,
    91.59194976737608,
    91.59194976737608,
    91.59194976737608,
    91.59194976737608,
    91.59194976737608,
    91.59194976737608,
    91.59194976737608,
    91.59194976737608,
    91.59194976737608,
    91.59194976737608,
    91.59194976737608,
    91.59194976737608,
    91.59194976737608,
    91.59194976737608,
    91.59194976737608,
    91.59194976737608,
    91.59194976737608,
    91.59194976737608,
    91.59194976737608,
    91.59194976737608,
    91.59194976737608,
    91.59194976737608,
    91.59194976737608,
    91.59194976737608,
    91.59194976737608,
    91.59194976737608,
    91.59194976737608,
    91.59194976737608,
    91.59194976737608
  ]
}
