{
  "timings": [
    1738737039.1292315,
    1738737040.787037,
    1738737042.6806142,
    1738737044.5696864,
    1738737046.6045728,
    1738737048.592814,
    1738737050.597767,
    1738737052.6904361,
    1738737054.8107135,
    1738737056.966104,
    1738737059.1569767,
    1738737061.3518496,
    1738737063.5182974,
    1738737065.7964969,
    1738737067.9941986,
    1738737070.2075667,
    1738737072.4793634,
    1738737074.8130825,
    1738737077.1796412,
    1738737079.5852034,
    1738737081.9914057,
    1738737084.4809198,
    1738737086.9414587,
    1738737089.3828716,
    1738737091.8357565,
    1738737094.255002,
    1738737096.6657012,
    1738737099.093058,
    1738737101.4765916,
    1738737103.9573898,
    1738737106.3411407,
    1738737108.7164278,
    1738737111.1053557,
    1738737113.5299838,
    1738737115.9505982,
    1738737118.3294158,
    1738737120.7968068,
    1738737123.2249742,
    1738737125.6460278,
    1738737128.038901,
    1738737130.4228766,
    1738737132.7992256,
    1738737135.166799,
    1738737137.581995,
    1738737139.9296558,
    1738737142.2952492,
    1738737144.6421533,
    1738737147.0375147,
    1738737149.390282,
    1738737151.743881,
    1738737154.0882974,
    1738737156.5119712,
    1738737158.85316,
    1738737161.2006261,
    1738737163.5496805,
    1738737165.9104626,
    1738737168.2656631,
    1738737170.6191678,
    1738737172.9803767,
    1738737175.403796,
    1738737177.7487624,
    1738737180.09541,
    1738737182.4437304,
    1738737184.772907,
    1738737187.1039817,
    1738737189.4399037,
    1738737191.7930627,
    1738737194.1121929,
    1738737196.5327625,
    1738737198.868282,
    1738737201.2161095,
    1738737203.574671,
    1738737205.9397836,
    1738737208.301097,
    1738737210.65649,
    1738737213.0019433,
    1738737215.4065607,
    1738737217.755375,
    1738737220.0968351,
    1738737222.4423902,
    1738737224.798105,
    1738737227.146655,
    1738737229.5008945,
    1738737231.9132974,
    1738737234.255306,
    1738737236.5886075,
    1738737238.9239862,
    1738737241.2683723,
    1738737243.596497,
    1738737245.9343793,
    1738737248.2675877,
    1738737250.6884718,
    1738737253.0349,
    1738737255.3630033,
    1738737257.7159572,
    1738737260.0645123,
    1738737262.4314435,
    1738737264.7827961,
    1738737267.1577952,
    1738737269.5069842
  ],
  "val_errors": [
    117.3993715908616,
    109.79111445118001,
    107.50892816770008,
    106.03383780198983,
    104.7470632944681,
    103.10236479255155,
    102.64483304427239,
    102.49264098483708,
    101.93090812621828,
    101.52178295332394,
    101.68041817164564,
    101.75974062726485,
    101.91994415410333,
    101.6014458437751,
    101.46806675697088,
    101.36750407874732,
    101.27723327763329,
    101.36366102783228,
    101.34063467101103,
    100.32180560306213,
    99.61886774333844,
    99.05722998299241,
    98.54704833829284,
    98.61064242354011,
    98.79379584366193,
    98.56750296583155,
    98.67552345007108,
    98.87397456826126,
    98.72601016890411,
    98.57255157584419,
    98.75696501348631,
    99.22921362907422,
    99.18244489895245,
    98.91535663434472,
    98.97202615975809,
    98.84421657581058,
    99.0835965649288,
    98.87021252683218,
    98.76392035051892,
    99.28191216979165,
    99.52546449851266,
    99.3686692938999,
    99.4871981250621,
    99.22503943180526,
    99.13063625991578,
    99.13535589338962,
    99.32570895900487,
    99.15452829926907,
    99.14034269372397,
    99.14411149698768,
    99.15452829926907,
    99.14034269372397,
    99.14411149698768,
    99.15452829926907,
    99.14034269372397,
    99.14411149698768,
    99.15452829926907,
    99.14034269372397,
    99.14411149698768,
    99.15452829926907,
    99.14034269372397,
    99.14411149698768,
    99.15452829926907,
    99.14034269372397,
    99.14411149698768,
    99.15452829926907,
    99.14034269372397,
    99.14411149698768,
    99.15452829926907,
    99.14034269372397,
    99.14411149698768,
    99.15452829926907,
    99.14034269372397,
    99.14411149698768,
    99.15452829926907,
    99.14034269372397,
    99.14411149698768,
    99.15452829926907,
    99.14034269372397,
    99.14411149698768,
    99.15452829926907,
    99.14034269372397,
    99.14411149698768,
    99.15452829926907,
    99.14034269372397,
    99.14411149698768,
    99.15452829926907,
    99.14034269372397,
    99.14411149698768,
    99.15452829926907,
    99.14034269372397,
    99.14411149698768,
    99.15452829926907,
    99.14034269372397,
    99.14411149698768,
    99.15452829926907,
    99.14034269372397,
    99.14411149698768,
    99.15452829926907,
    99.14034269372397
  ],
  "test_errors": [
    113.06622352236232,
    105.78933902785073,
    103.25476079283106,
    101.62794950686148,
    100.56079650193769,
    98.9694765482057,
    98.27845882665284,
    98.92527628516478,
    97.9633210477935,
    97.28845017835381,
    96.52526799054422,
    96.68067853764762,
    97.16191293923164,
    96.56445715583799,
    96.14924113625379,
    95.62211565196405,
    95.44095118462462,
    95.67302063485307,
    96.01906763256505,
    94.87077001478028,
    94.47556533409528,
    94.34685910522722,
    94.05343922764983,
    94.0286304491512,
    93.91785303302687,
    93.92081822192776,
    94.2897615184906,
    94.44859075031742,
    94.1534414736374,
    94.13856522669599,
    94.45210754697631,
    94.32882620152303,
    94.72866825391324,
    94.4066554409743,
    94.43606862425416,
    94.3430747036205,
    94.49889147756025,
    94.36213218575028,
    94.14297805832183,
    94.39848361727354,
    94.59917196596496,
    94.48241389050004,
    94.57040508753666,
    94.3741977288887,
    94.2479070201552,
    94.1814970603474,
    94.4625510374467,
    94.40213195285106,
    94.32909228905498,
    94.2992181116868,
    94.40213195285106,
    94.32909228905498,
    94.2992181116868,
    94.40213195285106,
    94.32909228905498,
    94.2992181116868,
    94.40213195285106,
    94.32909228905498,
    94.2992181116868,
    94.40213195285106,
    94.32909228905498,
    94.2992181116868,
    94.40213195285106,
    94.32909228905498,
    94.2992181116868,
    94.40213195285106,
    94.32909228905498,
    94.2992181116868,
    94.40213195285106,
    94.32909228905498,
    94.2992181116868,
    94.40213195285106,
    94.32909228905498,
    94.2992181116868,
    94.40213195285106,
    94.32909228905498,
    94.2992181116868,
    94.40213195285106,
    94.32909228905498,
    94.2992181116868,
    94.40213195285106,
    94.32909228905498,
    94.2992181116868,
    94.40213195285106,
    94.32909228905498,
    94.2992181116868,
    94.40213195285106,
    94.32909228905498,
    94.2992181116868,
    94.40213195285106,
    94.32909228905498,
    94.2992181116868,
    94.40213195285106,
    94.32909228905498,
    94.2992181116868,
    94.40213195285106,
    94.32909228905498,
    94.2992181116868,
    94.40213195285106,
    94.32909228905498
  ]
}
