{
  "timings": [
    1738890683.4098425,
    1738890685.8264954,
    1738890690.9080255,
    1738890697.59067,
    1738890705.2837224,
    1738890714.2615077,
    1738890724.3638818,
    1738890735.3640397,
    1738890747.3639112,
    1738890760.306694,
    1738890774.2614372,
    1738890789.949689,
    1738890805.667251,
    1738890821.8906796,
    1738890838.1771572,
    1738890855.3565888,
    1738890872.8640673,
    1738890890.8783627,
    1738890909.3038263,
    1738890927.6040869,
    1738890946.0676978,
    1738890963.9602585,
    1738890981.8253767,
    1738890999.5627003,
    1738891017.4177227,
    1738891035.2624662,
    1738891053.1013937,
    1738891071.126431,
    1738891089.207558,
    1738891108.3661504,
    1738891127.1551147,
    1738891145.7005594,
    1738891164.4706776,
    1738891183.3105798,
    1738891202.1791363,
    1738891220.8912616,
    1738891239.2350667,
    1738891258.121811,
    1738891277.696676,
    1738891296.896566,
    1738891315.9541917,
    1738891334.8784425,
    1738891354.055822,
    1738891372.9699209,
    1738891392.0783393,
    1738891411.5033965,
    1738891430.1577866,
    1738891449.347507,
    1738891468.1014602,
    1738891488.6114154,
    1738891507.3204122,
    1738891527.1118474,
    1738891545.4161777,
    1738891563.28321,
    1738891581.2387116,
    1738891601.7374496,
    1738891620.3626275,
    1738891639.3998363,
    1738891657.9953482,
    1738891675.955081,
    1738891695.1496096,
    1738891714.089177,
    1738891733.2383208,
    1738891752.0548139,
    1738891770.9998562,
    1738891789.838831,
    1738891809.3282895,
    1738891828.008623,
    1738891847.4735408,
    1738891866.237465,
    1738891884.8246202,
    1738891903.2392702,
    1738891921.5868435,
    1738891940.0638862,
    1738891958.7291896,
    1738891976.929387,
    1738891995.4552438,
    1738892013.7307453,
    1738892031.8055286,
    1738892050.717411,
    1738892069.9024038,
    1738892090.776726,
    1738892109.325764,
    1738892128.0500662,
    1738892147.5534322,
    1738892167.6107535,
    1738892187.2080095,
    1738892206.987176,
    1738892225.9897037,
    1738892244.5930495,
    1738892263.1713352,
    1738892281.6400433,
    1738892299.8648741,
    1738892318.0625856,
    1738892336.3686626,
    1738892354.4634736,
    1738892372.889142,
    1738892391.2190733,
    1738892409.262777,
    1738892427.3272572
  ],
  "val_errors": [
    118.1290887471199,
    110.60402613059432,
    104.39881262011835,
    101.7604621231988,
    99.53139416288913,
    98.59678382713071,
    98.13389426560374,
    98.19250401543492,
    97.63305317870486,
    97.5907533274212,
    97.21568619710766,
    95.85022416283641,
    96.5989345714193,
    95.76364579466153,
    95.74014835793785,
    95.79587791330897,
    95.77332179696423,
    95.65689993586294,
    95.89902091735624,
    95.8495494416974,
    95.83712964185854,
    95.83764498102789,
    95.90764777117941,
    95.90764777117941,
    95.90764777117941,
    95.90764777117941,
    95.90764777117941,
    95.90764777117941,
    95.90764777117941,
    95.90764777117941,
    95.90764777117941,
    95.90764777117941,
    95.90764777117941,
    95.90764777117941,
    95.90764777117941,
    95.90764777117941,
    95.90764777117941,
    95.90764777117941,
    95.90764777117941,
    95.90764777117941,
    95.90764777117941,
    95.90764777117941,
    95.90764777117941,
    95.90764777117941,
    95.90764777117941,
    95.90764777117941,
    95.90764777117941,
    95.90764777117941,
    95.90764777117941,
    95.90764777117941,
    95.90764777117941,
    95.90764777117941,
    95.90764777117941,
    95.90764777117941,
    95.90764777117941,
    95.90764777117941,
    95.90764777117941,
    95.90764777117941,
    95.90764777117941,
    95.90764777117941,
    95.90764777117941,
    95.90764777117941,
    95.90764777117941,
    95.90764777117941,
    95.90764777117941,
    95.90764777117941,
    95.90764777117941,
    95.90764777117941,
    95.90764777117941,
    95.90764777117941,
    95.90764777117941,
    95.90764777117941,
    95.90764777117941,
    95.90764777117941,
    95.90764777117941,
    95.90764777117941,
    95.90764777117941,
    95.90764777117941,
    95.90764777117941,
    95.90764777117941,
    95.90764777117941,
    95.90764777117941,
    95.90764777117941,
    95.90764777117941,
    95.90764777117941,
    95.90764777117941,
    95.90764777117941,
    95.90764777117941,
    95.90764777117941,
    95.90764777117941,
    95.90764777117941,
    95.90764777117941,
    95.90764777117941,
    95.90764777117941,
    95.90764777117941,
    95.90764777117941,
    95.90764777117941,
    95.90764777117941,
    95.90764777117941,
    95.90764777117941
  ],
  "test_errors": [
    117.07995094673853,
    108.77074191224717,
    101.42919459815361,
    98.92426738787091,
    96.87594144266305,
    96.1650152830018,
    95.28020492178865,
    94.79618924117435,
    94.51286388217261,
    94.9383576948381,
    93.74011805333333,
    92.74234949390588,
    93.9079246372376,
    93.37229970879056,
    92.61291302512873,
    92.7923731715251,
    92.18513579295355,
    92.49533437341196,
    92.88449723938575,
    92.77830218313309,
    92.8850933904928,
    92.8850933904928,
    92.88821106563371,
    92.88821106563371,
    92.88821106563371,
    92.88821106563371,
    92.88821106563371,
    92.88821106563371,
    92.88821106563371,
    92.88821106563371,
    92.88821106563371,
    92.88821106563371,
    92.88821106563371,
    92.88821106563371,
    92.88821106563371,
    92.88821106563371,
    92.88821106563371,
    92.88821106563371,
    92.88821106563371,
    92.88821106563371,
    92.88821106563371,
    92.88821106563371,
    92.88821106563371,
    92.88821106563371,
    92.88821106563371,
    92.88821106563371,
    92.88821106563371,
    92.88821106563371,
    92.88821106563371,
    92.88821106563371,
    92.88821106563371,
    92.88821106563371,
    92.88821106563371,
    92.88821106563371,
    92.88821106563371,
    92.88821106563371,
    92.88821106563371,
    92.88821106563371,
    92.88821106563371,
    92.88821106563371,
    92.88821106563371,
    92.88821106563371,
    92.88821106563371,
    92.88821106563371,
    92.88821106563371,
    92.88821106563371,
    92.88821106563371,
    92.88821106563371,
    92.88821106563371,
    92.88821106563371,
    92.88821106563371,
    92.88821106563371,
    92.88821106563371,
    92.88821106563371,
    92.88821106563371,
    92.88821106563371,
    92.88821106563371,
    92.88821106563371,
    92.88821106563371,
    92.88821106563371,
    92.88821106563371,
    92.88821106563371,
    92.88821106563371,
    92.88821106563371,
    92.88821106563371,
    92.88821106563371,
    92.88821106563371,
    92.88821106563371,
    92.88821106563371,
    92.88821106563371,
    92.88821106563371,
    92.88821106563371,
    92.88821106563371,
    92.88821106563371,
    92.88821106563371,
    92.88821106563371,
    92.88821106563371,
    92.88821106563371,
    92.88821106563371,
    92.88821106563371
  ]
}