{
  "timings": [
    1738784320.6707773,
    1738784322.3180144,
    1738784326.256291,
    1738784331.3578632,
    1738784337.9083357,
    1738784345.1407917,
    1738784353.414363,
    1738784362.405689,
    1738784371.9281106,
    1738784382.144536,
    1738784392.670824,
    1738784403.9887347,
    1738784416.528032,
    1738784429.9467854,
    1738784444.1962473,
    1738784458.898763,
    1738784473.9414,
    1738784489.199748,
    1738784505.1043196,
    1738784521.386511,
    1738784538.2088864,
    1738784555.0995173,
    1738784572.25642,
    1738784590.5162733,
    1738784608.696209,
    1738784627.6731906,
    1738784647.022031,
    1738784666.2741327,
    1738784685.7349758,
    1738784706.548555,
    1738784727.2169757,
    1738784748.8826091,
    1738784771.4503992,
    1738784794.1680028,
    1738784816.6593473,
    1738784839.1330924,
    1738784861.667473,
    1738784884.3310747,
    1738784906.9374833,
    1738784929.4723907,
    1738784952.0049431,
    1738784974.617977,
    1738784997.1894715,
    1738785019.8144467,
    1738785042.4082253,
    1738785064.9716554,
    1738785087.6151083,
    1738785110.307487,
    1738785132.9720814,
    1738785155.5413015,
    1738785178.1581042,
    1738785200.6764283,
    1738785223.343091,
    1738785246.0111494,
    1738785268.5332963,
    1738785291.0547297,
    1738785313.722553,
    1738785336.3593776,
    1738785359.0954478,
    1738785381.698203,
    1738785404.3863468,
    1738785426.9744987,
    1738785449.6351268,
    1738785472.269532,
    1738785494.7769952,
    1738785517.3558059,
    1738785539.9775639,
    1738785562.7156484,
    1738785585.3954701,
    1738785607.9773614,
    1738785630.509841,
    1738785653.1032507,
    1738785675.7407491,
    1738785698.4530041,
    1738785720.9271135,
    1738785743.504122,
    1738785766.0817833,
    1738785788.6311045,
    1738785811.28236,
    1738785833.874437,
    1738785856.37779,
    1738785878.9543214,
    1738785901.512432,
    1738785924.1730647,
    1738785946.7340922,
    1738785969.2748764,
    1738785991.877831,
    1738786014.505359,
    1738786037.2440734,
    1738786059.7521074,
    1738786082.359766,
    1738786104.968226,
    1738786127.629529,
    1738786150.2957876,
    1738786172.8550103,
    1738786195.5016642,
    1738786218.1028872,
    1738786240.718251,
    1738786263.3293862,
    1738786285.9211185
  ],
  "val_errors": [
    118.02089895142814,
    111.96275005311472,
    109.42007947338823,
    108.41960464183867,
    107.60174241116559,
    107.32487909547837,
    106.63444181002296,
    106.62972050720954,
    106.1380117987849,
    105.96218396492337,
    106.01801105316967,
    105.28214056969165,
    105.03169597430384,
    104.70400695757792,
    104.29277111070834,
    104.20933451224218,
    104.00846750796335,
    103.88778886448887,
    104.05892139279794,
    104.12200590941069,
    104.1335107136705,
    104.21538448655123,
    103.94550470887606,
    103.70656074713861,
    103.5125962695199,
    102.96058580152979,
    102.59385850899857,
    102.83830553316783,
    102.86631869940857,
    102.71144313125323,
    102.91964900225854,
    102.96038542443782,
    102.83215218377713,
    102.83215218377713,
    102.83215218377713,
    102.83215218377713,
    102.83215218377713,
    102.83215218377713,
    102.83215218377713,
    102.83215218377713,
    102.83215218377713,
    102.83215218377713,
    102.83215218377713,
    102.83215218377713,
    102.83215218377713,
    102.83215218377713,
    102.83215218377713,
    102.83215218377713,
    102.83215218377713,
    102.83215218377713,
    102.83215218377713,
    102.83215218377713,
    102.83215218377713,
    102.83215218377713,
    102.83215218377713,
    102.83215218377713,
    102.83215218377713,
    102.83215218377713,
    102.83215218377713,
    102.83215218377713,
    102.83215218377713,
    102.83215218377713,
    102.83215218377713,
    102.83215218377713,
    102.83215218377713,
    102.83215218377713,
    102.83215218377713,
    102.83215218377713,
    102.83215218377713,
    102.83215218377713,
    102.83215218377713,
    102.83215218377713,
    102.83215218377713,
    102.83215218377713,
    102.83215218377713,
    102.83215218377713,
    102.83215218377713,
    102.83215218377713,
    102.83215218377713,
    102.83215218377713,
    102.83215218377713,
    102.83215218377713,
    102.83215218377713,
    102.83215218377713,
    102.83215218377713,
    102.83215218377713,
    102.83215218377713,
    102.83215218377713,
    102.83215218377713,
    102.83215218377713,
    102.83215218377713,
    102.83215218377713,
    102.83215218377713,
    102.83215218377713,
    102.83215218377713,
    102.83215218377713,
    102.83215218377713,
    102.83215218377713,
    102.83215218377713,
    102.83215218377713
  ],
  "test_errors": [
    119.52998114289336,
    113.21775142877162,
    112.29822043629045,
    111.4711957819276,
    110.73733677726655,
    110.71337673235547,
    109.85977756544264,
    109.50906994272165,
    108.72011674757452,
    108.56234178716134,
    108.75791373182939,
    108.32763176394987,
    107.81499432467983,
    107.28923162006296,
    106.79713709933729,
    106.83991578873284,
    106.22317509388806,
    105.90896097926316,
    106.25715007871722,
    106.29437484512438,
    106.52194704827228,
    106.62294716107051,
    105.99048475451373,
    105.99873052662107,
    105.62099789221622,
    105.40760324355979,
    105.31607584537451,
    105.39573969115703,
    105.18687750589996,
    105.12899136680967,
    105.43686838957326,
    105.16714280564675,
    104.9160614345098,
    104.9160614345098,
    104.9160614345098,
    104.9160614345098,
    104.9160614345098,
    104.9160614345098,
    104.9160614345098,
    104.9160614345098,
    104.9160614345098,
    104.9160614345098,
    104.9160614345098,
    104.9160614345098,
    104.9160614345098,
    104.9160614345098,
    104.9160614345098,
    104.9160614345098,
    104.9160614345098,
    104.9160614345098,
    104.9160614345098,
    104.9160614345098,
    104.9160614345098,
    104.9160614345098,
    104.9160614345098,
    104.9160614345098,
    104.9160614345098,
    104.9160614345098,
    104.9160614345098,
    104.9160614345098,
    104.9160614345098,
    104.9160614345098,
    104.9160614345098,
    104.9160614345098,
    104.9160614345098,
    104.9160614345098,
    104.9160614345098,
    104.9160614345098,
    104.9160614345098,
    104.9160614345098,
    104.9160614345098,
    104.9160614345098,
    104.9160614345098,
    104.9160614345098,
    104.9160614345098,
    104.9160614345098,
    104.9160614345098,
    104.9160614345098,
    104.9160614345098,
    104.9160614345098,
    104.9160614345098,
    104.9160614345098,
    104.9160614345098,
    104.9160614345098,
    104.9160614345098,
    104.9160614345098,
    104.9160614345098,
    104.9160614345098,
    104.9160614345098,
    104.9160614345098,
    104.9160614345098,
    104.9160614345098,
    104.9160614345098,
    104.9160614345098,
    104.9160614345098,
    104.9160614345098,
    104.9160614345098,
    104.9160614345098,
    104.9160614345098,
    104.9160614345098
  ]
}
