{
  "timings": [
    1738696685.909813,
    1738696688.807213,
    1738696692.0256448,
    1738696695.2894514,
    1738696698.79335,
    1738696702.2658358,
    1738696705.850393,
    1738696709.5539563,
    1738696713.3660548,
    1738696717.1049004,
    1738696721.1813638,
    1738696725.6929607,
    1738696729.8423336,
    1738696734.0674832,
    1738696738.4199846,
    1738696742.7133677,
    1738696746.9840991,
    1738696751.1880147,
    1738696755.555113,
    1738696759.807699,
    1738696763.934716,
    1738696768.1390088,
    1738696772.3448985,
    1738696776.5966783,
    1738696781.0052905
  ],
  "val_errors": [
    15.55807777547122,
    10.89493129370994,
    9.43827551453857,
    8.52720138789673,
    8.19402174442384,
    8.206340268721604,
    7.717416426207445,
    7.571758437314391,
    7.088347955589854,
    7.0791987211400285,
    7.070068081965342,
    7.098987321438221,
    7.038355446048217,
    7.01796167608625,
    7.109906074732301,
    7.106541832798098,
    7.162870740410807,
    7.174526342700581,
    7.250725410800118,
    7.212366333886625,
    7.373518973154311,
    7.147597891482546,
    7.290093955745585,
    7.203787056364692,
    7.068575920513919
  ],
  "test_errors": [
    16.13148209630045,
    11.336617261814235,
    9.83556284668353,
    9.12123749317262,
    8.711862286642203,
    8.712287830986048,
    7.922934047818945,
    7.795823708335274,
    7.186506399319537,
    7.400987125502621,
    7.177377450480903,
    7.272988976101386,
    7.164490347174259,
    7.130080197381805,
    7.343180936147554,
    7.376958187222561,
    7.458185069350602,
    7.419265384239983,
    7.499624933740382,
    7.44706870999546,
    7.644849743004908,
    7.456252664870601,
    7.445574937239639,
    7.376586177985514,
    7.3528228182794075
  ]
}