{
  "timings": [
    1738782626.2604897,
    1738782627.9525332,
    1738782632.1852608,
    1738782638.4107895,
    1738782646.3892016,
    1738782655.5783288,
    1738782665.9099379,
    1738782677.2635164,
    1738782690.2830496,
    1738782704.1032958,
    1738782718.5221813,
    1738782733.3489861,
    1738782748.5539563,
    1738782764.3941278,
    1738782780.0306048,
    1738782796.9428692,
    1738782813.7940376,
    1738782830.9428005,
    1738782848.9397516,
    1738782867.1557221,
    1738782885.0815082,
    1738782903.7174182,
    1738782921.8207834,
    1738782939.9230344,
    1738782958.1186624,
    1738782976.222962,
    1738782994.390957,
    1738783012.503001,
    1738783030.723022,
    1738783048.940215,
    1738783067.1828337,
    1738783085.2007618,
    1738783103.2481132,
    1738783121.467959,
    1738783139.6117172,
    1738783157.7489173,
    1738783175.8608828,
    1738783194.2237396,
    1738783212.4196708,
    1738783230.6215014,
    1738783248.7504914,
    1738783267.1020024,
    1738783285.1573815,
    1738783303.368953,
    1738783321.5192335,
    1738783339.6970518,
    1738783357.9278455,
    1738783376.1118252,
    1738783394.19137,
    1738783412.394894,
    1738783430.6383972,
    1738783448.8148777,
    1738783467.00575,
    1738783485.36015,
    1738783503.4796863,
    1738783521.688486,
    1738783539.8825974,
    1738783558.038038,
    1738783576.1732986,
    1738783594.4651058,
    1738783612.6111176,
    1738783630.7643807,
    1738783648.8861399,
    1738783666.9725533,
    1738783685.0594368,
    1738783703.3497741,
    1738783721.506368,
    1738783739.6124728,
    1738783757.7947211,
    1738783776.0399196,
    1738783794.1950977,
    1738783812.4951205,
    1738783830.5827339,
    1738783848.6470625,
    1738783866.6906838,
    1738783884.7751083,
    1738783902.8994966,
    1738783921.0657818,
    1738783939.1465232,
    1738783957.2420053,
    1738783975.365303,
    1738783993.4468665,
    1738784011.56527,
    1738784029.8056138,
    1738784047.8875904,
    1738784065.9985664,
    1738784084.0992792,
    1738784102.140716,
    1738784120.197363,
    1738784138.421743,
    1738784156.4827867,
    1738784174.5266619,
    1738784192.6061785,
    1738784210.7210994,
    1738784228.7970083,
    1738784246.9824347,
    1738784265.0419118,
    1738784283.1466777,
    1738784301.2831838,
    1738784319.393894
  ],
  "val_errors": [
    116.20878812115797,
    107.32030274597302,
    101.46100262963476,
    98.19160211024234,
    96.16312009260355,
    95.34384837828927,
    95.01769094583652,
    94.25390535098468,
    93.05144810064151,
    92.36831558943517,
    92.38727858332992,
    92.36801661726734,
    92.35237649840822,
    91.98242613974195,
    91.614268764881,
    91.66804278811215,
    91.66715671804776,
    91.93173982502677,
    91.85840527797869,
    92.17234360463284,
    92.48175956323125,
    92.55574486257922,
    93.02840186450496,
    93.02840186450496,
    93.02840186450496,
    93.02840186450496,
    93.02840186450496,
    93.02840186450496,
    93.02840186450496,
    93.02840186450496,
    93.02840186450496,
    93.02840186450496,
    93.02840186450496,
    93.02840186450496,
    93.02840186450496,
    93.02840186450496,
    93.02840186450496,
    93.02840186450496,
    93.02840186450496,
    93.02840186450496,
    93.02840186450496,
    93.02840186450496,
    93.02840186450496,
    93.02840186450496,
    93.02840186450496,
    93.02840186450496,
    93.02840186450496,
    93.02840186450496,
    93.02840186450496,
    93.02840186450496,
    93.02840186450496,
    93.02840186450496,
    93.02840186450496,
    93.02840186450496,
    93.02840186450496,
    93.02840186450496,
    93.02840186450496,
    93.02840186450496,
    93.02840186450496,
    93.02840186450496,
    93.02840186450496,
    93.02840186450496,
    93.02840186450496,
    93.02840186450496,
    93.02840186450496,
    93.02840186450496,
    93.02840186450496,
    93.02840186450496,
    93.02840186450496,
    93.02840186450496,
    93.02840186450496,
    93.02840186450496,
    93.02840186450496,
    93.02840186450496,
    93.02840186450496,
    93.02840186450496,
    93.02840186450496,
    93.02840186450496,
    93.02840186450496,
    93.02840186450496,
    93.02840186450496,
    93.02840186450496,
    93.02840186450496,
    93.02840186450496,
    93.02840186450496,
    93.02840186450496,
    93.02840186450496,
    93.02840186450496,
    93.02840186450496,
    93.02840186450496,
    93.02840186450496,
    93.02840186450496,
    93.02840186450496,
    93.02840186450496,
    93.02840186450496,
    93.02840186450496,
    93.02840186450496,
    93.02840186450496,
    93.02840186450496,
    93.02840186450496
  ],
  "test_errors": [
    112.9622836253018,
    104.07013689464132,
    97.01361733541584,
    93.00004382706187,
    90.67912690943311,
    89.89485447420273,
    90.8865534012349,
    90.77337139936348,
    89.78443045430177,
    89.00380474504298,
    88.74145938486546,
    88.95714143076093,
    88.20910337510499,
    87.81392135101736,
    88.33947117280336,
    88.20699837677945,
    88.10449026264436,
    88.47952945459947,
    88.13614677439972,
    89.69269599933469,
    89.366679218402,
    89.58925578586135,
    90.07182333287302,
    90.07182333287302,
    90.07182333287302,
    90.07182333287302,
    90.07182333287302,
    90.07182333287302,
    90.07182333287302,
    90.07182333287302,
    90.07182333287302,
    90.07182333287302,
    90.07182333287302,
    90.07182333287302,
    90.07182333287302,
    90.07182333287302,
    90.07182333287302,
    90.07182333287302,
    90.07182333287302,
    90.07182333287302,
    90.07182333287302,
    90.07182333287302,
    90.07182333287302,
    90.07182333287302,
    90.07182333287302,
    90.07182333287302,
    90.07182333287302,
    90.07182333287302,
    90.07182333287302,
    90.07182333287302,
    90.07182333287302,
    90.07182333287302,
    90.07182333287302,
    90.07182333287302,
    90.07182333287302,
    90.07182333287302,
    90.07182333287302,
    90.07182333287302,
    90.07182333287302,
    90.07182333287302,
    90.07182333287302,
    90.07182333287302,
    90.07182333287302,
    90.07182333287302,
    90.07182333287302,
    90.07182333287302,
    90.07182333287302,
    90.07182333287302,
    90.07182333287302,
    90.07182333287302,
    90.07182333287302,
    90.07182333287302,
    90.07182333287302,
    90.07182333287302,
    90.07182333287302,
    90.07182333287302,
    90.07182333287302,
    90.07182333287302,
    90.07182333287302,
    90.07182333287302,
    90.07182333287302,
    90.07182333287302,
    90.07182333287302,
    90.07182333287302,
    90.07182333287302,
    90.07182333287302,
    90.07182333287302,
    90.07182333287302,
    90.07182333287302,
    90.07182333287302,
    90.07182333287302,
    90.07182333287302,
    90.07182333287302,
    90.07182333287302,
    90.07182333287302,
    90.07182333287302,
    90.07182333287302,
    90.07182333287302,
    90.07182333287302,
    90.07182333287302
  ]
}