{
  "timings": [
    1738741640.0510066,
    1738741641.7074614,
    1738741644.7693315,
    1738741648.4377627,
    1738741652.4835002,
    1738741657.759417,
    1738741664.1933694,
    1738741672.0656314,
    1738741680.6997166,
    1738741689.443036,
    1738741698.9978123,
    1738741708.637715,
    1738741719.161905,
    1738741729.7568092,
    1738741740.5165296,
    1738741751.6803396,
    1738741763.6721854,
    1738741775.944731,
    1738741788.516958,
    1738741801.065344,
    1738741813.8565576,
    1738741827.5085855,
    1738741841.7888105,
    1738741857.4387689,
    1738741874.1084664,
    1738741892.1022878,
    1738741910.319502,
    1738741927.9138727,
    1738741945.2927077,
    1738741962.358489,
    1738741979.056363,
    1738741995.9279032,
    1738742013.196073,
    1738742031.0574446,
    1738742050.7845888,
    1738742071.1470134,
    1738742091.963066,
    1738742112.2333167,
    1738742133.338092,
    1738742153.8726127,
    1738742174.1280038,
    1738742194.534573,
    1738742215.1913042,
    1738742235.8888562,
    1738742256.2427626,
    1738742276.1417642,
    1738742295.8338213,
    1738742315.6746416,
    1738742335.342417,
    1738742356.6610498,
    1738742379.0312846,
    1738742400.9970016,
    1738742423.0222957,
    1738742445.0802617,
    1738742467.1455271,
    1738742489.3202841,
    1738742511.260221,
    1738742533.4248774,
    1738742555.613941,
    1738742577.762055,
    1738742599.7031631,
    1738742621.8913012,
    1738742644.0460124,
    1738742666.271669,
    1738742688.466293,
    1738742710.3641186,
    1738742732.4414916,
    1738742754.6389625,
    1738742776.8885124,
    1738742799.0093427,
    1738742821.1100273,
    1738742843.3322542,
    1738742865.5725243,
    1738742887.7548225,
    1738742909.7548702,
    1738742931.8417957,
    1738742954.0071516,
    1738742976.4328907,
    1738742998.7029653,
    1738743021.0439324,
    1738743043.367006,
    1738743065.559967,
    1738743087.7898471,
    1738743109.8794997,
    1738743131.9539254,
    1738743154.0853393,
    1738743176.0754561,
    1738743198.2043526,
    1738743220.4445734,
    1738743242.6423147,
    1738743264.8713653,
    1738743286.9242065,
    1738743308.977361,
    1738743331.2025237,
    1738743353.381414,
    1738743375.3642247,
    1738743397.5532706,
    1738743419.7263894,
    1738743441.8628497,
    1738743464.1968758
  ],
  "val_errors": [
    115.9493476886221,
    109.5452874625814,
    104.8139669043505,
    100.93243278676505,
    99.13213485369272,
    97.50106848644619,
    95.74530479244972,
    94.44697906406047,
    94.02823943516346,
    93.33962830988999,
    93.65746314056868,
    93.71545849749093,
    93.34981226012899,
    93.22281325158598,
    93.11467168335984,
    92.99274302445563,
    92.82236539412429,
    92.7749682674312,
    92.67195233933788,
    92.47068027123812,
    92.65335241687193,
    92.62455524247265,
    92.51994819842209,
    92.58996725141319,
    92.20652137870754,
    92.10336305924956,
    92.1704653547281,
    91.97481977196995,
    92.23328513208241,
    92.57770549316713,
    92.5763698229902,
    93.12193267929202,
    92.64826824326728,
    92.76428131193903,
    91.9562491708332,
    92.02967453566373,
    92.0946147426396,
    92.27474433802449,
    92.39862681856056,
    92.65352948692711,
    92.74573104448791,
    92.36761214976673,
    91.94509328022457,
    92.29174427864686,
    92.60197631242387,
    92.73792854264701,
    93.09038929116377,
    93.01059395438685,
    92.91668157462838,
    92.99329193840762,
    92.80977522428729,
    92.80977522428729,
    92.80977522428729,
    92.80977522428729,
    92.80977522428729,
    92.80977522428729,
    92.80977522428729,
    92.80977522428729,
    92.80977522428729,
    92.80977522428729,
    92.80977522428729,
    92.80977522428729,
    92.80977522428729,
    92.80977522428729,
    92.80977522428729,
    92.80977522428729,
    92.80977522428729,
    92.80977522428729,
    92.80977522428729,
    92.80977522428729,
    92.80977522428729,
    92.80977522428729,
    92.80977522428729,
    92.80977522428729,
    92.80977522428729,
    92.80977522428729,
    92.80977522428729,
    92.80977522428729,
    92.80977522428729,
    92.80977522428729,
    92.80977522428729,
    92.80977522428729,
    92.80977522428729,
    92.80977522428729,
    92.80977522428729,
    92.80977522428729,
    92.80977522428729,
    92.80977522428729,
    92.80977522428729,
    92.80977522428729,
    92.80977522428729,
    92.80977522428729,
    92.80977522428729,
    92.80977522428729,
    92.80977522428729,
    92.80977522428729,
    92.80977522428729,
    92.80977522428729,
    92.80977522428729,
    92.80977522428729
  ],
  "test_errors": [
    117.09029559460213,
    110.28892913207201,
    106.37533729639314,
    101.87619461212195,
    100.78698633976262,
    98.54245909134625,
    96.98723499683216,
    95.15721808497355,
    94.8797989501008,
    93.94192860252099,
    93.52867610089066,
    93.67199746656048,
    93.81352833692979,
    94.17937929840635,
    93.73237344117497,
    93.40893194355728,
    93.16635062255713,
    93.17244786907575,
    93.13369200442894,
    92.84005575400596,
    92.65705991136647,
    92.8951576946948,
    92.21989695041471,
    92.16955690053415,
    91.90227256900309,
    92.08287086448277,
    91.86369814754381,
    91.55263713420871,
    91.89613345448191,
    91.95179044267347,
    92.00518297326703,
    92.16672157676221,
    92.28695250475188,
    92.24454127628904,
    91.79087843060947,
    91.93956918881038,
    91.85691744706172,
    91.9660527265338,
    92.76087167031982,
    92.96741613710451,
    93.5420340108207,
    93.08635526154319,
    92.80453331754167,
    92.80191821778942,
    93.04700498714756,
    93.08912253477254,
    93.90190275474605,
    93.883341468793,
    93.8503249882635,
    94.13118606700445,
    94.24111140170498,
    94.24111140170498,
    94.24111140170498,
    94.24111140170498,
    94.24111140170498,
    94.24111140170498,
    94.24111140170498,
    94.24111140170498,
    94.24111140170498,
    94.24111140170498,
    94.24111140170498,
    94.24111140170498,
    94.24111140170498,
    94.24111140170498,
    94.24111140170498,
    94.24111140170498,
    94.24111140170498,
    94.24111140170498,
    94.24111140170498,
    94.24111140170498,
    94.24111140170498,
    94.24111140170498,
    94.24111140170498,
    94.24111140170498,
    94.24111140170498,
    94.24111140170498,
    94.24111140170498,
    94.24111140170498,
    94.24111140170498,
    94.24111140170498,
    94.24111140170498,
    94.24111140170498,
    94.24111140170498,
    94.24111140170498,
    94.24111140170498,
    94.24111140170498,
    94.24111140170498,
    94.24111140170498,
    94.24111140170498,
    94.24111140170498,
    94.24111140170498,
    94.24111140170498,
    94.24111140170498,
    94.24111140170498,
    94.24111140170498,
    94.24111140170498,
    94.24111140170498,
    94.24111140170498,
    94.24111140170498,
    94.24111140170498
  ]
}
