{
  "timings": [
    1738735861.7679665,
    1738735863.3991656,
    1738735865.2214892,
    1738735867.228543,
    1738735869.292604,
    1738735871.4528017,
    1738735873.6681843,
    1738735875.8572173,
    1738735878.0341277,
    1738735880.2314806,
    1738735882.4631553,
    1738735884.74607,
    1738735887.0263774,
    1738735889.3267272,
    1738735891.7291229,
    1738735894.0569687,
    1738735896.3877835,
    1738735898.7548265,
    1738735901.086065,
    1738735903.4519382,
    1738735905.8292935,
    1738735908.1978545,
    1738735910.5991278,
    1738735913.057942,
    1738735915.5252473,
    1738735918.0722039,
    1738735920.5874217,
    1738735923.2323143,
    1738735925.7939281,
    1738735928.4063885,
    1738735930.954955,
    1738735933.5599935,
    1738735936.1111112,
    1738735938.663066,
    1738735941.290955,
    1738735943.8587341,
    1738735946.4697478,
    1738735949.0152369,
    1738735951.5913088,
    1738735954.146921,
    1738735956.786365,
    1738735959.3414156,
    1738735961.957262,
    1738735964.546871,
    1738735967.194528,
    1738735969.7655385,
    1738735972.3975575,
    1738735974.97502,
    1738735977.591167,
    1738735980.1375093,
    1738735982.7410233,
    1738735985.3085632,
    1738735987.9013453,
    1738735990.4061844,
    1738735992.989933,
    1738735995.4998913,
    1738735998.069443,
    1738736000.5776627,
    1738736003.1565146,
    1738736005.6652136,
    1738736008.1816828,
    1738736010.7725983,
    1738736013.2840185,
    1738736015.8700862,
    1738736018.3927758,
    1738736020.9587011,
    1738736023.4573047,
    1738736026.0260422,
    1738736028.5334737,
    1738736031.1121464,
    1738736033.6262224,
    1738736036.1881592,
    1738736038.682875,
    1738736041.2461,
    1738736043.7464542,
    1738736046.323365,
    1738736048.819964,
    1738736051.3966627,
    1738736053.8916328,
    1738736056.4642076,
    1738736058.9585483,
    1738736061.5263593,
    1738736064.0237844,
    1738736066.6003518,
    1738736069.1504107,
    1738736071.7415001,
    1738736074.2465184,
    1738736076.755241,
    1738736079.3289394,
    1738736081.8441932,
    1738736084.4198217,
    1738736086.9138808,
    1738736089.4995046,
    1738736092.0087159,
    1738736094.5849526,
    1738736097.091796,
    1738736099.6842375,
    1738736102.2236192,
    1738736104.8207104,
    1738736107.3491285
  ],
  "val_errors": [
    115.9493476886221,
    108.69351606111334,
    106.5311054543309,
    103.75380364840676,
    102.20325201488092,
    100.81190834598891,
    100.17119468265612,
    99.5985995017164,
    98.56948530165776,
    97.91406584287915,
    97.80519612541134,
    97.25777794750839,
    96.85710268633983,
    96.88696842146334,
    96.60326781620363,
    96.75169550972234,
    96.71555992402091,
    96.71472392827762,
    96.7906896944648,
    96.72490808550948,
    96.88930502774285,
    97.09399135471888,
    96.79815359985511,
    96.46599020438634,
    96.35193766089323,
    96.16739667412892,
    96.3256544632742,
    95.90007699028708,
    96.13015735689426,
    96.20588159181194,
    96.15452326999123,
    96.22014096610367,
    95.96733091263802,
    96.06490531709207,
    95.91073852119737,
    95.97155762065128,
    96.16198110029765,
    96.1054127475281,
    96.00550469231672,
    96.35413883013754,
    96.27665218173023,
    96.33756806930911,
    96.09456630846364,
    96.07801601624047,
    96.03230175464654,
    95.88860602690146,
    96.03046224479628,
    95.96417480375983,
    96.09601901477464,
    96.06192271257885,
    96.10111329335432,
    95.84892832009447,
    95.92842874252219,
    96.01774952556205,
    96.01129684826583,
    96.01282008235837,
    96.01129684826583,
    96.01282008235837,
    96.01129684826583,
    96.01282008235837,
    96.01129684826583,
    96.01282008235837,
    96.01129684826583,
    96.01282008235837,
    96.01129684826583,
    96.01282008235837,
    96.01129684826583,
    96.01282008235837,
    96.01129684826583,
    96.01282008235837,
    96.01129684826583,
    96.01282008235837,
    96.01129684826583,
    96.01282008235837,
    96.01129684826583,
    96.01282008235837,
    96.01129684826583,
    96.01282008235837,
    96.01129684826583,
    96.01282008235837,
    96.01129684826583,
    96.01282008235837,
    96.01129684826583,
    96.01282008235837,
    96.01129684826583,
    96.01282008235837,
    96.01129684826583,
    96.01282008235837,
    96.01129684826583,
    96.01282008235837,
    96.01129684826583,
    96.01282008235837,
    96.01129684826583,
    96.01282008235837,
    96.01129684826583,
    96.01282008235837,
    96.01129684826583,
    96.01282008235837,
    96.01129684826583,
    96.01282008235837
  ],
  "test_errors": [
    117.09029559460213,
    109.8868378536283,
    108.68588573321325,
    105.79560761244993,
    104.31759055787344,
    102.59790552674734,
    102.03647172013243,
    101.93063184780894,
    100.2847938957087,
    99.95106807618959,
    99.31281588292471,
    98.67638104161688,
    98.50911548676112,
    98.47619777078816,
    98.08700560529932,
    98.29077014039987,
    98.5980922977381,
    98.47294876253021,
    98.87423828896154,
    98.61591519169707,
    98.68864517505443,
    98.96916084493051,
    97.85283285990361,
    97.86649526045746,
    97.7471628630067,
    97.60955246357877,
    97.8323556037937,
    97.44169501727315,
    97.63140389402047,
    97.66835136246864,
    97.54015139230486,
    97.66071768446345,
    97.23030254518206,
    97.39306457226634,
    97.22406709395382,
    97.36819273137526,
    97.37574752039396,
    97.26147096574046,
    97.34005739725154,
    97.52044423300472,
    97.74882018326727,
    97.55774569038789,
    97.577562607482,
    97.53515669684171,
    97.61042864118033,
    97.32620517189102,
    97.27275822840043,
    97.19484383729689,
    97.42610489524634,
    97.48304582505735,
    97.49329478018241,
    97.1831115583401,
    97.27011988467349,
    97.35959968724032,
    97.28082317623608,
    97.28082317623608,
    97.28082317623608,
    97.28082317623608,
    97.28082317623608,
    97.28082317623608,
    97.28082317623608,
    97.28082317623608,
    97.28082317623608,
    97.28082317623608,
    97.28082317623608,
    97.28082317623608,
    97.28082317623608,
    97.28082317623608,
    97.28082317623608,
    97.28082317623608,
    97.28082317623608,
    97.28082317623608,
    97.28082317623608,
    97.28082317623608,
    97.28082317623608,
    97.28082317623608,
    97.28082317623608,
    97.28082317623608,
    97.28082317623608,
    97.28082317623608,
    97.28082317623608,
    97.28082317623608,
    97.28082317623608,
    97.28082317623608,
    97.28082317623608,
    97.28082317623608,
    97.28082317623608,
    97.28082317623608,
    97.28082317623608,
    97.28082317623608,
    97.28082317623608,
    97.28082317623608,
    97.28082317623608,
    97.28082317623608,
    97.28082317623608,
    97.28082317623608,
    97.28082317623608,
    97.28082317623608,
    97.28082317623608,
    97.28082317623608
  ]
}
