{
  "timings": [
    1738877744.6443264,
    1738877746.300094,
    1738877750.5748994,
    1738877756.4321127,
    1738877763.5187256,
    1738877771.9515498,
    1738877781.370427,
    1738877792.379116,
    1738877803.3924217,
    1738877814.128795,
    1738877825.6505816,
    1738877837.6089692,
    1738877851.119667,
    1738877866.3884375,
    1738877883.0324566,
    1738877900.3775012,
    1738877918.337966,
    1738877936.2479832,
    1738877954.3702035,
    1738877972.4876316,
    1738877991.032984,
    1738878009.515285,
    1738878028.009161,
    1738878046.6791358,
    1738878065.3296983,
    1738878083.9033842,
    1738878102.549299,
    1738878121.1754344,
    1738878139.710605,
    1738878158.378988,
    1738878177.045565,
    1738878195.5313973,
    1738878214.1479044,
    1738878232.8676572,
    1738878251.4336538,
    1738878270.1661737,
    1738878288.671317,
    1738878307.2059932,
    1738878325.8660598,
    1738878344.595526,
    1738878363.295488,
    1738878381.7743492,
    1738878400.3874056,
    1738878419.0347342,
    1738878437.7603436,
    1738878456.5017338,
    1738878475.218622,
    1738878494.0256348,
    1738878512.754341,
    1738878531.4272065,
    1738878550.020149,
    1738878568.6182525,
    1738878587.2258677,
    1738878605.8185606,
    1738878624.5456254,
    1738878643.308391,
    1738878662.0058565,
    1738878680.759789,
    1738878699.3305233,
    1738878717.8969245,
    1738878736.444215,
    1738878755.035487,
    1738878773.5813398,
    1738878792.2251723,
    1738878810.8161342,
    1738878829.3412,
    1738878847.923442,
    1738878866.6208348,
    1738878885.4015348,
    1738878903.9863787,
    1738878922.7132878,
    1738878941.4354508,
    1738878960.2244377,
    1738878978.88768,
    1738878997.6123877,
    1738879016.1355062,
    1738879034.7254488,
    1738879053.288684,
    1738879071.917899,
    1738879090.6250489,
    1738879109.239344,
    1738879127.7024891,
    1738879146.2199514,
    1738879164.7639446,
    1738879183.3143547,
    1738879201.9955666,
    1738879220.6330235,
    1738879239.2826314,
    1738879257.9402566,
    1738879276.5529618,
    1738879295.162632,
    1738879313.8769314,
    1738879332.4300327,
    1738879351.2066936,
    1738879369.73728,
    1738879388.2899392,
    1738879406.9587827,
    1738879425.5142584,
    1738879443.9474409,
    1738879462.6279337
  ],
  "val_errors": [
    118.02089895142814,
    110.36956020203675,
    107.11453157345932,
    104.18872109766664,
    103.13583108256034,
    102.69183990268144,
    101.89982259519051,
    100.50776374694625,
    100.72133451589434,
    100.90650735546932,
    100.6551684213468,
    100.4317388600478,
    100.27932059025318,
    100.07978950974868,
    100.0108838230003,
    100.32253006352016,
    99.5921947088034,
    99.83855276843124,
    99.50901585136599,
    99.53221594243465,
    100.06306686561055,
    100.06306686561055,
    100.06306686561055,
    100.06306686561055,
    100.06306686561055,
    100.06306686561055,
    100.06306686561055,
    100.06306686561055,
    100.06306686561055,
    100.06306686561055,
    100.06306686561055,
    100.06306686561055,
    100.06306686561055,
    100.06306686561055,
    100.06306686561055,
    100.06306686561055,
    100.06306686561055,
    100.06306686561055,
    100.06306686561055,
    100.06306686561055,
    100.06306686561055,
    100.06306686561055,
    100.06306686561055,
    100.06306686561055,
    100.06306686561055,
    100.06306686561055,
    100.06306686561055,
    100.06306686561055,
    100.06306686561055,
    100.06306686561055,
    100.06306686561055,
    100.06306686561055,
    100.06306686561055,
    100.06306686561055,
    100.06306686561055,
    100.06306686561055,
    100.06306686561055,
    100.06306686561055,
    100.06306686561055,
    100.06306686561055,
    100.06306686561055,
    100.06306686561055,
    100.06306686561055,
    100.06306686561055,
    100.06306686561055,
    100.06306686561055,
    100.06306686561055,
    100.06306686561055,
    100.06306686561055,
    100.06306686561055,
    100.06306686561055,
    100.06306686561055,
    100.06306686561055,
    100.06306686561055,
    100.06306686561055,
    100.06306686561055,
    100.06306686561055,
    100.06306686561055,
    100.06306686561055,
    100.06306686561055,
    100.06306686561055,
    100.06306686561055,
    100.06306686561055,
    100.06306686561055,
    100.06306686561055,
    100.06306686561055,
    100.06306686561055,
    100.06306686561055,
    100.06306686561055,
    100.06306686561055,
    100.06306686561055,
    100.06306686561055,
    100.06306686561055,
    100.06306686561055,
    100.06306686561055,
    100.06306686561055,
    100.06306686561055,
    100.06306686561055,
    100.06306686561055,
    100.06306686561055
  ],
  "test_errors": [
    119.52998114289336,
    112.33336520011581,
    108.93319564985127,
    106.47962700673311,
    105.53941078420758,
    105.08712521179149,
    105.05236997885892,
    102.98783118704894,
    103.98173116587267,
    103.60658625101756,
    103.17993823726671,
    103.07869655313765,
    102.71385062373248,
    103.51359287747009,
    101.87960650065966,
    102.5584490062688,
    101.67151068238459,
    102.0151045383225,
    102.2674141037729,
    102.4235994150865,
    102.76896416377764,
    102.76896416377764,
    102.76896416377764,
    102.76896416377764,
    102.76896416377764,
    102.76896416377764,
    102.76896416377764,
    102.76896416377764,
    102.76896416377764,
    102.76896416377764,
    102.76896416377764,
    102.76896416377764,
    102.76896416377764,
    102.76896416377764,
    102.76896416377764,
    102.76896416377764,
    102.76896416377764,
    102.76896416377764,
    102.76896416377764,
    102.76896416377764,
    102.76896416377764,
    102.76896416377764,
    102.76896416377764,
    102.76896416377764,
    102.76896416377764,
    102.76896416377764,
    102.76896416377764,
    102.76896416377764,
    102.76896416377764,
    102.76896416377764,
    102.76896416377764,
    102.76896416377764,
    102.76896416377764,
    102.76896416377764,
    102.76896416377764,
    102.76896416377764,
    102.76896416377764,
    102.76896416377764,
    102.76896416377764,
    102.76896416377764,
    102.76896416377764,
    102.76896416377764,
    102.76896416377764,
    102.76896416377764,
    102.76896416377764,
    102.76896416377764,
    102.76896416377764,
    102.76896416377764,
    102.76896416377764,
    102.76896416377764,
    102.76896416377764,
    102.76896416377764,
    102.76896416377764,
    102.76896416377764,
    102.76896416377764,
    102.76896416377764,
    102.76896416377764,
    102.76896416377764,
    102.76896416377764,
    102.76896416377764,
    102.76896416377764,
    102.76896416377764,
    102.76896416377764,
    102.76896416377764,
    102.76896416377764,
    102.76896416377764,
    102.76896416377764,
    102.76896416377764,
    102.76896416377764,
    102.76896416377764,
    102.76896416377764,
    102.76896416377764,
    102.76896416377764,
    102.76896416377764,
    102.76896416377764,
    102.76896416377764,
    102.76896416377764,
    102.76896416377764,
    102.76896416377764,
    102.76896416377764
  ]
}
