{
  "timings": [
    1738801188.0998871,
    1738801189.7269068,
    1738801194.6722188,
    1738801201.980897,
    1738801210.2909863,
    1738801219.778289,
    1738801229.9839633,
    1738801241.4638374,
    1738801253.2082937,
    1738801265.2573063,
    1738801279.919349,
    1738801296.2413983,
    1738801312.8110135,
    1738801329.8769112,
    1738801347.3490293,
    1738801365.6888487,
    1738801385.4493241,
    1738801404.730096,
    1738801424.7414625,
    1738801444.941833,
    1738801465.2449467,
    1738801485.4087195,
    1738801505.527361,
    1738801525.6250641,
    1738801545.8297834,
    1738801565.874475,
    1738801585.9491863,
    1738801606.0890906,
    1738801626.3043458,
    1738801646.404788,
    1738801666.5133286,
    1738801686.4554913,
    1738801706.641845,
    1738801726.6973066,
    1738801746.8391309,
    1738801766.8960967,
    1738801787.066387,
    1738801807.213282,
    1738801827.363796,
    1738801847.4509487,
    1738801867.6834981,
    1738801887.863113,
    1738801907.9631803,
    1738801928.0929255,
    1738801948.2559466,
    1738801968.3374703,
    1738801988.4029245,
    1738802008.503792,
    1738802028.6645224,
    1738802048.692788,
    1738802068.8316643,
    1738802088.849014,
    1738802108.9788656,
    1738802128.9520588,
    1738802149.067108,
    1738802169.1702898,
    1738802189.3456798,
    1738802209.463788,
    1738802229.538738,
    1738802249.7613983,
    1738802270.2760363,
    1738802291.6422367,
    1738802312.0444162,
    1738802332.1281526,
    1738802352.4952552,
    1738802372.785153,
    1738802392.9753854,
    1738802413.4678147,
    1738802433.9047558,
    1738802454.2113352,
    1738802474.448688,
    1738802494.6164465,
    1738802514.942473,
    1738802535.1313927,
    1738802555.4366555,
    1738802575.8723166,
    1738802596.293305,
    1738802616.5255375,
    1738802636.7864623,
    1738802657.05494,
    1738802677.5280087,
    1738802697.786304,
    1738802718.1944916,
    1738802738.9043865,
    1738802759.9509616,
    1738802780.2801418,
    1738802800.6975574,
    1738802821.112334,
    1738802841.6080413,
    1738802861.9980016,
    1738802882.2623236,
    1738802902.5384116,
    1738802922.9898927,
    1738802943.4241917,
    1738802963.7169466,
    1738802984.1168723,
    1738803004.4383373,
    1738803024.673157,
    1738803045.0032864,
    1738803065.3318298
  ],
  "val_errors": [
    116.20878812115797,
    106.94716221612651,
    99.37938681208779,
    95.89841528691068,
    95.79281869448246,
    95.00532113429725,
    95.38257579505958,
    95.68923717043455,
    96.02965178248324,
    96.2649426522122,
    95.04632145940818,
    95.06496167564953,
    94.88336450385513,
    95.39387507838525,
    95.27038824108924,
    95.22701258087798,
    95.15513904615501,
    94.83457158427528,
    95.27654306217866,
    95.5165872011729,
    95.5165872011729,
    95.5165872011729,
    95.5165872011729,
    95.5165872011729,
    95.5165872011729,
    95.5165872011729,
    95.5165872011729,
    95.5165872011729,
    95.5165872011729,
    95.5165872011729,
    95.5165872011729,
    95.5165872011729,
    95.5165872011729,
    95.5165872011729,
    95.5165872011729,
    95.5165872011729,
    95.5165872011729,
    95.5165872011729,
    95.5165872011729,
    95.5165872011729,
    95.5165872011729,
    95.5165872011729,
    95.5165872011729,
    95.5165872011729,
    95.5165872011729,
    95.5165872011729,
    95.5165872011729,
    95.5165872011729,
    95.5165872011729,
    95.5165872011729,
    95.5165872011729,
    95.5165872011729,
    95.5165872011729,
    95.5165872011729,
    95.5165872011729,
    95.5165872011729,
    95.5165872011729,
    95.5165872011729,
    95.5165872011729,
    95.5165872011729,
    95.5165872011729,
    95.5165872011729,
    95.5165872011729,
    95.5165872011729,
    95.5165872011729,
    95.5165872011729,
    95.5165872011729,
    95.5165872011729,
    95.5165872011729,
    95.5165872011729,
    95.5165872011729,
    95.5165872011729,
    95.5165872011729,
    95.5165872011729,
    95.5165872011729,
    95.5165872011729,
    95.5165872011729,
    95.5165872011729,
    95.5165872011729,
    95.5165872011729,
    95.5165872011729,
    95.5165872011729,
    95.5165872011729,
    95.5165872011729,
    95.5165872011729,
    95.5165872011729,
    95.5165872011729,
    95.5165872011729,
    95.5165872011729,
    95.5165872011729,
    95.5165872011729,
    95.5165872011729,
    95.5165872011729,
    95.5165872011729,
    95.5165872011729,
    95.5165872011729,
    95.5165872011729,
    95.5165872011729,
    95.5165872011729,
    95.5165872011729
  ],
  "test_errors": [
    112.9622836253018,
    103.95186376190883,
    95.59515171796035,
    92.36590416583157,
    91.48504127915086,
    90.36643902803466,
    90.0262265093059,
    91.38600345509315,
    91.26526686320763,
    91.71997806246316,
    90.96052454403878,
    91.49300362116253,
    90.83755590165264,
    91.7828206106394,
    91.4815267334525,
    91.25660666093525,
    91.59379721489569,
    91.1058899415534,
    91.42838711823896,
    91.79825116138446,
    91.79825116138446,
    91.79825116138446,
    91.79825116138446,
    91.79825116138446,
    91.79825116138446,
    91.79825116138446,
    91.79825116138446,
    91.79825116138446,
    91.79825116138446,
    91.79825116138446,
    91.79825116138446,
    91.79825116138446,
    91.79825116138446,
    91.79825116138446,
    91.79825116138446,
    91.79825116138446,
    91.79825116138446,
    91.79825116138446,
    91.79825116138446,
    91.79825116138446,
    91.79825116138446,
    91.79825116138446,
    91.79825116138446,
    91.79825116138446,
    91.79825116138446,
    91.79825116138446,
    91.79825116138446,
    91.79825116138446,
    91.79825116138446,
    91.79825116138446,
    91.79825116138446,
    91.79825116138446,
    91.79825116138446,
    91.79825116138446,
    91.79825116138446,
    91.79825116138446,
    91.79825116138446,
    91.79825116138446,
    91.79825116138446,
    91.79825116138446,
    91.79825116138446,
    91.79825116138446,
    91.79825116138446,
    91.79825116138446,
    91.79825116138446,
    91.79825116138446,
    91.79825116138446,
    91.79825116138446,
    91.79825116138446,
    91.79825116138446,
    91.79825116138446,
    91.79825116138446,
    91.79825116138446,
    91.79825116138446,
    91.79825116138446,
    91.79825116138446,
    91.79825116138446,
    91.79825116138446,
    91.79825116138446,
    91.79825116138446,
    91.79825116138446,
    91.79825116138446,
    91.79825116138446,
    91.79825116138446,
    91.79825116138446,
    91.79825116138446,
    91.79825116138446,
    91.79825116138446,
    91.79825116138446,
    91.79825116138446,
    91.79825116138446,
    91.79825116138446,
    91.79825116138446,
    91.79825116138446,
    91.79825116138446,
    91.79825116138446,
    91.79825116138446,
    91.79825116138446,
    91.79825116138446,
    91.79825116138446
  ]
}