{
  "timings": [
    1738697789.4487734,
    1738697793.3385336,
    1738697799.4454608,
    1738697806.6602597,
    1738697815.188312,
    1738697825.8044767,
    1738697837.0836692,
    1738697850.3195894,
    1738697866.110259,
    1738697882.518774,
    1738697900.462693,
    1738697919.9227204,
    1738697939.415932,
    1738697960.044917,
    1738697982.3213508,
    1738698006.2076871,
    1738698029.930529,
    1738698054.3289065,
    1738698079.8612194,
    1738698107.401134,
    1738698138.588739,
    1738698170.7486312,
    1738698203.052288,
    1738698237.52569,
    1738698272.65138
  ],
  "val_errors": [
    15.857483178844213,
    10.127025836110525,
    7.991676824448368,
    7.575241065717061,
    7.569504636213959,
    7.482325725718265,
    7.291452484799011,
    7.063756925609768,
    6.774704743727662,
    6.793977150695785,
    6.739080890694127,
    6.819769402155059,
    6.727790004047987,
    6.767360730500773,
    6.756363787254097,
    6.7140665152158885,
    6.71999340430687,
    6.858085472161768,
    6.820852849551549,
    6.676724410613851,
    6.72606261829032,
    6.694125147208244,
    6.749106542124248,
    6.78524729543935,
    6.802053902472861
  ],
  "test_errors": [
    17.090256679424495,
    10.824175576905652,
    8.465810168994484,
    7.883526499295697,
    7.769616682585658,
    7.522902686871123,
    7.388741105691331,
    6.99701759603302,
    6.693517512420197,
    6.695631565775789,
    6.827274542984409,
    6.721630483211373,
    6.6414837208063116,
    6.8327188410789494,
    6.743457540411554,
    6.748507243369419,
    6.828540471746151,
    7.056488228449541,
    6.960875632224393,
    6.634855916604827,
    6.776354777100322,
    6.628127334354519,
    6.695537463137357,
    6.7805428700794845,
    6.895835211726507
  ]
}