{
  "timings": [
    1738770561.9981503,
    1738770563.678388,
    1738770567.3751464,
    1738770572.1886961,
    1738770578.21357,
    1738770585.1142282,
    1738770592.981037,
    1738770601.4885402,
    1738770611.2010279,
    1738770621.3104234,
    1738770631.7869961,
    1738770642.3750167,
    1738770653.6185138,
    1738770664.9963508,
    1738770676.4440377,
    1738770688.494164,
    1738770700.589774,
    1738770712.758895,
    1738770725.9690888,
    1738770739.2321224,
    1738770753.1729577,
    1738770767.729552,
    1738770782.2075133,
    1738770796.8052123,
    1738770811.6821232,
    1738770826.7613358,
    1738770842.0289915,
    1738770858.4434583,
    1738770875.0827463,
    1738770893.073736,
    1738770913.322607,
    1738770935.1776145,
    1738770959.884554,
    1738770983.9733431,
    1738771008.5377882,
    1738771032.5503714,
    1738771057.9597492,
    1738771082.441049,
    1738771107.2649271,
    1738771131.6265147,
    1738771155.787898,
    1738771180.0336804,
    1738771204.2765667,
    1738771228.6591322,
    1738771252.9883187,
    1738771277.2677622,
    1738771301.5263574,
    1738771325.6249008,
    1738771349.9088762,
    1738771374.1529303,
    1738771398.4111097,
    1738771422.789085,
    1738771446.8425925,
    1738771471.0107586,
    1738771495.1644595,
    1738771519.3720875,
    1738771543.4621382,
    1738771567.5746698,
    1738771591.765237,
    1738771615.8931994,
    1738771640.2116845,
    1738771664.460997,
    1738771688.6190515,
    1738771712.9400585,
    1738771737.0342717,
    1738771761.072948,
    1738771785.2190497,
    1738771809.4155185,
    1738771833.624229,
    1738771858.000102,
    1738771882.1575716,
    1738771906.453867,
    1738771930.548822,
    1738771954.683094,
    1738771978.9091218,
    1738772003.2223117,
    1738772027.3206003,
    1738772051.348303,
    1738772075.4527724,
    1738772099.7001703,
    1738772123.6948655,
    1738772147.8007076,
    1738772171.9169106,
    1738772196.231345,
    1738772220.4979475,
    1738772244.713085,
    1738772268.722483,
    1738772292.916658,
    1738772316.994208,
    1738772341.2670772,
    1738772365.5794218,
    1738772389.9251323,
    1738772413.927571,
    1738772438.0080667,
    1738772462.1767974,
    1738772486.4750736,
    1738772510.5999951,
    1738772534.8050506,
    1738772559.149409,
    1738772583.2153358
  ],
  "val_errors": [
    117.3993715908616,
    110.54358139246759,
    104.57742872125604,
    99.96019233658805,
    98.6007144097862,
    98.53482591406699,
    97.90425756538126,
    97.30084667898532,
    97.52171419509095,
    97.18021653116914,
    96.75623463069516,
    96.7087408595774,
    96.69173066857716,
    96.4208974181008,
    96.53471583648275,
    96.35634818670988,
    96.12222182674782,
    96.30218555659394,
    96.18559507415706,
    95.71374481017402,
    95.73533490659858,
    96.09205314856385,
    96.43416278886345,
    96.42465008087606,
    96.86871129035549,
    96.71015865434717,
    96.50999068650131,
    96.51456476367402,
    96.14954052778351,
    96.51436382201541,
    96.08674883054135,
    96.04512089401712,
    96.0239533510881,
    95.94545346893105,
    95.86581683733243,
    95.74980447886455,
    96.03933217581339,
    95.94045743576454,
    95.75612016000902,
    95.79990867967666,
    95.79990867967666,
    95.79990867967666,
    95.79990867967666,
    95.79990867967666,
    95.79990867967666,
    95.79990867967666,
    95.79990867967666,
    95.79990867967666,
    95.79990867967666,
    95.79990867967666,
    95.79990867967666,
    95.79990867967666,
    95.79990867967666,
    95.79990867967666,
    95.79990867967666,
    95.79990867967666,
    95.79990867967666,
    95.79990867967666,
    95.79990867967666,
    95.79990867967666,
    95.79990867967666,
    95.79990867967666,
    95.79990867967666,
    95.79990867967666,
    95.79990867967666,
    95.79990867967666,
    95.79990867967666,
    95.79990867967666,
    95.79990867967666,
    95.79990867967666,
    95.79990867967666,
    95.79990867967666,
    95.79990867967666,
    95.79990867967666,
    95.79990867967666,
    95.79990867967666,
    95.79990867967666,
    95.79990867967666,
    95.79990867967666,
    95.79990867967666,
    95.79990867967666,
    95.79990867967666,
    95.79990867967666,
    95.79990867967666,
    95.79990867967666,
    95.79990867967666,
    95.79990867967666,
    95.79990867967666,
    95.79990867967666,
    95.79990867967666,
    95.79990867967666,
    95.79990867967666,
    95.79990867967666,
    95.79990867967666,
    95.79990867967666,
    95.79990867967666,
    95.79990867967666,
    95.79990867967666,
    95.79990867967666,
    95.79990867967666
  ],
  "test_errors": [
    113.06622352236232,
    106.34629202422839,
    100.54801609765575,
    96.66438799832056,
    94.73281570934648,
    94.63249398689472,
    94.04582003002236,
    93.97057218883869,
    93.87630552601317,
    92.98940620633566,
    92.54705279329312,
    92.55085055465726,
    92.59340089164483,
    92.2197931942527,
    92.18955191304252,
    92.07091242780682,
    91.50229758267179,
    91.73781016490746,
    92.06271423813685,
    91.73482434558349,
    90.71386253897961,
    91.6381570691312,
    91.94700259076347,
    91.9205701355065,
    92.78026315152927,
    92.86450100169517,
    92.38131860293107,
    92.05699275995728,
    91.86918943782958,
    92.37759843701235,
    92.07691199958786,
    92.79659120963933,
    92.4987006479642,
    92.33145031334978,
    92.28641518099771,
    91.93557483588589,
    92.56123846870462,
    92.39964447837545,
    92.14415922588134,
    92.15407764190667,
    92.15407764190667,
    92.15407764190667,
    92.15407764190667,
    92.15407764190667,
    92.15407764190667,
    92.15407764190667,
    92.15407764190667,
    92.15407764190667,
    92.15407764190667,
    92.15407764190667,
    92.15407764190667,
    92.15407764190667,
    92.15407764190667,
    92.15407764190667,
    92.15407764190667,
    92.15407764190667,
    92.15407764190667,
    92.15407764190667,
    92.15407764190667,
    92.15407764190667,
    92.15407764190667,
    92.15407764190667,
    92.15407764190667,
    92.15407764190667,
    92.15407764190667,
    92.15407764190667,
    92.15407764190667,
    92.15407764190667,
    92.15407764190667,
    92.15407764190667,
    92.15407764190667,
    92.15407764190667,
    92.15407764190667,
    92.15407764190667,
    92.15407764190667,
    92.15407764190667,
    92.15407764190667,
    92.15407764190667,
    92.15407764190667,
    92.15407764190667,
    92.15407764190667,
    92.15407764190667,
    92.15407764190667,
    92.15407764190667,
    92.15407764190667,
    92.15407764190667,
    92.15407764190667,
    92.15407764190667,
    92.15407764190667,
    92.15407764190667,
    92.15407764190667,
    92.15407764190667,
    92.15407764190667,
    92.15407764190667,
    92.15407764190667,
    92.15407764190667,
    92.15407764190667,
    92.15407764190667,
    92.15407764190667,
    92.15407764190667
  ]
}
