{
  "timings": [
    1738797170.6775367,
    1738797173.0233562,
    1738797177.3689902,
    1738797183.389907,
    1738797190.5593538,
    1738797198.922944,
    1738797208.3184245,
    1738797219.28928,
    1738797231.4961565,
    1738797243.7506142,
    1738797257.792212,
    1738797273.336811,
    1738797290.136832,
    1738797306.236425,
    1738797323.4633095,
    1738797341.890033,
    1738797361.288088,
    1738797381.6253371,
    1738797402.4171398,
    1738797422.9490561,
    1738797444.2135913,
    1738797465.479447,
    1738797486.3358934,
    1738797507.2464213,
    1738797528.0692225,
    1738797548.9902337,
    1738797569.9995422,
    1738797590.9106047,
    1738797612.0419726,
    1738797632.9160516,
    1738797653.6352818,
    1738797674.5509746,
    1738797695.4595313,
    1738797716.3371985,
    1738797737.2257168,
    1738797758.1307912,
    1738797779.040968,
    1738797799.9325714,
    1738797820.7201352,
    1738797841.5035965,
    1738797862.3683512,
    1738797883.3045166,
    1738797904.237632,
    1738797925.122016,
    1738797946.1110141,
    1738797967.0601466,
    1738797987.964574,
    1738798008.7910674,
    1738798029.6148841,
    1738798050.5357497,
    1738798071.4599419,
    1738798092.3432007,
    1738798113.2500298,
    1738798134.0826647,
    1738798155.0459347,
    1738798176.000108,
    1738798197.009789,
    1738798217.90856,
    1738798238.8105738,
    1738798259.6998224,
    1738798280.6627412,
    1738798301.5555255,
    1738798322.2831173,
    1738798343.1503296,
    1738798364.086377,
    1738798384.8594687,
    1738798405.7541928,
    1738798426.7333386,
    1738798447.7229083,
    1738798468.6138444,
    1738798489.5294807,
    1738798510.3041513,
    1738798531.229796,
    1738798552.1298282,
    1738798573.0832095,
    1738798593.9416432,
    1738798614.8489892,
    1738798635.7722168,
    1738798656.7110252,
    1738798677.6899734,
    1738798698.4968796,
    1738798719.3081398,
    1738798740.2346735,
    1738798761.1511135,
    1738798782.0708237,
    1738798803.0061803,
    1738798824.0131004,
    1738798844.965493,
    1738798865.8925126,
    1738798886.7254002,
    1738798907.5548246,
    1738798928.494698,
    1738798949.4571579,
    1738798970.3689418,
    1738798991.2869694,
    1738799012.1983867,
    1738799033.0083659,
    1738799053.9256873,
    1738799074.8570766,
    1738799095.6773312
  ],
  "val_errors": [
    118.1290887471199,
    110.91181290345412,
    104.04272460818481,
    100.2071711099671,
    99.53723253812366,
    99.27417949463047,
    98.72464671425149,
    98.04376053657845,
    97.82555011962047,
    97.25296636544824,
    96.35828089069346,
    96.07084741936715,
    95.74956445527059,
    96.18405393798948,
    96.4451286726946,
    95.81541716822238,
    95.74511449779139,
    95.44418999870193,
    95.37409303180476,
    95.40935005504443,
    95.02201965696824,
    95.27725360305503,
    95.19138436590623,
    95.19138436590623,
    95.19138436590623,
    95.19138436590623,
    95.19138436590623,
    95.19138436590623,
    95.19138436590623,
    95.19138436590623,
    95.19138436590623,
    95.19138436590623,
    95.19138436590623,
    95.19138436590623,
    95.19138436590623,
    95.19138436590623,
    95.19138436590623,
    95.19138436590623,
    95.19138436590623,
    95.19138436590623,
    95.19138436590623,
    95.19138436590623,
    95.19138436590623,
    95.19138436590623,
    95.19138436590623,
    95.19138436590623,
    95.19138436590623,
    95.19138436590623,
    95.19138436590623,
    95.19138436590623,
    95.19138436590623,
    95.19138436590623,
    95.19138436590623,
    95.19138436590623,
    95.19138436590623,
    95.19138436590623,
    95.19138436590623,
    95.19138436590623,
    95.19138436590623,
    95.19138436590623,
    95.19138436590623,
    95.19138436590623,
    95.19138436590623,
    95.19138436590623,
    95.19138436590623,
    95.19138436590623,
    95.19138436590623,
    95.19138436590623,
    95.19138436590623,
    95.19138436590623,
    95.19138436590623,
    95.19138436590623,
    95.19138436590623,
    95.19138436590623,
    95.19138436590623,
    95.19138436590623,
    95.19138436590623,
    95.19138436590623,
    95.19138436590623,
    95.19138436590623,
    95.19138436590623,
    95.19138436590623,
    95.19138436590623,
    95.19138436590623,
    95.19138436590623,
    95.19138436590623,
    95.19138436590623,
    95.19138436590623,
    95.19138436590623,
    95.19138436590623,
    95.19138436590623,
    95.19138436590623,
    95.19138436590623,
    95.19138436590623,
    95.19138436590623,
    95.19138436590623,
    95.19138436590623,
    95.19138436590623,
    95.19138436590623,
    95.19138436590623
  ],
  "test_errors": [
    117.07995094673853,
    108.97018673387156,
    102.01179524165595,
    99.29654296105473,
    97.56831604622064,
    97.15457167464241,
    97.21833679896757,
    95.72967192901389,
    95.72519195494934,
    95.34167919965081,
    94.8057407929645,
    93.89683605044983,
    92.77331040768402,
    94.07562120680015,
    93.24517828732199,
    92.6924717334303,
    93.26982261875484,
    93.44418204380054,
    93.4151811012633,
    93.52651001964142,
    93.18472531434469,
    93.46237181002262,
    93.51817719384925,
    93.51817719384925,
    93.51817719384925,
    93.51817719384925,
    93.51817719384925,
    93.51817719384925,
    93.51817719384925,
    93.51817719384925,
    93.51817719384925,
    93.51817719384925,
    93.51817719384925,
    93.51817719384925,
    93.51817719384925,
    93.51817719384925,
    93.51817719384925,
    93.51817719384925,
    93.51817719384925,
    93.51817719384925,
    93.51817719384925,
    93.51817719384925,
    93.51817719384925,
    93.51817719384925,
    93.51817719384925,
    93.51817719384925,
    93.51817719384925,
    93.51817719384925,
    93.51817719384925,
    93.51817719384925,
    93.51817719384925,
    93.51817719384925,
    93.51817719384925,
    93.51817719384925,
    93.51817719384925,
    93.51817719384925,
    93.51817719384925,
    93.51817719384925,
    93.51817719384925,
    93.51817719384925,
    93.51817719384925,
    93.51817719384925,
    93.51817719384925,
    93.51817719384925,
    93.51817719384925,
    93.51817719384925,
    93.51817719384925,
    93.51817719384925,
    93.51817719384925,
    93.51817719384925,
    93.51817719384925,
    93.51817719384925,
    93.51817719384925,
    93.51817719384925,
    93.51817719384925,
    93.51817719384925,
    93.51817719384925,
    93.51817719384925,
    93.51817719384925,
    93.51817719384925,
    93.51817719384925,
    93.51817719384925,
    93.51817719384925,
    93.51817719384925,
    93.51817719384925,
    93.51817719384925,
    93.51817719384925,
    93.51817719384925,
    93.51817719384925,
    93.51817719384925,
    93.51817719384925,
    93.51817719384925,
    93.51817719384925,
    93.51817719384925,
    93.51817719384925,
    93.51817719384925,
    93.51817719384925,
    93.51817719384925,
    93.51817719384925,
    93.51817719384925
  ]
}