{
  "timings": [
    1738799096.9551675,
    1738799098.594075,
    1738799102.9385645,
    1738799110.014146,
    1738799118.2803905,
    1738799127.8411705,
    1738799137.9209762,
    1738799149.6863127,
    1738799161.9701717,
    1738799174.3134494,
    1738799188.1993566,
    1738799202.0146646,
    1738799218.3799157,
    1738799236.1000333,
    1738799254.8127766,
    1738799274.0226798,
    1738799293.3101459,
    1738799313.1128168,
    1738799334.0183034,
    1738799357.1044223,
    1738799380.3109975,
    1738799403.3580806,
    1738799425.8255088,
    1738799448.4836795,
    1738799471.3075655,
    1738799494.2430475,
    1738799517.113081,
    1738799539.923191,
    1738799562.700806,
    1738799585.567469,
    1738799608.547772,
    1738799631.4413028,
    1738799654.1922688,
    1738799677.0288131,
    1738799699.867129,
    1738799722.762194,
    1738799745.8718414,
    1738799768.6471956,
    1738799791.4927251,
    1738799814.3264408,
    1738799837.211552,
    1738799860.1515272,
    1738799883.0909138,
    1738799905.896127,
    1738799928.7973723,
    1738799951.6931176,
    1738799974.607882,
    1738799997.5517688,
    1738800020.2303278,
    1738800042.9447055,
    1738800065.7347162,
    1738800088.6676443,
    1738800111.5315635,
    1738800134.4546947,
    1738800157.2624657,
    1738800180.2048771,
    1738800203.10909,
    1738800226.0193448,
    1738800248.8679278,
    1738800271.5997367,
    1738800294.3544123,
    1738800317.1283536,
    1738800340.0505898,
    1738800362.9880004,
    1738800385.8319912,
    1738800408.6942384,
    1738800431.6506088,
    1738800454.5920935,
    1738800477.5602899,
    1738800500.5545168,
    1738800523.294174,
    1738800546.1236029,
    1738800568.912872,
    1738800591.7757294,
    1738800614.6520867,
    1738800637.5699074,
    1738800660.3819623,
    1738800683.3118708,
    1738800706.2766597,
    1738800729.1342158,
    1738800752.0771408,
    1738800774.8861682,
    1738800797.7419653,
    1738800820.6214345,
    1738800843.623508,
    1738800866.516676,
    1738800889.4586334,
    1738800912.2730124,
    1738800935.1597037,
    1738800958.0670736,
    1738800980.9709218,
    1738801003.9726126,
    1738801026.7397852,
    1738801049.6154485,
    1738801072.4173613,
    1738801095.3055182,
    1738801118.220316,
    1738801141.0777066,
    1738801163.8509107,
    1738801186.8178506
  ],
  "val_errors": [
    115.9493476886221,
    108.31466440577677,
    102.83318851130358,
    98.89810492519541,
    97.03146687579132,
    96.01468830622579,
    95.60491370947977,
    95.52375178838187,
    95.5889042808544,
    96.01011942807067,
    96.30871668348858,
    96.3915184169425,
    96.33093341894889,
    95.97729065458525,
    96.22282896034491,
    96.11229805235209,
    96.04744888740565,
    95.64352712335621,
    95.74432451073167,
    95.357925435312,
    95.35879214977783,
    95.55946356516873,
    95.42800743177992,
    95.53069848871253,
    95.57370899684761,
    95.57370899684761,
    95.57370899684761,
    95.57370899684761,
    95.57370899684761,
    95.57370899684761,
    95.57370899684761,
    95.57370899684761,
    95.57370899684761,
    95.57370899684761,
    95.57370899684761,
    95.57370899684761,
    95.57370899684761,
    95.57370899684761,
    95.57370899684761,
    95.57370899684761,
    95.57370899684761,
    95.57370899684761,
    95.57370899684761,
    95.57370899684761,
    95.57370899684761,
    95.57370899684761,
    95.57370899684761,
    95.57370899684761,
    95.57370899684761,
    95.57370899684761,
    95.57370899684761,
    95.57370899684761,
    95.57370899684761,
    95.57370899684761,
    95.57370899684761,
    95.57370899684761,
    95.57370899684761,
    95.57370899684761,
    95.57370899684761,
    95.57370899684761,
    95.57370899684761,
    95.57370899684761,
    95.57370899684761,
    95.57370899684761,
    95.57370899684761,
    95.57370899684761,
    95.57370899684761,
    95.57370899684761,
    95.57370899684761,
    95.57370899684761,
    95.57370899684761,
    95.57370899684761,
    95.57370899684761,
    95.57370899684761,
    95.57370899684761,
    95.57370899684761,
    95.57370899684761,
    95.57370899684761,
    95.57370899684761,
    95.57370899684761,
    95.57370899684761,
    95.57370899684761,
    95.57370899684761,
    95.57370899684761,
    95.57370899684761,
    95.57370899684761,
    95.57370899684761,
    95.57370899684761,
    95.57370899684761,
    95.57370899684761,
    95.57370899684761,
    95.57370899684761,
    95.57370899684761,
    95.57370899684761,
    95.57370899684761,
    95.57370899684761,
    95.57370899684761,
    95.57370899684761,
    95.57370899684761,
    95.57370899684761
  ],
  "test_errors": [
    117.09029559460213,
    109.77404164469317,
    104.6766730242928,
    99.8095791259401,
    98.76115966444813,
    97.29879096097743,
    97.59003217231235,
    97.28071851221051,
    98.39000998782883,
    98.34662314812027,
    97.6701704099195,
    97.75387228618725,
    97.47453599860373,
    97.61514489110381,
    97.96749633207804,
    97.76033389031019,
    97.41165689103313,
    97.16649198093761,
    96.93090140187742,
    96.87731750212639,
    96.6600785062708,
    97.19092738919443,
    97.42672186262814,
    97.29335255213064,
    97.44626337886525,
    97.44626337886525,
    97.44626337886525,
    97.44626337886525,
    97.44626337886525,
    97.44626337886525,
    97.44626337886525,
    97.44626337886525,
    97.44626337886525,
    97.44626337886525,
    97.44626337886525,
    97.44626337886525,
    97.44626337886525,
    97.44626337886525,
    97.44626337886525,
    97.44626337886525,
    97.44626337886525,
    97.44626337886525,
    97.44626337886525,
    97.44626337886525,
    97.44626337886525,
    97.44626337886525,
    97.44626337886525,
    97.44626337886525,
    97.44626337886525,
    97.44626337886525,
    97.44626337886525,
    97.44626337886525,
    97.44626337886525,
    97.44626337886525,
    97.44626337886525,
    97.44626337886525,
    97.44626337886525,
    97.44626337886525,
    97.44626337886525,
    97.44626337886525,
    97.44626337886525,
    97.44626337886525,
    97.44626337886525,
    97.44626337886525,
    97.44626337886525,
    97.44626337886525,
    97.44626337886525,
    97.44626337886525,
    97.44626337886525,
    97.44626337886525,
    97.44626337886525,
    97.44626337886525,
    97.44626337886525,
    97.44626337886525,
    97.44626337886525,
    97.44626337886525,
    97.44626337886525,
    97.44626337886525,
    97.44626337886525,
    97.44626337886525,
    97.44626337886525,
    97.44626337886525,
    97.44626337886525,
    97.44626337886525,
    97.44626337886525,
    97.44626337886525,
    97.44626337886525,
    97.44626337886525,
    97.44626337886525,
    97.44626337886525,
    97.44626337886525,
    97.44626337886525,
    97.44626337886525,
    97.44626337886525,
    97.44626337886525,
    97.44626337886525,
    97.44626337886525,
    97.44626337886525,
    97.44626337886525,
    97.44626337886525
  ]
}