{
  "timings": [
    1738712623.8349385,
    1738712625.4904974,
    1738712628.406987,
    1738712632.1629126,
    1738712636.17674,
    1738712641.2592566,
    1738712647.7720778,
    1738712655.6242926,
    1738712664.2112489,
    1738712672.949808,
    1738712682.3370693,
    1738712691.7865136,
    1738712702.2970362,
    1738712712.7424653,
    1738712723.4877777,
    1738712734.6002204,
    1738712746.1826837,
    1738712758.5249915,
    1738712770.9334533,
    1738712783.5681717,
    1738712796.3128233,
    1738712809.9257042,
    1738712824.1653132,
    1738712839.520592,
    1738712856.5040016,
    1738712874.4451025,
    1738712892.7488813,
    1738712910.1936593,
    1738712927.5275276,
    1738712944.4148905,
    1738712961.28819,
    1738712978.0029867,
    1738712995.2008867,
    1738713013.0393791,
    1738713032.6066961,
    1738713052.8978834,
    1738713073.5600724,
    1738713093.8738341,
    1738713114.7970934,
    1738713135.1311426,
    1738713155.4372041,
    1738713175.7686415,
    1738713196.2414527,
    1738713216.627396,
    1738713236.723022,
    1738713256.4386566,
    1738713276.1330082,
    1738713295.937172,
    1738713315.7020538,
    1738713336.9898434
  ],
  "val_errors": [
    115.9493476886221,
    109.5452874625814,
    104.8139669043505,
    100.93243278676505,
    99.13213485369272,
    97.50106848644619,
    95.74530479244972,
    94.44697906406047,
    94.02823943516346,
    93.33962830988999,
    93.65746314056868,
    93.71545849749093,
    93.34981226012899,
    93.22281325158598,
    93.11467168335984,
    92.99274302445563,
    92.82236539412429,
    92.7749682674312,
    92.67195233933788,
    92.47068027123812,
    92.65335241687193,
    92.62455524247265,
    92.51994819842209,
    92.58996725141319,
    92.20652137870754,
    92.10336305924956,
    92.1704653547281,
    91.97481977196995,
    92.23328513208241,
    92.57770549316713,
    92.5763698229902,
    93.12193267929202,
    92.64826824326728,
    92.76428131193903,
    91.9562491708332,
    92.02967453566373,
    92.0946147426396,
    92.27474433802449,
    92.39862681856056,
    92.65352948692711,
    92.74573104448791,
    92.36761214976673,
    91.94509328022457,
    92.29174427864686,
    92.60197631242387,
    92.73792854264701,
    93.09038929116377,
    93.01059395438685,
    92.91668157462838,
    92.99329193840762
  ],
  "test_errors": [
    117.09029559460213,
    110.28892913207201,
    106.37533729639314,
    101.87619461212195,
    100.78698633976262,
    98.54245909134625,
    96.98723499683216,
    95.15721808497355,
    94.8797989501008,
    93.94192860252099,
    93.52867610089066,
    93.67199746656048,
    93.81352833692979,
    94.17937929840635,
    93.73237344117497,
    93.40893194355728,
    93.16635062255713,
    93.17244786907575,
    93.13369200442894,
    92.84005575400596,
    92.65705991136647,
    92.8951576946948,
    92.21989695041471,
    92.16955690053415,
    91.90227256900309,
    92.08287086448277,
    91.86369814754381,
    91.55263713420871,
    91.89613345448191,
    91.95179044267347,
    92.00518297326703,
    92.16672157676221,
    92.28695250475188,
    92.24454127628904,
    91.79087843060947,
    91.93956918881038,
    91.85691744706172,
    91.9660527265338,
    92.76087167031982,
    92.96741613710451,
    93.5420340108207,
    93.08635526154319,
    92.80453331754167,
    92.80191821778942,
    93.04700498714756,
    93.08912253477254,
    93.90190275474605,
    93.883341468793,
    93.8503249882635,
    94.13118606700445
  ]
}