{
  "timings": [
    1738696965.4883494,
    1738696968.35571,
    1738696972.6590874,
    1738696977.597041,
    1738696986.3291433,
    1738696997.0789344,
    1738697008.516032,
    1738697021.2527134,
    1738697034.9982154,
    1738697050.4024758,
    1738697066.7021427,
    1738697084.0275316,
    1738697102.356517,
    1738697122.0738373,
    1738697142.8067827,
    1738697163.496908,
    1738697185.467948,
    1738697208.698516,
    1738697233.0755324,
    1738697259.7184856,
    1738697290.552144,
    1738697320.0526998,
    1738697350.6149735,
    1738697383.9080303,
    1738697416.6343875
  ],
  "val_errors": [
    15.55807777547122,
    10.982104700908788,
    9.706197675345814,
    8.889011025551126,
    7.235941693202187,
    6.697751112729113,
    6.806351572012282,
    6.698471475380006,
    6.828870280439443,
    6.549067944567786,
    6.483905038865381,
    6.604863847493323,
    6.549551219682137,
    6.537470639390545,
    6.552656658298413,
    6.4024638446692785,
    6.623226112797137,
    6.497786242894115,
    6.6585670027761585,
    6.575593714016231,
    6.771332792008283,
    6.709803810000442,
    6.70811366972945,
    6.635492525119556,
    6.631906518419977
  ],
  "test_errors": [
    16.13148209630045,
    11.429221779560772,
    10.269477495963857,
    9.287098928883614,
    7.691877892265982,
    7.144548456858648,
    7.119645002783716,
    7.217292707715669,
    7.488151221608972,
    7.141451078251298,
    7.084278055366698,
    7.035135726992926,
    7.022213362541912,
    6.9218793387917765,
    7.148902042260142,
    7.0283477542454,
    7.021068975377837,
    6.8869970189255945,
    6.857416386185524,
    6.959606150015992,
    7.270086777882725,
    7.28490583696268,
    7.175756112116503,
    7.412339802624029,
    7.312623845600476
  ]
}