{
  "timings": [
    1738710267.476092,
    1738710276.8136787,
    1738710287.8463912,
    1738710299.6965816,
    1738710312.7969155,
    1738710326.6061578,
    1738710341.1683288,
    1738710355.913118,
    1738710371.0148227,
    1738710386.0861886,
    1738710400.5430999,
    1738710414.7969491,
    1738710429.375347,
    1738710444.0718246,
    1738710458.9925628,
    1738710473.9778817,
    1738710489.204972,
    1738710504.6058393,
    1738710520.180054,
    1738710535.8179824,
    1738710551.5597901,
    1738710567.882942,
    1738710584.52134,
    1738710601.1705317,
    1738710618.200123,
    1738710635.0410304,
    1738710652.0686114,
    1738710669.050773,
    1738710686.2288094,
    1738710703.4688127,
    1738710720.8634236,
    1738710737.9005227,
    1738710755.0994418,
    1738710772.2788186,
    1738710789.5198274,
    1738710806.7795966,
    1738710823.7805927,
    1738710841.2958405,
    1738710858.2253568,
    1738710875.3327188,
    1738710892.5938778,
    1738710909.601038,
    1738710926.8004181,
    1738710944.0029836,
    1738710961.1232908,
    1738710978.5926259,
    1738710996.1831229,
    1738711013.7329764,
    1738711031.011422,
    1738711048.4606175
  ],
  "val_errors": [
    113.39041834189278,
    100.37528549676627,
    93.70615415121601,
    89.53519969944267,
    87.09060512673311,
    85.71703369590156,
    85.35472930433986,
    84.99680426882135,
    84.6817866825883,
    84.47513974547398,
    84.57013179603267,
    84.468339447782,
    84.2698875634601,
    84.09650130598531,
    83.78369173448822,
    83.52961693911809,
    83.48941936430612,
    83.2645502404742,
    83.22446696479655,
    82.9387163676503,
    83.04867135778387,
    82.83000550088924,
    82.97630809904268,
    82.68061480635942,
    82.73339363188842,
    82.77866618057284,
    82.69715549110472,
    82.97522974799708,
    82.69692009579916,
    82.98744322666117,
    83.07947030369372,
    83.14469830351942,
    83.10426298595537,
    82.81291595179819,
    82.92821590152101,
    83.04170108042665,
    82.81778552900317,
    82.95733677844886,
    82.92076912005665,
    82.87321848024528,
    82.9261574168083,
    82.89327442147392,
    82.89184034722665,
    82.97159941520806,
    82.92661727447131,
    83.03973720577858,
    83.03283177967673,
    83.07273330536353,
    82.9850849734895,
    83.174279890868
  ],
  "test_errors": [
    114.38407461997649,
    102.43395423652946,
    95.80601235882816,
    91.52828592338832,
    89.26451731820424,
    88.38146441934141,
    87.37047211541304,
    87.70923866694608,
    86.59216349638245,
    86.34348471223012,
    86.35161484657687,
    86.06082852395132,
    85.69194139363027,
    85.61776164157321,
    84.90824981597441,
    84.7879304950517,
    84.9548177837094,
    85.11247266383707,
    84.63029948750842,
    84.36840663438834,
    84.19061700548465,
    84.62090195337228,
    84.5859310495176,
    84.36766413351806,
    83.98113714979925,
    83.69306805347345,
    83.9106984112662,
    84.25123117789413,
    84.25391668148575,
    84.50878979991708,
    84.26060281237062,
    84.4199181395012,
    84.7243991473427,
    84.73032880083473,
    84.57063626743965,
    84.36084061475933,
    84.42387999830895,
    84.25131747432359,
    84.6123957368301,
    84.40989828342026,
    84.39904847739336,
    84.38413328878292,
    84.1659698447214,
    84.43363896983848,
    84.20912606928565,
    84.48129569389044,
    84.2515098360615,
    84.70391991922881,
    84.21003152684865,
    84.11795996292454
  ]
}