{
  "timings": [
    1738735373.6028206,
    1738735375.2709363,
    1738735376.9734852,
    1738735378.802076,
    1738735380.7872164,
    1738735382.836312,
    1738735384.9620948,
    1738735387.1955938,
    1738735389.3587444,
    1738735391.6449232,
    1738735393.859099,
    1738735396.1195996,
    1738735398.5173917,
    1738735400.8382163,
    1738735403.274309,
    1738735405.6949372,
    1738735408.23505,
    1738735410.699046,
    1738735413.1607032,
    1738735415.6977956,
    1738735418.195432,
    1738735420.7531388,
    1738735423.239744,
    1738735425.8018136,
    1738735428.2848592,
    1738735430.8212225,
    1738735433.2830877,
    1738735435.815319,
    1738735438.3005643,
    1738735440.8624678,
    1738735443.3657644,
    1738735445.9195182,
    1738735448.3860137,
    1738735450.8767188,
    1738735453.448364,
    1738735455.9696956,
    1738735458.5261617,
    1738735461.0157163,
    1738735463.5737247,
    1738735466.083728,
    1738735468.7178898,
    1738735471.1880546,
    1738735473.728313,
    1738735476.2161875,
    1738735478.7255077,
    1738735481.2907476,
    1738735483.8074818,
    1738735486.3543153,
    1738735488.8162389,
    1738735491.3819737,
    1738735493.897046,
    1738735496.4456573,
    1738735498.9087396,
    1738735501.4613094,
    1738735503.929766,
    1738735506.4465559,
    1738735508.944538,
    1738735511.4303591,
    1738735513.9797733,
    1738735516.4613235,
    1738735519.027101,
    1738735521.4998116,
    1738735524.054869,
    1738735526.5122225,
    1738735529.0564353,
    1738735531.526499,
    1738735534.126425,
    1738735536.6049325,
    1738735539.1698575,
    1738735541.6613858,
    1738735544.1820598,
    1738735546.770506,
    1738735549.264662,
    1738735551.8362067,
    1738735554.3306262,
    1738735556.875781,
    1738735559.3386798,
    1738735561.8842692,
    1738735564.3451786,
    1738735566.9347286,
    1738735569.4062946,
    1738735571.987371,
    1738735574.4558785,
    1738735576.9504654,
    1738735579.50902,
    1738735582.0065176,
    1738735584.5541227,
    1738735587.0167534,
    1738735589.5803595,
    1738735592.0970187,
    1738735594.6659129,
    1738735597.1231737,
    1738735599.700893,
    1738735602.1761625,
    1738735604.6156495,
    1738735607.1792014,
    1738735609.6657734,
    1738735612.2230036,
    1738735614.7111259,
    1738735617.2599216
  ],
  "val_errors": [
    115.95507958551691,
    108.85701303351951,
    106.83734565170656,
    105.57406835967792,
    103.64126430708323,
    102.24425606652503,
    101.29419982116372,
    100.74368634216582,
    100.29928142255369,
    99.54919789502206,
    99.40387671608363,
    99.14786426689761,
    98.7078385631645,
    98.34281454643319,
    98.41677698255145,
    98.21795955514666,
    98.03743008053965,
    98.13229596937752,
    98.11913183180968,
    98.18416978725703,
    97.87820766756892,
    97.7748626612393,
    97.74868431241897,
    97.57809817167407,
    97.70822622861697,
    97.55232962542547,
    97.68757005587766,
    97.77969335239284,
    97.60131691458199,
    97.56077550576407,
    97.6333945174362,
    97.8302773781655,
    98.14427562208307,
    98.20235399582556,
    98.3838190717071,
    98.00456244521813,
    98.22854094724164,
    98.16305427012333,
    97.99661875015465,
    98.2081406483648,
    98.15944647029255,
    98.05310818719154,
    98.13158732622055,
    98.19369434560339,
    98.08104384118546,
    98.05265669083721,
    98.08246088371216,
    98.05916739664359,
    98.34375748684431,
    98.26230080763816,
    98.32349324082232,
    98.18828354200224,
    98.22130405841071,
    98.12256836427333,
    98.20670123016689,
    98.28305401737657,
    98.16920776823576,
    98.21211118779098,
    98.23994169604218,
    98.11575229965739,
    98.15238790067977,
    98.20666567248445,
    98.1065670767375,
    98.2121212607647,
    98.05244074120819,
    98.27327360001738,
    98.15358526726556,
    98.31781463738331,
    98.25350321463247,
    98.1997873800589,
    98.22524903065796,
    98.12755096667408,
    98.05628470394379,
    98.24011653025045,
    98.1424701062937,
    98.03701318444809,
    98.20684832404079,
    98.12344631543247,
    98.1544876687905,
    98.05891447697304,
    98.20087993546395,
    98.00424194908581,
    98.17083573784869,
    98.17893651580815,
    98.13071982934524,
    98.08246088371216,
    98.05916739664359,
    98.34375748684431,
    98.26230080763816,
    98.32349324082232,
    98.18828354200224,
    98.22130405841071,
    98.12256836427333,
    98.20670123016689,
    98.28305401737657,
    98.16920776823576,
    98.21211118779098,
    98.23994169604218,
    98.11575229965739,
    98.15238790067977
  ],
  "test_errors": [
    117.36258639881045,
    110.45065542272134,
    108.73371957733868,
    107.4449418050718,
    105.8798016810371,
    104.85169700034929,
    104.06199309957769,
    103.76015442432188,
    103.52615031872114,
    102.43693797939494,
    102.23087305731752,
    102.33266114953402,
    102.39178102081065,
    101.04599257095606,
    101.16809800902762,
    101.5523552288754,
    100.7557658009759,
    100.73021173888382,
    100.87269880267745,
    101.24334731390269,
    100.77532236181756,
    100.83808334017913,
    101.11486385520278,
    101.14835622204713,
    101.1541752969908,
    101.03736273463949,
    100.06669377511442,
    101.30975729548031,
    101.2658586066435,
    101.22552183892462,
    101.03840702081501,
    101.08151960911958,
    101.1462451261098,
    101.22973774249755,
    101.3547149073731,
    100.97172331692495,
    100.85840371470105,
    101.40076323643262,
    101.12100825891426,
    101.02605356246735,
    101.1875502851515,
    101.53254664880633,
    101.22991737048689,
    101.23360816225232,
    101.10529224860962,
    101.113360299135,
    101.16253110626737,
    101.38628224752205,
    101.29306587630441,
    101.14200647509071,
    101.24101011324632,
    101.32090274237474,
    101.14623262908134,
    101.12341689447689,
    101.14432278571249,
    100.73797560608037,
    101.18349647903943,
    101.24411408811497,
    101.30011239092606,
    101.3271744333291,
    101.32644044573311,
    101.40354065373775,
    101.14897181070037,
    101.198908962281,
    101.24191897669125,
    101.31457019961829,
    101.06945810136321,
    101.32041696800889,
    101.38032692072161,
    101.49897235357128,
    101.09106930311076,
    101.1317995880368,
    101.30729659036065,
    101.36995452672485,
    101.24167796504663,
    101.23820024597552,
    101.19109045752477,
    101.12524175323429,
    101.30050410090683,
    101.10862819220074,
    101.27286056026819,
    101.31220011153182,
    101.33995765452482,
    101.0696348908384,
    101.20138870878209,
    101.16253110626737,
    101.38628224752205,
    101.29306587630441,
    101.14200647509071,
    101.24101011324632,
    101.32090274237474,
    101.14623262908134,
    101.12341689447689,
    101.14432278571249,
    100.73797560608037,
    101.18349647903943,
    101.24411408811497,
    101.30011239092606,
    101.3271744333291,
    101.32644044573311
  ]
}