{
  "timings": [
    1738894233.5886252,
    1738894235.3227348,
    1738894239.9233131,
    1738894246.2947564,
    1738894254.6205366,
    1738894264.4222727,
    1738894275.026456,
    1738894287.1024039,
    1738894300.4326968,
    1738894315.1834652,
    1738894331.4037306,
    1738894347.4883466,
    1738894363.4993715,
    1738894379.5904498,
    1738894394.6944315,
    1738894410.1281004,
    1738894425.514293,
    1738894440.7738888,
    1738894456.0010421,
    1738894471.2465038,
    1738894486.4324355,
    1738894501.7658608,
    1738894516.9607825,
    1738894532.1412737,
    1738894547.383856,
    1738894562.4976313,
    1738894577.71017,
    1738894592.9800313,
    1738894608.24438,
    1738894623.5002303,
    1738894638.6695356,
    1738894653.770734,
    1738894669.0303137,
    1738894684.1619768,
    1738894699.2407112,
    1738894714.5231237,
    1738894729.7912834,
    1738894744.950102,
    1738894760.1823742,
    1738894775.4411473,
    1738894790.5573587,
    1738894805.7367637,
    1738894820.8746808,
    1738894836.0933883,
    1738894851.297369,
    1738894866.932361,
    1738894882.598909,
    1738894897.997733,
    1738894913.4540684,
    1738894928.6508567,
    1738894944.1723807,
    1738894959.416932,
    1738894974.6512508,
    1738894989.9179788,
    1738895005.2791984,
    1738895020.6380649,
    1738895035.7599502,
    1738895051.0434012,
    1738895066.2989297,
    1738895081.3745112,
    1738895096.7362137,
    1738895112.0431125,
    1738895127.3131468,
    1738895142.591943,
    1738895157.9835122,
    1738895173.223558,
    1738895188.567257,
    1738895203.7438614,
    1738895218.8239794,
    1738895234.0415134,
    1738895249.2268581,
    1738895264.471988,
    1738895279.5731084,
    1738895294.7801585,
    1738895310.0441568,
    1738895325.1860626,
    1738895340.4122858,
    1738895355.6287942,
    1738895370.7273786,
    1738895385.8474398,
    1738895401.1798122,
    1738895416.3072038,
    1738895431.533572,
    1738895446.7101934,
    1738895461.9428911,
    1738895477.0319269,
    1738895492.2246726,
    1738895507.3511147,
    1738895522.5406244,
    1738895537.6946373,
    1738895552.9165163,
    1738895568.1202977,
    1738895583.2332692,
    1738895598.4054933,
    1738895613.5225754,
    1738895628.7693942,
    1738895643.9292047,
    1738895659.0548708,
    1738895674.1086674,
    1738895689.3390827
  ],
  "val_errors": [
    116.20878812115797,
    106.90991389267505,
    99.59667145418354,
    96.19131603852294,
    95.2216637740178,
    95.12692303737833,
    94.78589395103526,
    94.73563760993679,
    94.28259252589532,
    94.19057508357234,
    93.39970099796172,
    95.05899071767949,
    94.84541699321927,
    94.83524707435656,
    95.17185254132795,
    95.20375811046506,
    95.20375811046506,
    95.20375811046506,
    95.20375811046506,
    95.20375811046506,
    95.20375811046506,
    95.20375811046506,
    95.20375811046506,
    95.20375811046506,
    95.20375811046506,
    95.20375811046506,
    95.20375811046506,
    95.20375811046506,
    95.20375811046506,
    95.20375811046506,
    95.20375811046506,
    95.20375811046506,
    95.20375811046506,
    95.20375811046506,
    95.20375811046506,
    95.20375811046506,
    95.20375811046506,
    95.20375811046506,
    95.20375811046506,
    95.20375811046506,
    95.20375811046506,
    95.20375811046506,
    95.20375811046506,
    95.20375811046506,
    95.20375811046506,
    95.20375811046506,
    95.20375811046506,
    95.20375811046506,
    95.20375811046506,
    95.20375811046506,
    95.20375811046506,
    95.20375811046506,
    95.20375811046506,
    95.20375811046506,
    95.20375811046506,
    95.20375811046506,
    95.20375811046506,
    95.20375811046506,
    95.20375811046506,
    95.20375811046506,
    95.20375811046506,
    95.20375811046506,
    95.20375811046506,
    95.20375811046506,
    95.20375811046506,
    95.20375811046506,
    95.20375811046506,
    95.20375811046506,
    95.20375811046506,
    95.20375811046506,
    95.20375811046506,
    95.20375811046506,
    95.20375811046506,
    95.20375811046506,
    95.20375811046506,
    95.20375811046506,
    95.20375811046506,
    95.20375811046506,
    95.20375811046506,
    95.20375811046506,
    95.20375811046506,
    95.20375811046506,
    95.20375811046506,
    95.20375811046506,
    95.20375811046506,
    95.20375811046506,
    95.20375811046506,
    95.20375811046506,
    95.20375811046506,
    95.20375811046506,
    95.20375811046506,
    95.20375811046506,
    95.20375811046506,
    95.20375811046506,
    95.20375811046506,
    95.20375811046506,
    95.20375811046506,
    95.20375811046506,
    95.20375811046506,
    95.20375811046506
  ],
  "test_errors": [
    112.9622836253018,
    103.96191121932154,
    94.75735573537578,
    91.88133960336918,
    90.48369535178486,
    90.17017056876146,
    89.87305357684465,
    90.62638813648448,
    89.64200767322903,
    90.57643964889547,
    89.95009421820112,
    90.70614745009343,
    90.63384442747999,
    90.84271958856944,
    90.94950089612342,
    90.96034616641991,
    90.96034616641991,
    90.96034616641991,
    90.96034616641991,
    90.96034616641991,
    90.96034616641991,
    90.96034616641991,
    90.96034616641991,
    90.96034616641991,
    90.96034616641991,
    90.96034616641991,
    90.96034616641991,
    90.96034616641991,
    90.96034616641991,
    90.96034616641991,
    90.96034616641991,
    90.96034616641991,
    90.96034616641991,
    90.96034616641991,
    90.96034616641991,
    90.96034616641991,
    90.96034616641991,
    90.96034616641991,
    90.96034616641991,
    90.96034616641991,
    90.96034616641991,
    90.96034616641991,
    90.96034616641991,
    90.96034616641991,
    90.96034616641991,
    90.96034616641991,
    90.96034616641991,
    90.96034616641991,
    90.96034616641991,
    90.96034616641991,
    90.96034616641991,
    90.96034616641991,
    90.96034616641991,
    90.96034616641991,
    90.96034616641991,
    90.96034616641991,
    90.96034616641991,
    90.96034616641991,
    90.96034616641991,
    90.96034616641991,
    90.96034616641991,
    90.96034616641991,
    90.96034616641991,
    90.96034616641991,
    90.96034616641991,
    90.96034616641991,
    90.96034616641991,
    90.96034616641991,
    90.96034616641991,
    90.96034616641991,
    90.96034616641991,
    90.96034616641991,
    90.96034616641991,
    90.96034616641991,
    90.96034616641991,
    90.96034616641991,
    90.96034616641991,
    90.96034616641991,
    90.96034616641991,
    90.96034616641991,
    90.96034616641991,
    90.96034616641991,
    90.96034616641991,
    90.96034616641991,
    90.96034616641991,
    90.96034616641991,
    90.96034616641991,
    90.96034616641991,
    90.96034616641991,
    90.96034616641991,
    90.96034616641991,
    90.96034616641991,
    90.96034616641991,
    90.96034616641991,
    90.96034616641991,
    90.96034616641991,
    90.96034616641991,
    90.96034616641991,
    90.96034616641991,
    90.96034616641991
  ]
}
