{
  "timings": [
    1738760039.43837,
    1738760041.0248291,
    1738760044.6359937,
    1738760049.77216,
    1738760056.3582988,
    1738760064.453089,
    1738760073.28502,
    1738760083.0860996,
    1738760093.7009616,
    1738760105.7870882,
    1738760119.033783,
    1738760132.3731687,
    1738760147.270198,
    1738760163.8935096,
    1738760180.622045,
    1738760197.0674255,
    1738760213.5734785,
    1738760229.96913,
    1738760247.4864302,
    1738760264.326844,
    1738760282.545233,
    1738760299.951835,
    1738760317.956417,
    1738760337.599717,
    1738760357.200902,
    1738760377.3231413,
    1738760398.5542681,
    1738760421.3904817,
    1738760444.2631004,
    1738760467.7322,
    1738760491.132399,
    1738760514.4222221,
    1738760537.7755027,
    1738760561.1530616,
    1738760584.46829,
    1738760607.8217006,
    1738760630.9075377,
    1738760654.29598,
    1738760677.5836823,
    1738760700.967176,
    1738760724.2446249,
    1738760747.5955238,
    1738760770.9837184,
    1738760794.295768,
    1738760817.577534,
    1738760840.8090656,
    1738760864.268522,
    1738760887.4689145,
    1738760910.7773821,
    1738760934.1355357,
    1738760957.5291731,
    1738760980.9723694,
    1738761004.2221026,
    1738761027.5138197,
    1738761050.8294075,
    1738761074.161757,
    1738761097.3715167,
    1738761120.7029371,
    1738761144.0423303,
    1738761167.3311384,
    1738761190.6314142,
    1738761213.9928863,
    1738761237.2505088,
    1738761260.5853026,
    1738761284.080173,
    1738761307.592695,
    1738761330.8730385,
    1738761354.169988,
    1738761377.5070293,
    1738761400.876032,
    1738761424.1612005,
    1738761447.4118764,
    1738761470.7212393,
    1738761494.0589678,
    1738761517.5552323,
    1738761540.9992392,
    1738761564.4606209,
    1738761588.1400986,
    1738761611.3384066,
    1738761634.6878254,
    1738761658.0603564,
    1738761681.4797864,
    1738761704.7816536,
    1738761728.020542,
    1738761751.2535439,
    1738761774.7508051,
    1738761798.1536293,
    1738761821.418573,
    1738761844.8046448,
    1738761868.3454037,
    1738761891.6419835,
    1738761914.8703737,
    1738761938.1750758,
    1738761961.6582336,
    1738761985.1043181,
    1738762008.4102743,
    1738762031.794153,
    1738762055.053132,
    1738762078.3758967,
    1738762101.755976
  ],
  "val_errors": [
    115.9493476886221,
    110.16077921667942,
    105.19345758148388,
    100.09545628169883,
    97.72445376881409,
    95.9507890014278,
    95.3491257718202,
    95.18123460587455,
    95.05956909309498,
    94.92917980611065,
    94.68491519390743,
    94.67098039414415,
    94.58604646989087,
    95.02086482946038,
    94.49699799666561,
    94.66514153700687,
    94.59919196158205,
    94.53302972369814,
    94.25814572452622,
    94.4850536386646,
    93.90766782322947,
    94.34899977385169,
    94.13828582717566,
    93.77204614103165,
    93.99794018904606,
    93.73560125875257,
    93.77365424676877,
    93.80933445416069,
    93.76284883964796,
    93.78323578899396,
    93.78323578899396,
    93.78323578899396,
    93.78323578899396,
    93.78323578899396,
    93.78323578899396,
    93.78323578899396,
    93.78323578899396,
    93.78323578899396,
    93.78323578899396,
    93.78323578899396,
    93.78323578899396,
    93.78323578899396,
    93.78323578899396,
    93.78323578899396,
    93.78323578899396,
    93.78323578899396,
    93.78323578899396,
    93.78323578899396,
    93.78323578899396,
    93.78323578899396,
    93.78323578899396,
    93.78323578899396,
    93.78323578899396,
    93.78323578899396,
    93.78323578899396,
    93.78323578899396,
    93.78323578899396,
    93.78323578899396,
    93.78323578899396,
    93.78323578899396,
    93.78323578899396,
    93.78323578899396,
    93.78323578899396,
    93.78323578899396,
    93.78323578899396,
    93.78323578899396,
    93.78323578899396,
    93.78323578899396,
    93.78323578899396,
    93.78323578899396,
    93.78323578899396,
    93.78323578899396,
    93.78323578899396,
    93.78323578899396,
    93.78323578899396,
    93.78323578899396,
    93.78323578899396,
    93.78323578899396,
    93.78323578899396,
    93.78323578899396,
    93.78323578899396,
    93.78323578899396,
    93.78323578899396,
    93.78323578899396,
    93.78323578899396,
    93.78323578899396,
    93.78323578899396,
    93.78323578899396,
    93.78323578899396,
    93.78323578899396,
    93.78323578899396,
    93.78323578899396,
    93.78323578899396,
    93.78323578899396,
    93.78323578899396,
    93.78323578899396,
    93.78323578899396,
    93.78323578899396,
    93.78323578899396,
    93.78323578899396
  ],
  "test_errors": [
    117.09029559460213,
    111.10258230257905,
    106.63352829401703,
    101.52997207121766,
    100.00981267258724,
    97.55324904223887,
    96.60206073082333,
    97.07809950688814,
    96.45856392705738,
    96.95513387118243,
    97.22371970576515,
    96.9664612552939,
    96.51423745967642,
    97.11634030865244,
    97.03595459558237,
    97.01092846705595,
    96.82433459218763,
    96.63968391882938,
    96.82908571986694,
    96.66882978608979,
    96.53729398800135,
    96.94671169581632,
    96.99259884926705,
    96.69063417224838,
    96.68519588203175,
    96.71156126760377,
    96.44331832303229,
    96.44659075008673,
    96.42501794701515,
    96.74620111684214,
    96.74620111684214,
    96.74620111684214,
    96.74620111684214,
    96.74620111684214,
    96.74620111684214,
    96.74620111684214,
    96.74620111684214,
    96.74620111684214,
    96.74620111684214,
    96.74620111684214,
    96.74620111684214,
    96.74620111684214,
    96.74620111684214,
    96.74620111684214,
    96.74620111684214,
    96.74620111684214,
    96.74620111684214,
    96.74620111684214,
    96.74620111684214,
    96.74620111684214,
    96.74620111684214,
    96.74620111684214,
    96.74620111684214,
    96.74620111684214,
    96.74620111684214,
    96.74620111684214,
    96.74620111684214,
    96.74620111684214,
    96.74620111684214,
    96.74620111684214,
    96.74620111684214,
    96.74620111684214,
    96.74620111684214,
    96.74620111684214,
    96.74620111684214,
    96.74620111684214,
    96.74620111684214,
    96.74620111684214,
    96.74620111684214,
    96.74620111684214,
    96.74620111684214,
    96.74620111684214,
    96.74620111684214,
    96.74620111684214,
    96.74620111684214,
    96.74620111684214,
    96.74620111684214,
    96.74620111684214,
    96.74620111684214,
    96.74620111684214,
    96.74620111684214,
    96.74620111684214,
    96.74620111684214,
    96.74620111684214,
    96.74620111684214,
    96.74620111684214,
    96.74620111684214,
    96.74620111684214,
    96.74620111684214,
    96.74620111684214,
    96.74620111684214,
    96.74620111684214,
    96.74620111684214,
    96.74620111684214,
    96.74620111684214,
    96.74620111684214,
    96.74620111684214,
    96.74620111684214,
    96.74620111684214,
    96.74620111684214
  ]
}