{
  "timings": [
    1738901041.1415346,
    1738901042.8659637,
    1738901048.089182,
    1738901055.5645387,
    1738901063.801441,
    1738901073.7686062,
    1738901084.9729002,
    1738901098.0351605,
    1738901113.0274835,
    1738901129.0869346,
    1738901147.8911786,
    1738901168.6665337,
    1738901187.4067886,
    1738901207.4850504,
    1738901229.9521787,
    1738901251.246242,
    1738901274.4412904,
    1738901297.0594862,
    1738901319.3976774,
    1738901341.6783118,
    1738901363.7005146,
    1738901385.7639425,
    1738901407.8406837,
    1738901430.0012233,
    1738901452.1667469,
    1738901474.277664,
    1738901496.3298128,
    1738901518.6306207,
    1738901542.8183486,
    1738901569.6952145,
    1738901595.7473874,
    1738901619.8235338,
    1738901644.4732084,
    1738901666.9684627,
    1738901689.3236046,
    1738901711.534155,
    1738901733.6734931,
    1738901755.8687155,
    1738901778.025727,
    1738901800.5158465,
    1738901822.7480903,
    1738901844.9446607,
    1738901867.2132368,
    1738901889.4044232,
    1738901911.579136,
    1738901933.6984754,
    1738901955.9620643,
    1738901978.1502924,
    1738902000.3759742,
    1738902022.5266392,
    1738902044.8035192,
    1738902066.9624076,
    1738902089.5357463,
    1738902111.6262357,
    1738902133.8851805,
    1738902156.2915156,
    1738902178.4446003,
    1738902200.568165,
    1738902222.7692266,
    1738902245.0644426,
    1738902267.2509656,
    1738902289.5764525,
    1738902311.851669,
    1738902334.1444733,
    1738902356.4675987,
    1738902378.6432183,
    1738902400.839518,
    1738902423.1268108,
    1738902445.2596064,
    1738902467.5669227,
    1738902489.8336737,
    1738902511.9950342,
    1738902534.299807,
    1738902556.6243262,
    1738902578.8904657,
    1738902601.0727508,
    1738902623.4331284,
    1738902645.7272317,
    1738902667.944362,
    1738902690.3124728,
    1738902712.5173132,
    1738902734.667296,
    1738902756.846251,
    1738902779.03496,
    1738902801.3723888,
    1738902823.576323,
    1738902845.7830122,
    1738902868.0690615,
    1738902890.2961166,
    1738902912.4036787,
    1738902934.5997126,
    1738902956.9571342,
    1738902979.148127,
    1738903001.3929658,
    1738903023.4232738,
    1738903045.735401,
    1738903067.8498087,
    1738903090.1714704,
    1738903112.2773232,
    1738903134.4379606
  ],
  "val_errors": [
    117.3993715908616,
    110.54773332341094,
    107.24874322464291,
    104.17613307486434,
    103.39711294537928,
    102.47753796262408,
    101.61196437585888,
    101.29629828998667,
    100.35685524455954,
    100.03798297497342,
    99.8257510251692,
    98.52986930078548,
    98.28542008575549,
    97.85914747640206,
    97.31340840297234,
    97.41714637689306,
    97.2415032789007,
    97.25056823377349,
    97.3270649745791,
    97.3270649745791,
    97.3270649745791,
    97.3270649745791,
    97.3270649745791,
    97.3270649745791,
    97.3270649745791,
    97.3270649745791,
    97.3270649745791,
    97.3270649745791,
    97.3270649745791,
    97.3270649745791,
    97.3270649745791,
    97.3270649745791,
    97.3270649745791,
    97.3270649745791,
    97.3270649745791,
    97.3270649745791,
    97.3270649745791,
    97.3270649745791,
    97.3270649745791,
    97.3270649745791,
    97.3270649745791,
    97.3270649745791,
    97.3270649745791,
    97.3270649745791,
    97.3270649745791,
    97.3270649745791,
    97.3270649745791,
    97.3270649745791,
    97.3270649745791,
    97.3270649745791,
    97.3270649745791,
    97.3270649745791,
    97.3270649745791,
    97.3270649745791,
    97.3270649745791,
    97.3270649745791,
    97.3270649745791,
    97.3270649745791,
    97.3270649745791,
    97.3270649745791,
    97.3270649745791,
    97.3270649745791,
    97.3270649745791,
    97.3270649745791,
    97.3270649745791,
    97.3270649745791,
    97.3270649745791,
    97.3270649745791,
    97.3270649745791,
    97.3270649745791,
    97.3270649745791,
    97.3270649745791,
    97.3270649745791,
    97.3270649745791,
    97.3270649745791,
    97.3270649745791,
    97.3270649745791,
    97.3270649745791,
    97.3270649745791,
    97.3270649745791,
    97.3270649745791,
    97.3270649745791,
    97.3270649745791,
    97.3270649745791,
    97.3270649745791,
    97.3270649745791,
    97.3270649745791,
    97.3270649745791,
    97.3270649745791,
    97.3270649745791,
    97.3270649745791,
    97.3270649745791,
    97.3270649745791,
    97.3270649745791,
    97.3270649745791,
    97.3270649745791,
    97.3270649745791,
    97.3270649745791,
    97.3270649745791,
    97.3270649745791
  ],
  "test_errors": [
    113.06622352236232,
    106.37312677730414,
    103.15022593126874,
    99.5870839883444,
    99.68510415532788,
    98.90364365062236,
    98.84596723176334,
    97.84532421726027,
    96.8503413691267,
    96.28458468304072,
    95.78948703902434,
    95.38935315148085,
    95.18712334068918,
    95.25340821155231,
    94.34086444115357,
    94.63377114557848,
    94.66700428571808,
    94.66700428571808,
    94.61900271412729,
    94.61900271412729,
    94.61900271412729,
    94.61900271412729,
    94.61900271412729,
    94.61900271412729,
    94.61900271412729,
    94.61900271412729,
    94.61900271412729,
    94.61900271412729,
    94.61900271412729,
    94.61900271412729,
    94.61900271412729,
    94.61900271412729,
    94.61900271412729,
    94.61900271412729,
    94.61900271412729,
    94.61900271412729,
    94.61900271412729,
    94.61900271412729,
    94.61900271412729,
    94.61900271412729,
    94.61900271412729,
    94.61900271412729,
    94.61900271412729,
    94.61900271412729,
    94.61900271412729,
    94.61900271412729,
    94.61900271412729,
    94.61900271412729,
    94.61900271412729,
    94.61900271412729,
    94.61900271412729,
    94.61900271412729,
    94.61900271412729,
    94.61900271412729,
    94.61900271412729,
    94.61900271412729,
    94.61900271412729,
    94.61900271412729,
    94.61900271412729,
    94.61900271412729,
    94.61900271412729,
    94.61900271412729,
    94.61900271412729,
    94.61900271412729,
    94.61900271412729,
    94.61900271412729,
    94.61900271412729,
    94.61900271412729,
    94.61900271412729,
    94.61900271412729,
    94.61900271412729,
    94.61900271412729,
    94.61900271412729,
    94.61900271412729,
    94.61900271412729,
    94.61900271412729,
    94.61900271412729,
    94.61900271412729,
    94.61900271412729,
    94.61900271412729,
    94.61900271412729,
    94.61900271412729,
    94.61900271412729,
    94.61900271412729,
    94.61900271412729,
    94.61900271412729,
    94.61900271412729,
    94.61900271412729,
    94.61900271412729,
    94.61900271412729,
    94.61900271412729,
    94.61900271412729,
    94.61900271412729,
    94.61900271412729,
    94.61900271412729,
    94.61900271412729,
    94.61900271412729,
    94.61900271412729,
    94.61900271412729,
    94.61900271412729
  ]
}