{
  "timings": [
    1738698274.4724774,
    1738698277.9057062,
    1738698285.4274328,
    1738698298.5204496,
    1738698315.2995136,
    1738698339.591244,
    1738698368.005452,
    1738698398.58539,
    1738698435.4015355,
    1738698479.9404662,
    1738698529.8678935,
    1738698586.4001827,
    1738698648.1569479,
    1738698706.894682,
    1738698768.4202712,
    1738698831.9651027,
    1738698900.0608606,
    1738698968.0523725,
    1738699043.2564785,
    1738699122.5812867,
    1738699212.933023,
    1738699309.3643994,
    1738699401.5477386,
    1738699493.6971853,
    1738699585.9951794
  ],
  "val_errors": [
    15.55807777547122,
    11.999113792998878,
    8.931348679149421,
    8.030263270547099,
    7.646481670861905,
    7.401040151699806,
    7.493118545981152,
    7.390807116275004,
    7.308353329700034,
    7.55669559062728,
    7.709337285079983,
    7.560277452571295,
    7.704462850276642,
    7.663327505017091,
    7.660465376137388,
    7.685897364400936,
    7.538297160054263,
    7.520462163001365,
    7.701404128947241,
    7.552337423972768,
    7.591663235863557,
    7.692909146266091,
    7.600928108105695,
    7.600928108105695,
    7.600928108105695
  ],
  "test_errors": [
    16.13148209630045,
    12.570610161633196,
    9.231260529185453,
    8.494813864980658,
    8.12162915725684,
    8.000449875065208,
    7.957768877881033,
    7.916718721491938,
    7.875231568794909,
    8.185380885721639,
    8.245627214985596,
    8.256834485568412,
    8.311136136719897,
    8.267463396083329,
    8.206248107395576,
    8.20784323261092,
    8.139063306323518,
    8.098393655070796,
    8.06418102250029,
    7.94826156963573,
    8.270884166846924,
    8.254861477473384,
    8.117876860022752,
    8.117876860022752,
    8.117876860022752
  ]
}