{
  "timings": [
    1738713342.5512075,
    1738713353.628703,
    1738713371.3242006,
    1738713396.678553,
    1738713429.1002867,
    1738713466.3705397,
    1738713509.3708851,
    1738713554.9230394,
    1738713607.9346526,
    1738713666.0402508,
    1738713729.2630355,
    1738713794.6893094,
    1738713865.0307362,
    1738713942.8115497,
    1738714024.4139209,
    1738714108.3315258,
    1738714194.8101165,
    1738714283.7261028,
    1738714375.7068086,
    1738714475.010446,
    1738714575.649365,
    1738714678.329875,
    1738714782.5928547,
    1738714887.0624115,
    1738714999.9812589,
    1738715116.9805434,
    1738715240.5390613,
    1738715370.3166604,
    1738715511.519692,
    1738715658.4455793,
    1738715810.4388669,
    1738715967.0120537,
    1738716130.567271,
    1738716294.998052,
    1738716467.6894898,
    1738716642.553862,
    1738716817.065228,
    1738716998.683153,
    1738717193.7788308,
    1738717397.4904022,
    1738717600.3036702,
    1738717806.927605,
    1738718014.0806608,
    1738718226.2023466,
    1738718444.0109408,
    1738718667.706962,
    1738718898.2748144,
    1738719134.8075502,
    1738719377.63571,
    1738719616.477502
  ],
  "val_errors": [
    113.23158177340939,
    100.17835842640952,
    93.17527068438487,
    88.57905690224314,
    86.9558604343981,
    85.88103224658833,
    84.62794615107433,
    84.29776832121169,
    83.91305508995899,
    83.91800436594237,
    84.05194477465533,
    83.76371370078436,
    84.09060404853524,
    83.2204354117614,
    83.33047307032327,
    83.26778888921953,
    83.30872268949624,
    83.1970695391423,
    83.64432409771076,
    83.29381881620269,
    83.22416088733361,
    83.16676499299142,
    83.24889705664664,
    82.94192585447908,
    82.80154222745571,
    82.76626135785092,
    82.79270101308082,
    82.92473361568442,
    82.82331923974878,
    82.72919890326686,
    82.57676356247664,
    82.55158227105129,
    82.40044723303023,
    82.41852527057569,
    82.58812981739332,
    82.3256604464047,
    82.14863851323062,
    81.70139149357306,
    81.828393094234,
    82.10307799939316,
    82.14061753005845,
    82.10954944348452,
    82.14686826040794,
    82.04461985037761,
    82.00859566706413,
    81.72845554928,
    81.54251972629815,
    81.40173148858712,
    81.30781741825703,
    81.28607469195576
  ],
  "test_errors": [
    114.64520700776256,
    101.25047016198964,
    94.27385130697101,
    90.38689937551428,
    89.129799068924,
    88.49433198850403,
    86.78728427008426,
    86.4939878262373,
    85.82693421136985,
    85.98098438803783,
    86.57600530328811,
    86.15089733735321,
    86.07461122599103,
    85.24400003501991,
    84.83011404582449,
    85.69177829586748,
    85.02946580968297,
    85.02371810277104,
    85.10975185161207,
    84.7323698904212,
    84.96066797480464,
    84.6646666357918,
    84.606661068051,
    84.70209756883787,
    84.35274818067552,
    84.33345040119309,
    84.40788239082283,
    84.2588923434438,
    84.5994635256595,
    85.2981496659962,
    84.04730680465973,
    84.04464145242103,
    84.38203309110196,
    83.45183628942372,
    84.60220098790317,
    84.02668914299312,
    83.8184967778434,
    83.53046159176665,
    84.05885058479981,
    83.91392617171057,
    83.99389078829036,
    83.95190787572714,
    84.180209366842,
    84.18272274544626,
    83.82264991199838,
    83.78145558380591,
    83.54209856575815,
    83.1242834460753,
    83.10955088649729,
    83.20240423536515
  ]
}