{
  "timings": [
    1738700346.0555246,
    1738700350.7325664,
    1738700357.8444195,
    1738700367.5826058,
    1738700380.5618327,
    1738700397.6502762,
    1738700419.785829,
    1738700445.2490726,
    1738700477.0073774,
    1738700510.1571262,
    1738700549.759031,
    1738700589.3219202,
    1738700627.9035766,
    1738700671.6860824,
    1738700717.2837284,
    1738700762.8690283,
    1738700806.6498077,
    1738700852.6499546,
    1738700899.108489,
    1738700946.094509,
    1738700993.5849714,
    1738701041.6270175,
    1738701089.0191305,
    1738701136.4144979,
    1738701184.0119998
  ],
  "val_errors": [
    15.857483178844213,
    12.255652790631773,
    10.43499975496542,
    9.82983304868861,
    9.069476063152596,
    8.59403729536633,
    8.246895926689639,
    7.644340922036628,
    7.439966998384844,
    7.299044485287275,
    7.490763043953727,
    7.464713123002225,
    7.580369716519705,
    7.366163075540833,
    7.449069891917523,
    7.463257262451235,
    7.434644837401027,
    7.455479105313336,
    7.331393105315918,
    7.406987437553987,
    7.390826654224693,
    7.365175836373157,
    7.359753485770642,
    7.359753485770642,
    7.359753485770642
  ],
  "test_errors": [
    17.090256679424495,
    13.281423878406958,
    11.062141293512484,
    10.577639989500883,
    9.572381607733565,
    8.92535371119106,
    8.55729414619119,
    7.8126973521719005,
    7.394183205378028,
    7.6597842760492005,
    7.711487588348235,
    7.880203617304635,
    7.795695280548802,
    7.65294839210603,
    7.80465850092576,
    7.595208171880556,
    7.681939692445262,
    7.6286716181074405,
    7.461996795600604,
    7.540579307553461,
    7.649482355793245,
    7.666050550462813,
    7.683584346658664,
    7.683584346658664,
    7.683584346658664
  ]
}