{
  "timings": [
    1738762103.0280175,
    1738762104.628646,
    1738762108.95536,
    1738762115.2901793,
    1738762123.2506447,
    1738762132.7055259,
    1738762142.8127651,
    1738762153.3758545,
    1738762164.4334326,
    1738762175.5211813,
    1738762187.1708672,
    1738762198.74376,
    1738762211.5402703,
    1738762225.1554394,
    1738762239.370377,
    1738762254.0310502,
    1738762270.2958233,
    1738762286.8597143,
    1738762304.0640635,
    1738762322.0116842,
    1738762342.4015493,
    1738762363.6444347,
    1738762386.8157177,
    1738762411.0731022,
    1738762435.7732902,
    1738762459.661017,
    1738762484.6194665,
    1738762508.8586452,
    1738762533.9329648,
    1738762559.5056615,
    1738762585.100422,
    1738762610.7988992,
    1738762637.0800846,
    1738762663.2708054,
    1738762689.5885043,
    1738762716.173361,
    1738762742.702465,
    1738762769.6899536,
    1738762796.374541,
    1738762823.071778,
    1738762850.2074738,
    1738762877.0904186,
    1738762904.0560296,
    1738762931.047386,
    1738762958.1899986,
    1738762985.0838585,
    1738763012.1102352,
    1738763039.0269554,
    1738763065.9377406,
    1738763093.061554,
    1738763119.9798615,
    1738763146.864595,
    1738763173.7199278,
    1738763200.5906456,
    1738763227.6135607,
    1738763254.6254387,
    1738763281.5106573,
    1738763308.331242,
    1738763335.233584,
    1738763362.2837281,
    1738763389.3439934,
    1738763416.271782,
    1738763443.2227302,
    1738763470.1852143,
    1738763497.09987,
    1738763524.0791483,
    1738763551.1012285,
    1738763578.0759816,
    1738763605.0935369,
    1738763632.0672827,
    1738763658.9480722,
    1738763685.7423642,
    1738763712.58547,
    1738763739.7528958,
    1738763766.736498,
    1738763793.8022983,
    1738763820.7195246,
    1738763847.746432,
    1738763874.619258,
    1738763901.6654031,
    1738763928.7328625,
    1738763955.5816073,
    1738763982.5912478,
    1738764009.4319315,
    1738764036.4459932,
    1738764063.4054174,
    1738764090.2022946,
    1738764117.1020606,
    1738764143.9349449,
    1738764171.0092614,
    1738764198.0422838,
    1738764225.059408,
    1738764252.1655128,
    1738764279.2214797,
    1738764306.4099445,
    1738764333.5514925,
    1738764360.4508204,
    1738764387.4270096,
    1738764414.3463786,
    1738764441.3898692
  ],
  "val_errors": [
    116.20878812115797,
    108.42174684235658,
    104.2487381208405,
    101.78817789578233,
    101.05274494963453,
    100.98001793864735,
    101.68953530886827,
    101.62008354952792,
    101.71126820822077,
    101.77842047098636,
    100.936254315677,
    100.02404625956682,
    99.3164420272361,
    98.8599736539178,
    98.38583499789551,
    98.86970390292574,
    98.02022395129897,
    97.54430703960664,
    97.76251398641874,
    97.08931348243361,
    95.90289521806913,
    96.38734011209293,
    95.90780957673921,
    95.75298873645336,
    96.12107227259807,
    95.66084017462784,
    96.2779878795253,
    95.84063675066032,
    95.75435159820498,
    95.75729545972541,
    95.83420716496555,
    95.52820491331657,
    95.22520055622019,
    95.17187214923335,
    95.46477711367106,
    95.72055623380673,
    95.84429460362989,
    95.77150712076042,
    95.75039599988808,
    95.86975016423045,
    95.78951492449617,
    95.78951492449617,
    95.78951492449617,
    95.78951492449617,
    95.78951492449617,
    95.78951492449617,
    95.78951492449617,
    95.78951492449617,
    95.78951492449617,
    95.78951492449617,
    95.78951492449617,
    95.78951492449617,
    95.78951492449617,
    95.78951492449617,
    95.78951492449617,
    95.78951492449617,
    95.78951492449617,
    95.78951492449617,
    95.78951492449617,
    95.78951492449617,
    95.78951492449617,
    95.78951492449617,
    95.78951492449617,
    95.78951492449617,
    95.78951492449617,
    95.78951492449617,
    95.78951492449617,
    95.78951492449617,
    95.78951492449617,
    95.78951492449617,
    95.78951492449617,
    95.78951492449617,
    95.78951492449617,
    95.78951492449617,
    95.78951492449617,
    95.78951492449617,
    95.78951492449617,
    95.78951492449617,
    95.78951492449617,
    95.78951492449617,
    95.78951492449617,
    95.78951492449617,
    95.78951492449617,
    95.78951492449617,
    95.78951492449617,
    95.78951492449617,
    95.78951492449617,
    95.78951492449617,
    95.78951492449617,
    95.78951492449617,
    95.78951492449617,
    95.78951492449617,
    95.78951492449617,
    95.78951492449617,
    95.78951492449617,
    95.78951492449617,
    95.78951492449617,
    95.78951492449617,
    95.78951492449617,
    95.78951492449617
  ],
  "test_errors": [
    112.9622836253018,
    105.74499588406712,
    100.23512369791571,
    97.82040965629362,
    97.99503795566415,
    97.79660793129725,
    98.77660443942523,
    98.65402704927824,
    98.6444351669437,
    98.9941459140045,
    98.00867145225914,
    97.35854958628488,
    96.35174113110725,
    96.38647317258172,
    96.63741125708967,
    97.28536647349424,
    96.09668221689869,
    95.79009488861317,
    95.69050172455647,
    94.56664177788117,
    94.50506413599695,
    94.07885789520235,
    93.10398843509698,
    93.4985121992143,
    92.77209098005342,
    92.65544194329095,
    93.56109469697775,
    91.97756096372476,
    92.64406906911603,
    92.99974663164693,
    92.75506642137978,
    92.16195023082277,
    91.30641035917746,
    91.61452840528365,
    92.26680570236087,
    92.14217185326017,
    92.34081834492441,
    92.32028919380822,
    92.27870433235537,
    92.59722618174668,
    92.46037846032667,
    92.46037846032667,
    92.46037846032667,
    92.46037846032667,
    92.46037846032667,
    92.46037846032667,
    92.46037846032667,
    92.46037846032667,
    92.46037846032667,
    92.46037846032667,
    92.46037846032667,
    92.46037846032667,
    92.46037846032667,
    92.46037846032667,
    92.46037846032667,
    92.46037846032667,
    92.46037846032667,
    92.46037846032667,
    92.46037846032667,
    92.46037846032667,
    92.46037846032667,
    92.46037846032667,
    92.46037846032667,
    92.46037846032667,
    92.46037846032667,
    92.46037846032667,
    92.46037846032667,
    92.46037846032667,
    92.46037846032667,
    92.46037846032667,
    92.46037846032667,
    92.46037846032667,
    92.46037846032667,
    92.46037846032667,
    92.46037846032667,
    92.46037846032667,
    92.46037846032667,
    92.46037846032667,
    92.46037846032667,
    92.46037846032667,
    92.46037846032667,
    92.46037846032667,
    92.46037846032667,
    92.46037846032667,
    92.46037846032667,
    92.46037846032667,
    92.46037846032667,
    92.46037846032667,
    92.46037846032667,
    92.46037846032667,
    92.46037846032667,
    92.46037846032667,
    92.46037846032667,
    92.46037846032667,
    92.46037846032667,
    92.46037846032667,
    92.46037846032667,
    92.46037846032667,
    92.46037846032667,
    92.46037846032667
  ]
}
