{
  "timings": [
    1738728712.395884,
    1738728714.8292944,
    1738728719.8585327,
    1738728726.661606,
    1738728734.408694,
    1738728743.4060323,
    1738728753.5490541,
    1738728764.7038326,
    1738728776.737386,
    1738728789.8239403,
    1738728804.0135522,
    1738728819.6502442,
    1738728835.1953728,
    1738728851.2561073,
    1738728867.7419238,
    1738728885.1072168,
    1738728902.5799813,
    1738728920.8114567,
    1738728939.3292944,
    1738728957.7145116,
    1738728975.7835035,
    1738728993.9645624,
    1738729011.8865192,
    1738729029.893719,
    1738729047.768194,
    1738729065.6408875,
    1738729083.5502684,
    1738729101.5670767,
    1738729119.4247444,
    1738729137.381161,
    1738729155.445664,
    1738729173.3500047,
    1738729191.3242855,
    1738729209.2649145,
    1738729227.2604306,
    1738729245.145688,
    1738729263.1477807,
    1738729281.0303843,
    1738729298.8687263,
    1738729316.8916237,
    1738729334.8194914,
    1738729352.8553867,
    1738729370.7337143,
    1738729388.691913,
    1738729406.6503446,
    1738729424.709839,
    1738729442.591907,
    1738729460.4095106,
    1738729478.2488985,
    1738729496.1344988
  ],
  "val_errors": [
    118.1290887471199,
    110.60402613059432,
    104.39881262011835,
    101.7604621231988,
    99.53139416288913,
    98.59678382713071,
    98.13389426560374,
    98.19250401543492,
    97.63305317870486,
    97.5907533274212,
    97.21568619710766,
    95.85022416283641,
    96.5989345714193,
    95.76364579466153,
    95.74014835793785,
    95.79587791330897,
    95.77332179696423,
    95.65689993586294,
    95.89902091735624,
    95.8495494416974,
    95.83712964185854,
    95.83764498102789,
    95.90764777117941,
    95.90764777117941,
    95.90764777117941,
    95.90764777117941,
    95.90764777117941,
    95.90764777117941,
    95.90764777117941,
    95.90764777117941,
    95.90764777117941,
    95.90764777117941,
    95.90764777117941,
    95.90764777117941,
    95.90764777117941,
    95.90764777117941,
    95.90764777117941,
    95.90764777117941,
    95.90764777117941,
    95.90764777117941,
    95.90764777117941,
    95.90764777117941,
    95.90764777117941,
    95.90764777117941,
    95.90764777117941,
    95.90764777117941,
    95.90764777117941,
    95.90764777117941,
    95.90764777117941,
    95.90764777117941
  ],
  "test_errors": [
    117.07995094673853,
    108.77074191224717,
    101.42919459815361,
    98.92426738787091,
    96.87594144266305,
    96.1650152830018,
    95.28020492178865,
    94.79618924117435,
    94.51286388217261,
    94.9383576948381,
    93.74011805333333,
    92.74234949390588,
    93.9079246372376,
    93.37229970879056,
    92.61291302512873,
    92.7923731715251,
    92.18513579295355,
    92.49533437341196,
    92.88449723938575,
    92.77830218313309,
    92.8850933904928,
    92.8850933904928,
    92.88821106563371,
    92.88821106563371,
    92.88821106563371,
    92.88821106563371,
    92.88821106563371,
    92.88821106563371,
    92.88821106563371,
    92.88821106563371,
    92.88821106563371,
    92.88821106563371,
    92.88821106563371,
    92.88821106563371,
    92.88821106563371,
    92.88821106563371,
    92.88821106563371,
    92.88821106563371,
    92.88821106563371,
    92.88821106563371,
    92.88821106563371,
    92.88821106563371,
    92.88821106563371,
    92.88821106563371,
    92.88821106563371,
    92.88821106563371,
    92.88821106563371,
    92.88821106563371,
    92.88821106563371,
    92.88821106563371
  ]
}