{
  "timings": [
    1738696782.8311284,
    1738696786.0578697,
    1738696789.4475818,
    1738696792.7221174,
    1738696796.2350457,
    1738696799.909142,
    1738696803.6025987,
    1738696807.400139,
    1738696811.375465,
    1738696815.0297651,
    1738696818.71951,
    1738696822.5442312,
    1738696826.1924794,
    1738696830.0000901,
    1738696833.8211067,
    1738696837.5044825,
    1738696841.3005383,
    1738696845.11708,
    1738696848.971359,
    1738696852.8124676,
    1738696856.62796,
    1738696860.4470663,
    1738696864.3974035,
    1738696868.4105682,
    1738696872.417501
  ],
  "val_errors": [
    15.81807037165038,
    12.648039080714996,
    11.350383897782935,
    10.92037159332101,
    9.83749228893616,
    8.898418928788674,
    8.9506921726857,
    8.439267181502261,
    7.981277222984077,
    7.622253255983746,
    7.392937422369709,
    7.247820426409537,
    7.050745081243542,
    6.966014521220687,
    6.8888651466695405,
    6.913944681936526,
    6.9641729577067055,
    6.890656183957702,
    7.071931522836383,
    7.149078774332688,
    7.221166660806218,
    7.181663428490821,
    7.284427719177094,
    7.335863771589675,
    7.414722045538712
  ],
  "test_errors": [
    16.390841210569448,
    12.89839726893414,
    11.614393901745123,
    11.070497358498162,
    9.786561131617619,
    8.723241922864899,
    8.598513701828802,
    8.108758714546262,
    7.85463947170476,
    7.612465639279933,
    7.4750807409496725,
    7.2737765055629335,
    7.126155167168918,
    7.018804621493589,
    6.88644582520942,
    6.9267639582752905,
    7.063011315063371,
    6.94861995422341,
    6.986331805533452,
    7.103117181719474,
    6.956929869779723,
    7.003107755992811,
    7.019886695066135,
    7.078426478319978,
    7.187923523701919
  ]
}