{
  "timings": [
    1738708548.115285,
    1738708549.72611,
    1738708551.6384702,
    1738708553.6193929,
    1738708555.6778667,
    1738708557.8165286,
    1738708559.8940506,
    1738708562.0084298,
    1738708564.2722447,
    1738708566.5323436,
    1738708568.9122708,
    1738708571.197599,
    1738708573.4866424,
    1738708575.79494,
    1738708578.0366728,
    1738708580.346394,
    1738708582.609028,
    1738708584.922159,
    1738708587.3228273,
    1738708589.6695008,
    1738708592.1401267,
    1738708594.5083046,
    1738708596.982063,
    1738708599.386223,
    1738708601.813347,
    1738708604.348273,
    1738708606.7774398,
    1738708609.25817,
    1738708611.7013407,
    1738708614.140894,
    1738708616.6647465,
    1738708619.1098998,
    1738708621.5570617,
    1738708624.1099656,
    1738708626.5792444,
    1738708629.0875394,
    1738708631.545755,
    1738708634.0757697,
    1738708636.5654988,
    1738708639.0172122,
    1738708641.499732,
    1738708643.8987536,
    1738708646.446367,
    1738708648.8986847,
    1738708651.357023,
    1738708653.822915,
    1738708656.2428496,
    1738708658.7659273,
    1738708661.1791525,
    1738708663.7124252
  ],
  "val_errors": [
    118.1290887471199,
    111.26868099476253,
    109.19772296546327,
    108.30390534093982,
    107.35718364450999,
    106.94735107256088,
    105.85655753432714,
    104.50579830465395,
    103.67983274639913,
    103.05681099809024,
    102.20178147266965,
    102.80329298150146,
    102.98245510532524,
    102.96301374167244,
    103.044811643697,
    103.20215613366301,
    103.12649395914517,
    102.7026207871357,
    101.94880154509923,
    101.53052673979978,
    101.24045649022251,
    101.11734499362404,
    101.22272863311807,
    100.87509101435067,
    100.37473717979016,
    100.02857482422931,
    100.49371937290165,
    100.46671714149794,
    100.49883013284746,
    100.18294657700629,
    100.2238408623105,
    100.49702943992153,
    100.44289225990318,
    100.03598885994697,
    100.40532312356738,
    100.3227444190499,
    100.22842087620415,
    100.77519402059764,
    100.67157849706575,
    100.67541308645455,
    101.04331068811169,
    101.17401381072989,
    101.38412706418136,
    101.23984345515744,
    101.28155817876346,
    101.1812493166895,
    100.87061535546059,
    100.53328260671482,
    100.52009911196045,
    100.58116489689192
  ],
  "test_errors": [
    117.07995094673853,
    109.03346333207452,
    106.41869959772211,
    106.16841991552079,
    105.19024919079337,
    104.76882142931053,
    103.39403958076707,
    102.01667533037873,
    101.15352065936935,
    100.60402230540188,
    100.13825782019471,
    100.3956083373468,
    100.34501512281011,
    100.32011884597186,
    100.52430811354064,
    100.61567407916499,
    100.98597247795934,
    100.31544910916661,
    100.04153857776943,
    99.17628363881697,
    98.87433959129422,
    98.9760095767619,
    98.89429117784,
    98.94559379526943,
    98.4885887639136,
    98.1197264224824,
    98.20811002316144,
    98.16264315750117,
    98.47962509221989,
    98.4154587376498,
    98.31240008098874,
    98.5049294405082,
    98.26986647536502,
    98.21414447294507,
    98.15237534153245,
    98.35242879543038,
    98.14798704158032,
    98.42874520979875,
    98.47054337160324,
    98.65488206025118,
    98.81912387365107,
    99.0597363270575,
    99.38172285768849,
    98.55991632263763,
    98.50334435713427,
    98.54863808640096,
    98.08439392430684,
    97.28608508573829,
    97.43924642743652,
    97.5004849161508
  ]
}