{
  "timings": [
    1738729497.4141273,
    1738729499.19895,
    1738729504.6581957,
    1738729511.9518487,
    1738729520.791243,
    1738729531.1762807,
    1738729542.396142,
    1738729554.6879134,
    1738729567.693194,
    1738729581.6624303,
    1738729597.7477438,
    1738729613.9224994,
    1738729630.7906332,
    1738729647.9047596,
    1738729666.2375765,
    1738729685.1956344,
    1738729703.6471143,
    1738729722.8388026,
    1738729741.621747,
    1738729760.4230704,
    1738729779.4833443,
    1738729798.4995515,
    1738729817.3648653,
    1738729836.3724225,
    1738729855.1787837,
    1738729874.1775877,
    1738729892.9265802,
    1738729912.1008153,
    1738729930.9727967,
    1738729950.149967,
    1738729969.0204427,
    1738729988.0661716,
    1738730007.0281749,
    1738730025.9707773,
    1738730044.8496506,
    1738730064.0787115,
    1738730082.9031038,
    1738730102.1832829,
    1738730121.0430586,
    1738730139.9683914,
    1738730158.7616675,
    1738730177.816409,
    1738730196.7080894,
    1738730215.7978618,
    1738730234.6532547,
    1738730253.7291136,
    1738730272.5754445,
    1738730291.7835655,
    1738730310.6196163,
    1738730329.6654713
  ],
  "val_errors": [
    115.9493476886221,
    106.99842751020407,
    102.46540945588133,
    99.07801837890686,
    97.70528960930734,
    96.86907595222726,
    96.33990896887431,
    96.04620325073621,
    95.45197738873284,
    94.90098480816566,
    94.70547093153483,
    94.29506131990333,
    94.30452412544324,
    94.6126425981495,
    93.8908359791828,
    94.26440198959634,
    94.60301864898022,
    94.0012870508255,
    93.8608564482092,
    93.99091350971914,
    93.77260068392208,
    93.7966283694943,
    93.89486333622484,
    93.81491206047572,
    93.89486333622484,
    93.81491206047572,
    93.89486333622484,
    93.81491206047572,
    93.89486333622484,
    93.81491206047572,
    93.89486333622484,
    93.81491206047572,
    93.89486333622484,
    93.81491206047572,
    93.89486333622484,
    93.81491206047572,
    93.89486333622484,
    93.81491206047572,
    93.89486333622484,
    93.81491206047572,
    93.89486333622484,
    93.81491206047572,
    93.89486333622484,
    93.81491206047572,
    93.89486333622484,
    93.81491206047572,
    93.89486333622484,
    93.81491206047572,
    93.89486333622484,
    93.81491206047572
  ],
  "test_errors": [
    117.09029559460213,
    108.27487048482055,
    103.42568980520161,
    100.86878731218727,
    100.17597067780326,
    99.09437942742795,
    98.37809201156738,
    97.5733061526669,
    97.95719489465799,
    95.79095506570692,
    96.65634637382423,
    97.04940991510692,
    97.05435731040154,
    97.31360918777986,
    96.71048105619212,
    97.33585482418943,
    97.3883088442877,
    97.1332304803669,
    97.20882425624092,
    97.23054183905333,
    97.30466122460642,
    97.44743561824411,
    97.28455705765809,
    97.37125035041961,
    97.28455705765809,
    97.37125035041961,
    97.28455705765809,
    97.37125035041961,
    97.28455705765809,
    97.37125035041961,
    97.28455705765809,
    97.37125035041961,
    97.28455705765809,
    97.37125035041961,
    97.28455705765809,
    97.37125035041961,
    97.28455705765809,
    97.37125035041961,
    97.28455705765809,
    97.37125035041961,
    97.28455705765809,
    97.37125035041961,
    97.28455705765809,
    97.37125035041961,
    97.28455705765809,
    97.37125035041961,
    97.28455705765809,
    97.37125035041961,
    97.28455705765809,
    97.37125035041961
  ]
}