{
  "timings": [
    1738774873.5142322,
    1738774875.1633363,
    1738774878.3130217,
    1738774883.027286,
    1738774888.6492448,
    1738774895.321335,
    1738774902.6795747,
    1738774910.7408838,
    1738774919.440521,
    1738774928.8635159,
    1738774938.8705442,
    1738774950.1858156,
    1738774963.1917965,
    1738774977.6530776,
    1738774992.3185928,
    1738775007.4014823,
    1738775024.081773,
    1738775042.4252908,
    1738775062.0840037,
    1738775083.3330967,
    1738775105.6249814,
    1738775129.1593306,
    1738775152.808986,
    1738775177.8137746,
    1738775202.309522,
    1738775226.6541483,
    1738775251.759032,
    1738775275.435803,
    1738775299.3906598,
    1738775323.2358866,
    1738775347.230537,
    1738775371.0874305,
    1738775394.8974183,
    1738775418.8106737,
    1738775442.6761246,
    1738775466.5151632,
    1738775490.4677556,
    1738775514.3596284,
    1738775538.2978697,
    1738775562.1740491,
    1738775586.2103693,
    1738775610.2298334,
    1738775634.0876641,
    1738775657.9851415,
    1738775681.8389673,
    1738775705.6305218,
    1738775729.6683364,
    1738775753.428783,
    1738775777.236432,
    1738775801.1201828,
    1738775825.0898037,
    1738775848.888682,
    1738775872.7206287,
    1738775896.6883888,
    1738775920.7152965,
    1738775944.701728,
    1738775968.8246124,
    1738775993.0244944,
    1738776016.8021154,
    1738776040.853858,
    1738776064.7548773,
    1738776088.5911973,
    1738776112.4344914,
    1738776136.4141693,
    1738776160.4189322,
    1738776184.2532153,
    1738776208.1681483,
    1738776232.0673373,
    1738776255.9005775,
    1738776279.7847917,
    1738776303.5334196,
    1738776327.4230325,
    1738776351.222893,
    1738776375.009823,
    1738776398.9972336,
    1738776422.7817981,
    1738776446.6559186,
    1738776470.4582722,
    1738776494.425382,
    1738776518.360988,
    1738776542.2380784,
    1738776566.537655,
    1738776590.3746047,
    1738776614.1798725,
    1738776638.0892258,
    1738776661.9252315,
    1738776685.8859565,
    1738776709.7403567,
    1738776733.651903,
    1738776757.5252628,
    1738776781.448461,
    1738776805.3245735,
    1738776829.228773,
    1738776853.0020776,
    1738776876.7953632,
    1738776900.664286,
    1738776924.5202775,
    1738776948.4290955,
    1738776972.3269894,
    1738776996.3029592
  ],
  "val_errors": [
    117.37096600948152,
    109.07867468540807,
    106.76793879947667,
    105.00478072161572,
    104.15694261399354,
    103.29868438980165,
    102.92146006126333,
    102.82336563695495,
    102.47790252730206,
    101.98381654732056,
    101.57065325390364,
    100.91679576814623,
    100.97580751753165,
    100.62481159846996,
    100.65260657667037,
    100.58535751411989,
    100.65910125033999,
    100.60200133341652,
    100.36974089273899,
    100.50243980457095,
    100.23562588771948,
    99.99764876556686,
    99.77979032981506,
    99.91957767211753,
    100.05809193368174,
    99.99833346050211,
    99.95506548731184,
    100.21414069456209,
    100.24566440129144,
    100.24566440129144,
    100.24566440129144,
    100.24566440129144,
    100.24566440129144,
    100.24566440129144,
    100.24566440129144,
    100.24566440129144,
    100.24566440129144,
    100.24566440129144,
    100.24566440129144,
    100.24566440129144,
    100.24566440129144,
    100.24566440129144,
    100.24566440129144,
    100.24566440129144,
    100.24566440129144,
    100.24566440129144,
    100.24566440129144,
    100.24566440129144,
    100.24566440129144,
    100.24566440129144,
    100.24566440129144,
    100.24566440129144,
    100.24566440129144,
    100.24566440129144,
    100.24566440129144,
    100.24566440129144,
    100.24566440129144,
    100.24566440129144,
    100.24566440129144,
    100.24566440129144,
    100.24566440129144,
    100.24566440129144,
    100.24566440129144,
    100.24566440129144,
    100.24566440129144,
    100.24566440129144,
    100.24566440129144,
    100.24566440129144,
    100.24566440129144,
    100.24566440129144,
    100.24566440129144,
    100.24566440129144,
    100.24566440129144,
    100.24566440129144,
    100.24566440129144,
    100.24566440129144,
    100.24566440129144,
    100.24566440129144,
    100.24566440129144,
    100.24566440129144,
    100.24566440129144,
    100.24566440129144,
    100.24566440129144,
    100.24566440129144,
    100.24566440129144,
    100.24566440129144,
    100.24566440129144,
    100.24566440129144,
    100.24566440129144,
    100.24566440129144,
    100.24566440129144,
    100.24566440129144,
    100.24566440129144,
    100.24566440129144,
    100.24566440129144,
    100.24566440129144,
    100.24566440129144,
    100.24566440129144,
    100.24566440129144,
    100.24566440129144
  ],
  "test_errors": [
    116.60153127268289,
    109.04887480344469,
    106.58605389616824,
    104.99373569732437,
    103.32961443073731,
    103.02160454929076,
    102.6628096310551,
    102.37270067775003,
    102.31218871490248,
    102.02680503055281,
    101.64039557352964,
    100.8156992716768,
    100.87300779884235,
    100.26449155039423,
    100.41668629579694,
    100.21229341667875,
    100.02028074868367,
    99.97727252637,
    99.78230957098555,
    99.65702317601614,
    99.2413863487188,
    99.1358548757619,
    98.9321592760764,
    98.89842793727112,
    99.21707036345406,
    99.29170258247724,
    99.79817204559035,
    99.9466520232423,
    99.89896491478736,
    99.89896491478736,
    99.89896491478736,
    99.89896491478736,
    99.89896491478736,
    99.89896491478736,
    99.89896491478736,
    99.89896491478736,
    99.89896491478736,
    99.89896491478736,
    99.89896491478736,
    99.89896491478736,
    99.89896491478736,
    99.89896491478736,
    99.89896491478736,
    99.89896491478736,
    99.89896491478736,
    99.89896491478736,
    99.89896491478736,
    99.89896491478736,
    99.89896491478736,
    99.89896491478736,
    99.89896491478736,
    99.89896491478736,
    99.89896491478736,
    99.89896491478736,
    99.89896491478736,
    99.89896491478736,
    99.89896491478736,
    99.89896491478736,
    99.89896491478736,
    99.89896491478736,
    99.89896491478736,
    99.89896491478736,
    99.89896491478736,
    99.89896491478736,
    99.89896491478736,
    99.89896491478736,
    99.89896491478736,
    99.89896491478736,
    99.89896491478736,
    99.89896491478736,
    99.89896491478736,
    99.89896491478736,
    99.89896491478736,
    99.89896491478736,
    99.89896491478736,
    99.89896491478736,
    99.89896491478736,
    99.89896491478736,
    99.89896491478736,
    99.89896491478736,
    99.89896491478736,
    99.89896491478736,
    99.89896491478736,
    99.89896491478736,
    99.89896491478736,
    99.89896491478736,
    99.89896491478736,
    99.89896491478736,
    99.89896491478736,
    99.89896491478736,
    99.89896491478736,
    99.89896491478736,
    99.89896491478736,
    99.89896491478736,
    99.89896491478736,
    99.89896491478736,
    99.89896491478736,
    99.89896491478736,
    99.89896491478736,
    99.89896491478736
  ]
}
