{
  "timings": [
    1738737766.7739222,
    1738737768.3990426,
    1738737770.9543507,
    1738737774.8922284,
    1738737780.1122072,
    1738737786.3234766,
    1738737794.0530763,
    1738737802.8979113,
    1738737813.0613046,
    1738737824.275348,
    1738737836.0594883,
    1738737849.112496,
    1738737862.451961,
    1738737876.755527,
    1738737891.0837076,
    1738737905.6640205,
    1738737920.8205807,
    1738737937.276624,
    1738737953.6409986,
    1738737970.792689,
    1738737987.9178708,
    1738738005.713856,
    1738738023.65636,
    1738738041.9094615,
    1738738060.6467016,
    1738738079.6349757,
    1738738099.611534,
    1738738119.4716208,
    1738738140.5068874,
    1738738161.7267244,
    1738738182.7944613,
    1738738203.4365094,
    1738738225.1753635,
    1738738248.115926,
    1738738271.547209,
    1738738294.9319232,
    1738738319.1496184,
    1738738343.526139,
    1738738369.1409924,
    1738738395.02629,
    1738738421.4276083,
    1738738447.4862788,
    1738738473.6856325,
    1738738500.0822613,
    1738738526.3136866,
    1738738552.611077,
    1738738577.8257906,
    1738738604.0233378,
    1738738630.5983846,
    1738738657.5712562,
    1738738684.039593,
    1738738710.6895864,
    1738738737.4987438,
    1738738765.3160684,
    1738738792.5798833,
    1738738819.8914917,
    1738738846.8183012,
    1738738873.7779052,
    1738738901.8811111,
    1738738929.2240043,
    1738738956.4048433,
    1738738983.4305289,
    1738739010.4747648,
    1738739037.5526245,
    1738739064.4350114,
    1738739091.3652697,
    1738739118.3799841,
    1738739145.4836667,
    1738739172.4876788,
    1738739199.5263634,
    1738739226.5837862,
    1738739253.553888,
    1738739280.445752,
    1738739307.4835172,
    1738739334.545446,
    1738739361.5590997,
    1738739388.3935823,
    1738739415.2478223,
    1738739442.329591,
    1738739469.3102732,
    1738739496.2463193,
    1738739523.203336,
    1738739550.1788046,
    1738739577.1642563,
    1738739604.081629,
    1738739631.2313743,
    1738739658.3676782,
    1738739685.3919172,
    1738739712.4942102,
    1738739739.6284482,
    1738739766.688656,
    1738739793.921478,
    1738739821.049959,
    1738739848.073682,
    1738739874.991443,
    1738739901.974632,
    1738739929.1230462,
    1738739956.5043533,
    1738739983.3837357,
    1738740010.363907
  ],
  "val_errors": [
    115.95507958551691,
    109.0493483612816,
    106.33498197014433,
    103.3822157506563,
    100.40708162020844,
    99.25868905327053,
    98.02174348014337,
    96.77859046924773,
    96.21742563476383,
    96.09184701998748,
    95.9692201510642,
    95.64040612189086,
    95.52887448267435,
    95.18949649670455,
    95.38862578530164,
    95.32639471804855,
    95.388125166441,
    95.11889822920017,
    95.0501622174816,
    95.07341411964573,
    95.1182565815854,
    94.84219345048926,
    94.89268181719139,
    94.94600329297087,
    94.55343343327385,
    95.01450323219511,
    95.0883760817213,
    95.33693560645212,
    94.9158478389648,
    94.87487006611832,
    94.52009169162464,
    94.54689147016724,
    94.68389929198464,
    94.4189835321832,
    94.5972637925862,
    94.91348046419965,
    94.87372309397446,
    94.75622552230949,
    94.51018730591824,
    94.4996614961978,
    94.32708887645757,
    94.79916136516022,
    94.6182479307569,
    94.53405467622032,
    94.36286137357028,
    94.58720118613286,
    94.81197547430907,
    95.30123587839918,
    95.27377490301643,
    95.35851515663438,
    95.56927943569475,
    95.5167613246161,
    95.39751460212433,
    95.66274514965612,
    96.05343859920139,
    96.04905866192526,
    96.13336988067326,
    96.17241888816937,
    96.0534684575487,
    96.03549582945796,
    96.03549582945796,
    96.03549582945796,
    96.03549582945796,
    96.03549582945796,
    96.03549582945796,
    96.03549582945796,
    96.03549582945796,
    96.03549582945796,
    96.03549582945796,
    96.03549582945796,
    96.03549582945796,
    96.03549582945796,
    96.03549582945796,
    96.03549582945796,
    96.03549582945796,
    96.03549582945796,
    96.03549582945796,
    96.03549582945796,
    96.03549582945796,
    96.03549582945796,
    96.03549582945796,
    96.03549582945796,
    96.03549582945796,
    96.03549582945796,
    96.03549582945796,
    96.03549582945796,
    96.03549582945796,
    96.03549582945796,
    96.03549582945796,
    96.03549582945796,
    96.03549582945796,
    96.03549582945796,
    96.03549582945796,
    96.03549582945796,
    96.03549582945796,
    96.03549582945796,
    96.03549582945796,
    96.03549582945796,
    96.03549582945796,
    96.03549582945796
  ],
  "test_errors": [
    117.36258639881045,
    111.04725232502746,
    108.21726179642435,
    105.28130736258694,
    102.42789742781348,
    100.73956538697324,
    99.10293882539503,
    98.43602666795492,
    97.46828335244248,
    97.12729774041529,
    96.25372390119816,
    95.75429743031154,
    96.26726573733116,
    96.85141451127315,
    96.6180064307722,
    96.55048885245832,
    96.21820510445295,
    95.99821424724523,
    95.82007153543374,
    95.4908262252771,
    95.15600043147833,
    95.16208483033523,
    95.52399824234753,
    95.74352767886462,
    95.14441619184323,
    96.25723699154146,
    95.70829449124761,
    96.77779636700923,
    96.31733044893782,
    95.98260582917179,
    95.87364775863169,
    95.2670731414876,
    95.98938072674743,
    95.40126271583344,
    95.16428710641217,
    95.653189077357,
    96.07619738943438,
    95.9684794459819,
    95.06614990875414,
    94.95426783442768,
    94.90405644299388,
    95.43383054503965,
    95.79863080672241,
    95.943558896951,
    95.44316125878602,
    95.69812006670455,
    95.72603227666022,
    96.37211836872135,
    96.64427855656471,
    96.68470368436289,
    97.06467735050113,
    97.02174305891748,
    96.61274783540588,
    96.44514170044053,
    97.11581606557071,
    97.80370208314721,
    96.94125061017925,
    96.73959173417643,
    96.4395653840581,
    96.50749275825989,
    96.50749275825989,
    96.50749275825989,
    96.50749275825989,
    96.50749275825989,
    96.50749275825989,
    96.50749275825989,
    96.50749275825989,
    96.50749275825989,
    96.50749275825989,
    96.50749275825989,
    96.50749275825989,
    96.50749275825989,
    96.50749275825989,
    96.50749275825989,
    96.50749275825989,
    96.50749275825989,
    96.50749275825989,
    96.50749275825989,
    96.50749275825989,
    96.50749275825989,
    96.50749275825989,
    96.50749275825989,
    96.50749275825989,
    96.50749275825989,
    96.50749275825989,
    96.50749275825989,
    96.50749275825989,
    96.50749275825989,
    96.50749275825989,
    96.50749275825989,
    96.50749275825989,
    96.50749275825989,
    96.50749275825989,
    96.50749275825989,
    96.50749275825989,
    96.50749275825989,
    96.50749275825989,
    96.50749275825989,
    96.50749275825989,
    96.50749275825989
  ]
}
