{
  "timings": [
    1738736538.7158115,
    1738736540.3500514,
    1738736542.1480277,
    1738736543.9632924,
    1738736545.9512908,
    1738736548.0152798,
    1738736550.135902,
    1738736552.345098,
    1738736554.6324203,
    1738736556.9381015,
    1738736559.2234602,
    1738736561.573059,
    1738736563.9437072,
    1738736566.349666,
    1738736568.7495286,
    1738736571.1299236,
    1738736573.5800712,
    1738736575.967908,
    1738736578.4087641,
    1738736580.8882003,
    1738736583.4298627,
    1738736586.0165727,
    1738736588.5940437,
    1738736591.147437,
    1738736593.7838511,
    1738736596.3436377,
    1738736598.9085836,
    1738736601.485533,
    1738736604.0580626,
    1738736606.6243968,
    1738736609.2077808,
    1738736611.7753947,
    1738736614.3474612,
    1738736616.9890227,
    1738736619.5702112,
    1738736622.1234298,
    1738736624.679012,
    1738736627.2350767,
    1738736629.8048384,
    1738736632.3777916,
    1738736634.9454527,
    1738736637.5207558,
    1738736640.0920842,
    1738736642.737749,
    1738736645.3027816,
    1738736647.8699396,
    1738736650.433682,
    1738736653.0052514,
    1738736655.5773804,
    1738736658.1425295,
    1738736660.7029035,
    1738736663.3395889,
    1738736665.9018996,
    1738736668.4630167,
    1738736671.0197773,
    1738736673.586427,
    1738736676.1490042,
    1738736678.7146947,
    1738736681.279692,
    1738736683.8520303,
    1738736686.417993,
    1738736689.0570197,
    1738736691.6151466,
    1738736694.1747882,
    1738736696.7422228,
    1738736699.331801,
    1738736701.9138627,
    1738736704.4954138,
    1738736707.0694005,
    1738736709.7032034,
    1738736712.25671,
    1738736714.8078775,
    1738736717.3550694,
    1738736719.9109898,
    1738736722.47802,
    1738736725.0539584,
    1738736727.6580527,
    1738736730.2565382,
    1738736732.8375652,
    1738736735.4710562,
    1738736738.0813677,
    1738736740.645818,
    1738736743.248086,
    1738736745.8272212,
    1738736748.388923,
    1738736750.9603696,
    1738736753.5350974,
    1738736756.1724603,
    1738736758.7451253,
    1738736761.3124518,
    1738736763.8728178,
    1738736766.439532,
    1738736769.0124063,
    1738736771.5749137,
    1738736774.1703157,
    1738736776.7417438,
    1738736779.3074906,
    1738736781.9417005,
    1738736784.504832,
    1738736787.0815754
  ],
  "val_errors": [
    116.54231777627477,
    110.4545870543271,
    106.6628343709069,
    105.8636105005141,
    105.23785809177248,
    105.34845234815825,
    104.15932190382615,
    102.90003398048702,
    102.45056742222897,
    102.10729020193509,
    102.02576459045595,
    101.95003697579793,
    101.9044724195341,
    101.89249285089065,
    101.80434959815776,
    101.14245692995142,
    99.34452981868091,
    99.37704398898755,
    99.16356939096417,
    98.64858706075516,
    98.53636353948775,
    98.25004356370776,
    98.33489499369321,
    98.31309781082913,
    98.388822901777,
    98.34005822936582,
    98.4093997798795,
    98.40855729279366,
    98.42480729159931,
    98.44462865079477,
    98.4380217061153,
    98.44462865079477,
    98.4380217061153,
    98.44462865079477,
    98.4380217061153,
    98.44462865079477,
    98.4380217061153,
    98.44462865079477,
    98.4380217061153,
    98.44462865079477,
    98.4380217061153,
    98.44462865079477,
    98.4380217061153,
    98.44462865079477,
    98.4380217061153,
    98.44462865079477,
    98.4380217061153,
    98.44462865079477,
    98.4380217061153,
    98.44462865079477,
    98.4380217061153,
    98.44462865079477,
    98.4380217061153,
    98.44462865079477,
    98.4380217061153,
    98.44462865079477,
    98.4380217061153,
    98.44462865079477,
    98.4380217061153,
    98.44462865079477,
    98.4380217061153,
    98.44462865079477,
    98.4380217061153,
    98.44462865079477,
    98.4380217061153,
    98.44462865079477,
    98.4380217061153,
    98.44462865079477,
    98.4380217061153,
    98.44462865079477,
    98.4380217061153,
    98.44462865079477,
    98.4380217061153,
    98.44462865079477,
    98.4380217061153,
    98.44462865079477,
    98.4380217061153,
    98.44462865079477,
    98.4380217061153,
    98.44462865079477,
    98.4380217061153,
    98.44462865079477,
    98.4380217061153,
    98.44462865079477,
    98.4380217061153,
    98.44462865079477,
    98.4380217061153,
    98.44462865079477,
    98.4380217061153,
    98.44462865079477,
    98.4380217061153,
    98.44462865079477,
    98.4380217061153,
    98.44462865079477,
    98.4380217061153,
    98.44462865079477,
    98.4380217061153,
    98.44462865079477,
    98.4380217061153,
    98.44462865079477
  ],
  "test_errors": [
    122.77049894229707,
    115.83024147166356,
    110.83464380809846,
    110.71607007757626,
    109.51851565512997,
    110.07830628191454,
    108.95451101519144,
    107.72054207155824,
    107.58233964056164,
    106.99179976501553,
    107.08268124333101,
    107.05181116410466,
    107.0437691061108,
    106.96230553864834,
    106.9453097248668,
    105.97196095985497,
    104.23452550609277,
    104.17663671380191,
    104.327918025062,
    103.58063575241724,
    103.37709226331948,
    103.28121374171991,
    103.14881145498279,
    103.32304193502783,
    103.3564236097996,
    103.41539688687811,
    103.47782988655683,
    103.52207330384616,
    103.40330255181722,
    103.56703238729826,
    103.56151120991754,
    103.56703238729826,
    103.56151120991754,
    103.56703238729826,
    103.56151120991754,
    103.56703238729826,
    103.56151120991754,
    103.56703238729826,
    103.56151120991754,
    103.56703238729826,
    103.56151120991754,
    103.56703238729826,
    103.56151120991754,
    103.56703238729826,
    103.56151120991754,
    103.56703238729826,
    103.56151120991754,
    103.56703238729826,
    103.56151120991754,
    103.56703238729826,
    103.56151120991754,
    103.56703238729826,
    103.56151120991754,
    103.56703238729826,
    103.56151120991754,
    103.56703238729826,
    103.56151120991754,
    103.56703238729826,
    103.56151120991754,
    103.56703238729826,
    103.56151120991754,
    103.56703238729826,
    103.56151120991754,
    103.56703238729826,
    103.56151120991754,
    103.56703238729826,
    103.56151120991754,
    103.56703238729826,
    103.56151120991754,
    103.56703238729826,
    103.56151120991754,
    103.56703238729826,
    103.56151120991754,
    103.56703238729826,
    103.56151120991754,
    103.56703238729826,
    103.56151120991754,
    103.56703238729826,
    103.56151120991754,
    103.56703238729826,
    103.56151120991754,
    103.56703238729826,
    103.56151120991754,
    103.56703238729826,
    103.56151120991754,
    103.56703238729826,
    103.56151120991754,
    103.56703238729826,
    103.56151120991754,
    103.56703238729826,
    103.56151120991754,
    103.56703238729826,
    103.56151120991754,
    103.56703238729826,
    103.56151120991754,
    103.56703238729826,
    103.56151120991754,
    103.56703238729826,
    103.56151120991754,
    103.56703238729826
  ]
}