{
  "timings": [
    1738722609.529329,
    1738722619.0554473,
    1738722635.1754558,
    1738722655.0779936,
    1738722685.0179043,
    1738722722.505362,
    1738722766.568229,
    1738722814.885067,
    1738722869.0065632,
    1738722927.2948976,
    1738722989.3811033,
    1738723057.0627704,
    1738723126.845677,
    1738723200.0733988,
    1738723275.0161185,
    1738723352.827487,
    1738723431.2808566,
    1738723510.2549512,
    1738723592.5738373,
    1738723678.7999833,
    1738723766.1685598,
    1738723864.0279748,
    1738723964.0066357,
    1738724064.739915,
    1738724164.2314885,
    1738724270.4172437,
    1738724378.3068032,
    1738724489.2668488,
    1738724603.28934,
    1738724719.372009,
    1738724836.679522,
    1738724952.8685079,
    1738725074.818726,
    1738725200.515311,
    1738725330.6448224,
    1738725460.541563,
    1738725594.3477767,
    1738725729.1859677,
    1738725865.1379187,
    1738725999.5864775,
    1738726131.9921882,
    1738726266.3658543,
    1738726402.8307505,
    1738726541.0677562,
    1738726677.9418123,
    1738726811.3527007,
    1738726946.7226403,
    1738727083.348529,
    1738727221.6388419,
    1738727364.062742
  ],
  "val_errors": [
    115.70655159467178,
    102.85712875293979,
    97.03599437787005,
    92.88422146794373,
    88.4600182543476,
    86.88365079157892,
    86.43155036233776,
    85.63033482690827,
    85.19648471330206,
    84.93690532816828,
    84.4656131963421,
    84.33595745530305,
    84.19070226818859,
    83.7435629491212,
    83.70662191486396,
    83.39518489816601,
    83.48456161929525,
    83.41326688306634,
    83.41623998153237,
    83.17227197831579,
    82.90633259449304,
    82.72226447951367,
    82.62756956779504,
    82.55353569890814,
    82.6196687794438,
    82.55675061276102,
    82.31672634998583,
    82.29058350345998,
    82.36294568035652,
    82.17170437786922,
    82.04272341792311,
    82.39320723432989,
    82.58903387152264,
    82.59429269530055,
    82.18955145620947,
    82.67590449302389,
    82.24585868653413,
    82.28239419515437,
    82.27709483829042,
    82.26086234798983,
    82.36214449932923,
    82.36260878486502,
    82.41244011573822,
    82.37085634634515,
    82.6075296104086,
    82.70703671450335,
    82.65633833358119,
    82.70897431715066,
    82.80467622243495,
    82.46323146322055
  ],
  "test_errors": [
    113.47456890127052,
    100.8136332826813,
    95.1463111497756,
    90.15861340959425,
    85.70112455520473,
    83.93078278508554,
    83.83504040210266,
    83.44590483306456,
    82.48485281083276,
    82.55964227483727,
    82.18641454026847,
    81.76354428734379,
    81.81880235306171,
    82.28911848839769,
    81.75975914631886,
    80.9899257727976,
    80.92207987442885,
    81.06673958155051,
    81.1990835648948,
    80.86442014884503,
    80.12585358193728,
    79.62297618118501,
    79.33094017893316,
    79.4954215269272,
    79.09076405378767,
    79.49544682130892,
    79.66788069292339,
    79.40793030036517,
    79.6107660943579,
    79.72129170171898,
    79.81651461224311,
    80.1019849770681,
    80.13093416466322,
    79.84945727845964,
    79.95050187990216,
    80.5231101776365,
    80.01319062271956,
    79.65180100739347,
    79.8189794231269,
    79.41890778011573,
    79.3227977449274,
    79.2645233208247,
    79.51220948421378,
    79.51207538319535,
    79.45397035502359,
    80.27534320682359,
    79.50255976704237,
    79.6261689796091,
    79.56714558828142,
    79.75196423025456
  ]
}