{
  "timings": [
    1738711941.601174,
    1738711943.19937,
    1738711946.1627028,
    1738711949.993432,
    1738711954.5909507,
    1738711959.9098265,
    1738711966.241728,
    1738711973.595967,
    1738711981.7825434,
    1738711990.351167,
    1738711999.4182286,
    1738712009.1119382,
    1738712019.2701564,
    1738712029.628348,
    1738712041.11161,
    1738712053.2238927,
    1738712065.9830136,
    1738712079.1716514,
    1738712092.770558,
    1738712107.050131,
    1738712121.312837,
    1738712135.9703453,
    1738712150.6274796,
    1738712165.4316015,
    1738712181.0453465,
    1738712196.9607155,
    1738712213.7164502,
    1738712230.8204622,
    1738712247.9320316,
    1738712264.5798366,
    1738712281.1032417,
    1738712297.7920196,
    1738712314.7260315,
    1738712332.004018,
    1738712348.749536,
    1738712365.3729012,
    1738712381.970623,
    1738712399.183424,
    1738712416.3852572,
    1738712433.8609009,
    1738712451.487494,
    1738712469.7250807,
    1738712487.955248,
    1738712507.1007836,
    1738712526.0563343,
    1738712545.1588578,
    1738712564.2918591,
    1738712583.7283714,
    1738712603.32009,
    1738712622.553201
  ],
  "val_errors": [
    118.1290887471199,
    111.8577594092922,
    108.01730404494411,
    105.26637949208725,
    103.81760047104055,
    102.3091664710931,
    101.43844665761681,
    100.98464268769732,
    100.22253178008576,
    99.96224197239845,
    99.57776028715998,
    99.3861902243775,
    99.36166083809951,
    99.00825381048489,
    98.98090418097392,
    98.89648949263425,
    98.9131149518136,
    98.6915974430834,
    98.65114532196024,
    98.71288760773811,
    98.62657470200118,
    98.50969608618333,
    98.53492619409879,
    98.36783388792028,
    98.28231615584704,
    98.22431604477968,
    98.05890479370981,
    97.77887291218154,
    97.45711495410485,
    97.59178409477795,
    97.71124585542961,
    97.61638443691328,
    97.52496842793973,
    97.54394522011987,
    97.71960921742964,
    97.64141609187392,
    97.19072304367465,
    97.1430311296237,
    97.26650883341509,
    97.4840485859489,
    97.36264404062486,
    97.31803171518266,
    97.64454058017145,
    97.55959642620357,
    97.57244345666031,
    97.64595250792819,
    97.71791407379023,
    97.77472154662333,
    97.79278966836414,
    98.03905089261538
  ],
  "test_errors": [
    117.07995094673853,
    108.54460171814729,
    105.0784928317171,
    102.70841011636043,
    100.1257340052148,
    98.95756996979914,
    97.7600891839972,
    97.21305552863564,
    96.43718014144127,
    96.03122166132492,
    95.4084221987748,
    95.66976631133807,
    95.74241435770786,
    95.19718241313855,
    95.12199763165981,
    95.04460810577717,
    94.95345547857848,
    95.0511648815819,
    95.05678277975443,
    95.15478241372324,
    95.01957247808967,
    94.67818699550322,
    94.77647680944821,
    95.00599804223395,
    94.50858718162335,
    94.57040977994622,
    94.13061505749621,
    94.67267695330708,
    94.19814864573895,
    93.93025474459559,
    94.54085845014374,
    93.9830463875135,
    93.93028347146341,
    94.05897376093415,
    94.21366778178813,
    94.19942787563421,
    93.89428837978875,
    93.72074217352628,
    93.45382831995687,
    93.86247611537236,
    93.53286963203067,
    93.54867998170876,
    93.92475619540532,
    93.8301186875641,
    93.92513057975404,
    93.8723914002772,
    94.1677376525382,
    93.96471575061528,
    94.17714262516594,
    94.5264604696273
  ]
}