{
  "timings": [
    1738709533.907521,
    1738709543.48929,
    1738709553.7986023,
    1738709564.212161,
    1738709575.239184,
    1738709587.3806427,
    1738709600.357219,
    1738709613.6329582,
    1738709627.6665752,
    1738709641.6891656,
    1738709655.937777,
    1738709670.3009193,
    1738709684.73875,
    1738709699.3188393,
    1738709714.06292,
    1738709728.9736001,
    1738709743.7369282,
    1738709758.804839,
    1738709774.1347644,
    1738709789.4521937,
    1738709804.8923817,
    1738709820.4082005,
    1738709835.8531427,
    1738709851.4307935,
    1738709866.8593106,
    1738709882.554198,
    1738709898.1836255,
    1738709913.8213778,
    1738709929.1928864,
    1738709944.6562006,
    1738709960.1452012,
    1738709975.4625213,
    1738709990.7619073,
    1738710005.9387937,
    1738710021.2793593,
    1738710036.6185992,
    1738710052.1695573,
    1738710068.0859401,
    1738710084.176289,
    1738710100.100734,
    1738710116.2698803,
    1738710132.314985,
    1738710148.4961793,
    1738710164.6211963,
    1738710180.7678554,
    1738710196.8237586,
    1738710213.0045617,
    1738710229.3759944,
    1738710245.5699124,
    1738710261.9111001
  ],
  "val_errors": [
    115.70655159467178,
    103.11049322416027,
    98.15237779868613,
    93.3915324724193,
    90.15869452271617,
    87.91450071830486,
    86.99061383638383,
    86.54605211477501,
    85.97338127437851,
    85.32250225263991,
    85.35610054204699,
    85.05596497963431,
    85.06888089115806,
    85.09204736036139,
    85.11505390329745,
    84.76839778469606,
    85.30403674446782,
    85.94415052072019,
    85.62323283823892,
    85.64813446698277,
    85.48245006776764,
    85.53591682174459,
    85.37792326865046,
    85.60511197780153,
    85.15083581638484,
    84.93744274209014,
    85.24315916602205,
    85.2408611967243,
    85.16546110951185,
    85.11762381654744,
    85.3228260653623,
    85.46267880111311,
    85.22781045746582,
    85.28369574507742,
    85.45030429038778,
    85.46030007639142,
    85.32879700805745,
    85.24022662523103,
    85.38444098988548,
    85.44944086438122,
    85.27697946479782,
    85.2487893486422,
    85.23127226560167,
    85.3188251491566,
    85.37748986424067,
    85.3912876276136,
    85.1045360051071,
    85.288354727192,
    85.45546214506386,
    85.34373649860548
  ],
  "test_errors": [
    113.47456890127052,
    100.93187768587737,
    95.58487546158477,
    90.34264803905526,
    88.0638853630142,
    85.42686984556526,
    84.78655949670942,
    84.44882527087628,
    83.88794180544909,
    83.22520369383373,
    83.18513516076573,
    83.19257536185985,
    83.37099031209209,
    82.76297735555531,
    83.01684615661712,
    81.92618876777343,
    83.15420473309888,
    83.69142747283956,
    84.18433165022795,
    83.38247091828214,
    82.97423372050824,
    83.61865898174692,
    84.0284009417565,
    83.96110433083251,
    83.6438519316467,
    83.01554289683718,
    83.6634897542138,
    83.24585521194865,
    83.47308009670972,
    82.86276719264781,
    83.41237011582383,
    83.52484267763728,
    83.55650169142764,
    83.70069402090485,
    83.78462157138502,
    83.14421867121037,
    83.11279677082496,
    83.4280348129293,
    83.52109333079854,
    83.3141559515066,
    83.16002817525116,
    83.37088214901553,
    83.224408182157,
    83.27077257140196,
    83.13920284338239,
    83.51692925969924,
    83.59163902330381,
    83.72577841692478,
    83.33988273836889,
    83.46825505294615
  ]
}