{
  "timings": [
    1738778785.1891947,
    1738778787.4104862,
    1738778791.3957822,
    1738778797.094645,
    1738778804.5265827,
    1738778812.994354,
    1738778822.5607488,
    1738778833.1602468,
    1738778845.2877648,
    1738778857.4770973,
    1738778870.2810807,
    1738778883.2003865,
    1738778896.8995605,
    1738778912.0013547,
    1738778928.116633,
    1738778945.1087055,
    1738778962.9689236,
    1738778980.4171433,
    1738778997.9562566,
    1738779016.8026974,
    1738779037.2185888,
    1738779057.862612,
    1738779079.23572,
    1738779099.5349522,
    1738779119.9328687,
    1738779140.1618485,
    1738779160.4374542,
    1738779180.6773298,
    1738779200.8311682,
    1738779221.0182722,
    1738779241.2290485,
    1738779261.4600844,
    1738779281.744463,
    1738779301.9264581,
    1738779322.1529706,
    1738779342.4684553,
    1738779362.8121033,
    1738779383.0612304,
    1738779403.3141367,
    1738779423.524725,
    1738779443.6854749,
    1738779463.8989115,
    1738779484.159402,
    1738779504.4874196,
    1738779524.8223743,
    1738779545.0586185,
    1738779565.2318702,
    1738779585.769931,
    1738779606.0288372,
    1738779626.3140702,
    1738779646.4517379,
    1738779666.6553247,
    1738779686.8816957,
    1738779707.2298086,
    1738779727.5059843,
    1738779747.8194215,
    1738779768.1023314,
    1738779788.4645452,
    1738779808.6368582,
    1738779828.9147213,
    1738779849.2200086,
    1738779869.4797904,
    1738779889.6994898,
    1738779909.8644495,
    1738779930.099732,
    1738779950.3532019,
    1738779970.6300595,
    1738779990.9325793,
    1738780011.3036973,
    1738780031.632892,
    1738780051.897112,
    1738780072.186652,
    1738780092.464481,
    1738780112.7718441,
    1738780133.07359,
    1738780153.2719047,
    1738780173.4248915,
    1738780193.6061077,
    1738780213.8184361,
    1738780234.0222256,
    1738780254.3398802,
    1738780274.6815872,
    1738780295.0447242,
    1738780315.3427608,
    1738780335.6986,
    1738780356.0671275,
    1738780376.401465,
    1738780396.573961,
    1738780416.8187213,
    1738780437.0147018,
    1738780457.2683382,
    1738780477.605243,
    1738780497.8511167,
    1738780517.977557,
    1738780538.0985181,
    1738780558.3573534,
    1738780578.7509842,
    1738780599.089599,
    1738780619.3737326,
    1738780639.668007
  ],
  "val_errors": [
    118.1290887471199,
    111.4410953010857,
    108.71830285842736,
    105.15699563533497,
    102.56871130664102,
    100.75383295466386,
    99.63870056985148,
    99.58664791808366,
    99.29942926275089,
    98.85545127426768,
    98.75511460092308,
    98.10879718184746,
    97.45575876535744,
    96.78378254987551,
    96.9250665985163,
    97.02853878153876,
    97.5237936065523,
    97.45288236384046,
    97.09781078470611,
    97.17630867643517,
    96.7893885394939,
    96.8961533710862,
    96.93749596472409,
    97.32533187659426,
    97.29921386356459,
    98.04267365255494,
    98.04267365255494,
    98.04267365255494,
    98.04267365255494,
    98.04267365255494,
    98.04267365255494,
    98.04267365255494,
    98.04267365255494,
    98.04267365255494,
    98.04267365255494,
    98.04267365255494,
    98.04267365255494,
    98.04267365255494,
    98.04267365255494,
    98.04267365255494,
    98.04267365255494,
    98.04267365255494,
    98.04267365255494,
    98.04267365255494,
    98.04267365255494,
    98.04267365255494,
    98.04267365255494,
    98.04267365255494,
    98.04267365255494,
    98.04267365255494,
    98.04267365255494,
    98.04267365255494,
    98.04267365255494,
    98.04267365255494,
    98.04267365255494,
    98.04267365255494,
    98.04267365255494,
    98.04267365255494,
    98.04267365255494,
    98.04267365255494,
    98.04267365255494,
    98.04267365255494,
    98.04267365255494,
    98.04267365255494,
    98.04267365255494,
    98.04267365255494,
    98.04267365255494,
    98.04267365255494,
    98.04267365255494,
    98.04267365255494,
    98.04267365255494,
    98.04267365255494,
    98.04267365255494,
    98.04267365255494,
    98.04267365255494,
    98.04267365255494,
    98.04267365255494,
    98.04267365255494,
    98.04267365255494,
    98.04267365255494,
    98.04267365255494,
    98.04267365255494,
    98.04267365255494,
    98.04267365255494,
    98.04267365255494,
    98.04267365255494,
    98.04267365255494,
    98.04267365255494,
    98.04267365255494,
    98.04267365255494,
    98.04267365255494,
    98.04267365255494,
    98.04267365255494,
    98.04267365255494,
    98.04267365255494,
    98.04267365255494,
    98.04267365255494,
    98.04267365255494,
    98.04267365255494,
    98.04267365255494
  ],
  "test_errors": [
    117.07995094673853,
    108.58238534519246,
    106.17353695395735,
    101.91121314174192,
    99.01765595803285,
    96.87174343139225,
    96.3177295585531,
    95.50450939550129,
    95.1188732907538,
    94.58561543593909,
    94.83191119500424,
    94.2831190218127,
    94.04675339007392,
    93.84251097678737,
    94.05887668193886,
    93.94036158925329,
    94.33241911583102,
    94.5919591736445,
    94.22396794075588,
    94.81544875707799,
    94.7640485428073,
    94.41132998343355,
    94.69556244031159,
    94.72970385326235,
    94.69435717455707,
    95.18599747524637,
    95.18599747524637,
    95.18599747524637,
    95.18599747524637,
    95.18599747524637,
    95.18599747524637,
    95.18599747524637,
    95.18599747524637,
    95.18599747524637,
    95.18599747524637,
    95.18599747524637,
    95.18599747524637,
    95.18599747524637,
    95.18599747524637,
    95.18599747524637,
    95.18599747524637,
    95.18599747524637,
    95.18599747524637,
    95.18599747524637,
    95.18599747524637,
    95.18599747524637,
    95.18599747524637,
    95.18599747524637,
    95.18599747524637,
    95.18599747524637,
    95.18599747524637,
    95.18599747524637,
    95.18599747524637,
    95.18599747524637,
    95.18599747524637,
    95.18599747524637,
    95.18599747524637,
    95.18599747524637,
    95.18599747524637,
    95.18599747524637,
    95.18599747524637,
    95.18599747524637,
    95.18599747524637,
    95.18599747524637,
    95.18599747524637,
    95.18599747524637,
    95.18599747524637,
    95.18599747524637,
    95.18599747524637,
    95.18599747524637,
    95.18599747524637,
    95.18599747524637,
    95.18599747524637,
    95.18599747524637,
    95.18599747524637,
    95.18599747524637,
    95.18599747524637,
    95.18599747524637,
    95.18599747524637,
    95.18599747524637,
    95.18599747524637,
    95.18599747524637,
    95.18599747524637,
    95.18599747524637,
    95.18599747524637,
    95.18599747524637,
    95.18599747524637,
    95.18599747524637,
    95.18599747524637,
    95.18599747524637,
    95.18599747524637,
    95.18599747524637,
    95.18599747524637,
    95.18599747524637,
    95.18599747524637,
    95.18599747524637,
    95.18599747524637,
    95.18599747524637,
    95.18599747524637,
    95.18599747524637
  ]
}