{
  "timings": [
    1738745658.7281353,
    1738745660.3896468,
    1738745663.3435185,
    1738745667.279852,
    1738745672.4039454,
    1738745678.2227936,
    1738745684.8233635,
    1738745692.3116257,
    1738745700.6524367,
    1738745709.802089,
    1738745719.1694925,
    1738745728.7733376,
    1738745738.8514333,
    1738745749.1559513,
    1738745759.736912,
    1738745770.5206895,
    1738745781.2423558,
    1738745792.2549605,
    1738745803.1864467,
    1738745814.655335,
    1738745825.9527164,
    1738745837.362673,
    1738745848.686842,
    1738745859.977606,
    1738745871.2280502,
    1738745882.8685513,
    1738745894.5904393,
    1738745906.638373,
    1738745919.213062,
    1738745931.6704156,
    1738745943.9765427,
    1738745956.6106691,
    1738745968.752752,
    1738745980.8820584,
    1738745993.5516999,
    1738746006.8630948,
    1738746020.7447877,
    1738746035.1203852,
    1738746050.7489784,
    1738746066.8780699,
    1738746083.131094,
    1738746099.461227,
    1738746115.849099,
    1738746132.7423587,
    1738746150.1241553,
    1738746167.5529642,
    1738746184.2055817,
    1738746200.65033,
    1738746217.4236543,
    1738746234.3257802,
    1738746252.0935984,
    1738746270.2699053,
    1738746288.364839,
    1738746306.3649287,
    1738746324.455,
    1738746342.4541802,
    1738746360.5139961,
    1738746378.504538,
    1738746396.5298185,
    1738746414.5999663,
    1738746432.3830187,
    1738746450.24813,
    1738746468.224326,
    1738746486.2258365,
    1738746504.215738,
    1738746522.280434,
    1738746540.2286952,
    1738746558.256189,
    1738746576.554504,
    1738746594.4539998,
    1738746612.294471,
    1738746630.2362335,
    1738746648.087776,
    1738746666.076353,
    1738746684.0848775,
    1738746702.1068828,
    1738746720.0542145,
    1738746738.264475,
    1738746756.278468,
    1738746774.3410912,
    1738746792.3237565,
    1738746810.3594508,
    1738746828.4144273,
    1738746846.381677,
    1738746864.1950014,
    1738746882.0607948,
    1738746900.0205386,
    1738746917.9048734,
    1738746935.8875604,
    1738746953.852808,
    1738746971.6995733,
    1738746989.7830484,
    1738747007.8324296,
    1738747025.7833662,
    1738747043.5915174,
    1738747061.5308733,
    1738747079.4081247,
    1738747097.4149287,
    1738747115.3480573,
    1738747133.3021717
  ],
  "val_errors": [
    118.02089895142814,
    110.95784786028977,
    107.98986826244544,
    104.22233757973997,
    101.75726206316244,
    100.84203552710339,
    99.90898212787984,
    98.87850006678198,
    98.73858894278303,
    98.40862872532213,
    97.84109998674069,
    96.93451014021333,
    96.84704678273572,
    96.46737224845,
    96.30135048730341,
    96.11991759097731,
    96.28388859926746,
    96.61751134435424,
    96.56194021217442,
    96.53300862884745,
    96.69788105890112,
    96.8545196224637,
    97.05617427337147,
    97.13942815851229,
    97.14154232288939,
    96.9442190355211,
    97.21971813281104,
    97.06336897426617,
    96.74247356966892,
    96.77677061228233,
    96.90052344131092,
    96.89110279895067,
    97.53916166534042,
    97.17958885602009,
    96.81059338570674,
    96.77947277125504,
    96.49629712437793,
    96.62340601430924,
    96.11846229202303,
    95.83238175834474,
    96.14286377294991,
    96.18923793387077,
    96.3091518776622,
    96.23794005982533,
    96.09699832948544,
    96.41692416259109,
    96.45760617787988,
    96.97471729485449,
    96.99058661358224,
    96.62817865763759,
    96.48445210857089,
    96.53674996820205,
    96.53674996820205,
    96.53674996820205,
    96.53674996820205,
    96.53674996820205,
    96.53674996820205,
    96.53674996820205,
    96.53674996820205,
    96.53674996820205,
    96.53674996820205,
    96.53674996820205,
    96.53674996820205,
    96.53674996820205,
    96.53674996820205,
    96.53674996820205,
    96.53674996820205,
    96.53674996820205,
    96.53674996820205,
    96.53674996820205,
    96.53674996820205,
    96.53674996820205,
    96.53674996820205,
    96.53674996820205,
    96.53674996820205,
    96.53674996820205,
    96.53674996820205,
    96.53674996820205,
    96.53674996820205,
    96.53674996820205,
    96.53674996820205,
    96.53674996820205,
    96.53674996820205,
    96.53674996820205,
    96.53674996820205,
    96.53674996820205,
    96.53674996820205,
    96.53674996820205,
    96.53674996820205,
    96.53674996820205,
    96.53674996820205,
    96.53674996820205,
    96.53674996820205,
    96.53674996820205,
    96.53674996820205,
    96.53674996820205,
    96.53674996820205,
    96.53674996820205,
    96.53674996820205,
    96.53674996820205
  ],
  "test_errors": [
    119.52998114289336,
    113.43700792870665,
    110.55312665898145,
    106.94767269716215,
    104.7139044284673,
    103.39792664405057,
    102.97571061325009,
    101.92719423708351,
    101.79100716949777,
    101.8172279864918,
    101.1428023975066,
    100.27319449315169,
    99.66268148432354,
    99.34950531702805,
    99.30541256557923,
    99.48667061779008,
    99.55367339609738,
    99.83774044482888,
    99.80400371208088,
    99.32826236792944,
    99.56337964009226,
    99.77712948595135,
    99.96066940166006,
    99.93798767909722,
    100.02955216873787,
    99.52463036736941,
    99.98061051609552,
    100.02949118794706,
    100.01417652764121,
    99.91141397575831,
    99.54365932407069,
    100.30217794967281,
    100.753860750896,
    100.42757071645498,
    99.80035916210694,
    99.46140696644879,
    99.24960797082947,
    99.14288844177425,
    98.72105817349251,
    98.19379803413187,
    98.531685377324,
    99.41259015425314,
    99.5673213820497,
    99.48842073749839,
    99.14082188202416,
    100.00708699283803,
    100.69493471809578,
    100.95696782975736,
    100.99295509646254,
    99.96634517218588,
    100.13181734676697,
    99.87706932827173,
    99.87706932827173,
    99.87706932827173,
    99.87706932827173,
    99.87706932827173,
    99.87706932827173,
    99.87706932827173,
    99.87706932827173,
    99.87706932827173,
    99.87706932827173,
    99.87706932827173,
    99.87706932827173,
    99.87706932827173,
    99.87706932827173,
    99.87706932827173,
    99.87706932827173,
    99.87706932827173,
    99.87706932827173,
    99.87706932827173,
    99.87706932827173,
    99.87706932827173,
    99.87706932827173,
    99.87706932827173,
    99.87706932827173,
    99.87706932827173,
    99.87706932827173,
    99.87706932827173,
    99.87706932827173,
    99.87706932827173,
    99.87706932827173,
    99.87706932827173,
    99.87706932827173,
    99.87706932827173,
    99.87706932827173,
    99.87706932827173,
    99.87706932827173,
    99.87706932827173,
    99.87706932827173,
    99.87706932827173,
    99.87706932827173,
    99.87706932827173,
    99.87706932827173,
    99.87706932827173,
    99.87706932827173,
    99.87706932827173,
    99.87706932827173,
    99.87706932827173,
    99.87706932827173,
    99.87706932827173
  ]
}
