{
  "timings": [
    1738740011.6353002,
    1738740013.2539227,
    1738740016.2358084,
    1738740020.0631096,
    1738740024.6815364,
    1738740030.0497916,
    1738740036.5067744,
    1738740043.9620779,
    1738740052.2096286,
    1738740061.010993,
    1738740070.08623,
    1738740079.7841601,
    1738740090.0142112,
    1738740100.4983,
    1738740112.066654,
    1738740124.1371367,
    1738740136.7888408,
    1738740150.1921446,
    1738740163.807345,
    1738740177.8395014,
    1738740192.2535672,
    1738740206.9193718,
    1738740221.902633,
    1738740236.8925734,
    1738740252.5824149,
    1738740268.5008228,
    1738740285.0391316,
    1738740302.1417968,
    1738740319.2465274,
    1738740335.8045635,
    1738740352.5887423,
    1738740369.2469838,
    1738740386.1610255,
    1738740403.5541546,
    1738740420.2491915,
    1738740436.9227657,
    1738740453.6252825,
    1738740470.8253038,
    1738740488.182683,
    1738740505.674643,
    1738740523.3695064,
    1738740541.420196,
    1738740559.8093138,
    1738740578.9060307,
    1738740597.8218646,
    1738740616.9577866,
    1738740636.024874,
    1738740655.682693,
    1738740675.2157648,
    1738740694.342544,
    1738740713.1251805,
    1738740732.0522437,
    1738740750.9986498,
    1738740769.8710454,
    1738740788.8533099,
    1738740807.6650565,
    1738740826.5425248,
    1738740845.4671996,
    1738740864.3921077,
    1738740883.2281542,
    1738740902.027005,
    1738740920.946577,
    1738740939.9670563,
    1738740958.7352576,
    1738740977.6329947,
    1738740996.4909024,
    1738741015.4774096,
    1738741034.2360313,
    1738741053.1822827,
    1738741071.9576108,
    1738741090.8471751,
    1738741109.8141015,
    1738741128.8495188,
    1738741147.6067286,
    1738741166.49758,
    1738741185.449452,
    1738741204.2002048,
    1738741223.039771,
    1738741241.8149538,
    1738741260.6744316,
    1738741279.6052482,
    1738741298.5365264,
    1738741317.3186452,
    1738741336.213304,
    1738741355.1994798,
    1738741374.1823826,
    1738741393.0240595,
    1738741411.9756966,
    1738741431.0502343,
    1738741449.909001,
    1738741468.7366583,
    1738741487.6678965,
    1738741506.6425223,
    1738741525.4644368,
    1738741544.3531463,
    1738741563.229204,
    1738741582.056375,
    1738741601.0984733,
    1738741619.987838,
    1738741638.772839
  ],
  "val_errors": [
    118.1290887471199,
    111.8577594092922,
    108.01730404494411,
    105.26637949208725,
    103.81760047104055,
    102.3091664710931,
    101.43844665761681,
    100.98464268769732,
    100.22253178008576,
    99.96224197239845,
    99.57776028715998,
    99.3861902243775,
    99.36166083809951,
    99.00825381048489,
    98.98090418097392,
    98.89648949263425,
    98.9131149518136,
    98.6915974430834,
    98.65114532196024,
    98.71288760773811,
    98.62657470200118,
    98.50969608618333,
    98.53492619409879,
    98.36783388792028,
    98.28231615584704,
    98.22431604477968,
    98.05890479370981,
    97.77887291218154,
    97.45711495410485,
    97.59178409477795,
    97.71124585542961,
    97.61638443691328,
    97.52496842793973,
    97.54394522011987,
    97.71960921742964,
    97.64141609187392,
    97.19072304367465,
    97.1430311296237,
    97.26650883341509,
    97.4840485859489,
    97.36264404062486,
    97.31803171518266,
    97.64454058017145,
    97.55959642620357,
    97.57244345666031,
    97.64595250792819,
    97.71791407379023,
    97.77472154662333,
    97.79278966836414,
    98.03905089261538,
    98.02774184444085,
    98.02774184444085,
    98.02774184444085,
    98.02774184444085,
    98.02774184444085,
    98.02774184444085,
    98.02774184444085,
    98.02774184444085,
    98.02774184444085,
    98.02774184444085,
    98.02774184444085,
    98.02774184444085,
    98.02774184444085,
    98.02774184444085,
    98.02774184444085,
    98.02774184444085,
    98.02774184444085,
    98.02774184444085,
    98.02774184444085,
    98.02774184444085,
    98.02774184444085,
    98.02774184444085,
    98.02774184444085,
    98.02774184444085,
    98.02774184444085,
    98.02774184444085,
    98.02774184444085,
    98.02774184444085,
    98.02774184444085,
    98.02774184444085,
    98.02774184444085,
    98.02774184444085,
    98.02774184444085,
    98.02774184444085,
    98.02774184444085,
    98.02774184444085,
    98.02774184444085,
    98.02774184444085,
    98.02774184444085,
    98.02774184444085,
    98.02774184444085,
    98.02774184444085,
    98.02774184444085,
    98.02774184444085,
    98.02774184444085,
    98.02774184444085,
    98.02774184444085,
    98.02774184444085,
    98.02774184444085,
    98.02774184444085
  ],
  "test_errors": [
    117.07995094673853,
    108.54460171814729,
    105.0784928317171,
    102.70841011636043,
    100.1257340052148,
    98.95756996979914,
    97.7600891839972,
    97.21305552863564,
    96.43718014144127,
    96.03122166132492,
    95.4084221987748,
    95.66976631133807,
    95.74241435770786,
    95.19718241313855,
    95.12199763165981,
    95.04460810577717,
    94.95345547857848,
    95.0511648815819,
    95.05678277975443,
    95.15478241372324,
    95.01957247808967,
    94.67818699550322,
    94.77647680944821,
    95.00599804223395,
    94.50858718162335,
    94.57040977994622,
    94.13061505749621,
    94.67267695330708,
    94.19814864573895,
    93.93025474459559,
    94.54085845014374,
    93.9830463875135,
    93.93028347146341,
    94.05897376093415,
    94.21366778178813,
    94.19942787563421,
    93.89428837978875,
    93.72074217352628,
    93.45382831995687,
    93.86247611537236,
    93.53286963203067,
    93.54867998170876,
    93.92475619540532,
    93.8301186875641,
    93.92513057975404,
    93.8723914002772,
    94.1677376525382,
    93.96471575061528,
    94.17714262516594,
    94.5264604696273,
    94.49666771118069,
    94.49666771118069,
    94.49666771118069,
    94.49666771118069,
    94.49666771118069,
    94.49666771118069,
    94.49666771118069,
    94.49666771118069,
    94.49666771118069,
    94.49666771118069,
    94.49666771118069,
    94.49666771118069,
    94.49666771118069,
    94.49666771118069,
    94.49666771118069,
    94.49666771118069,
    94.49666771118069,
    94.49666771118069,
    94.49666771118069,
    94.49666771118069,
    94.49666771118069,
    94.49666771118069,
    94.49666771118069,
    94.49666771118069,
    94.49666771118069,
    94.49666771118069,
    94.49666771118069,
    94.49666771118069,
    94.49666771118069,
    94.49666771118069,
    94.49666771118069,
    94.49666771118069,
    94.49666771118069,
    94.49666771118069,
    94.49666771118069,
    94.49666771118069,
    94.49666771118069,
    94.49666771118069,
    94.49666771118069,
    94.49666771118069,
    94.49666771118069,
    94.49666771118069,
    94.49666771118069,
    94.49666771118069,
    94.49666771118069,
    94.49666771118069,
    94.49666771118069,
    94.49666771118069,
    94.49666771118069,
    94.49666771118069
  ]
}