{
  "timings": [
    1738708664.9849079,
    1738708666.60781,
    1738708668.4101164,
    1738708670.3930597,
    1738708672.4537325,
    1738708674.582623,
    1738708676.7826438,
    1738708678.9573019,
    1738708681.098727,
    1738708683.2805161,
    1738708685.4753118,
    1738708687.7385468,
    1738708690.002453,
    1738708692.2772238,
    1738708694.653824,
    1738708696.9679189,
    1738708699.27295,
    1738708701.6112807,
    1738708703.9213977,
    1738708706.258985,
    1738708708.654147,
    1738708710.9943352,
    1738708713.4432251,
    1738708715.7850597,
    1738708718.2331338,
    1738708720.7626874,
    1738708723.251745,
    1738708725.8487344,
    1738708728.3766425,
    1738708730.9477637,
    1738708733.4655445,
    1738708736.0308414,
    1738708738.5344563,
    1738708741.132012,
    1738708743.6579232,
    1738708746.2719285,
    1738708748.7874985,
    1738708751.351344,
    1738708753.8064382,
    1738708756.4064748,
    1738708758.9334128,
    1738708761.4396741,
    1738708764.025317,
    1738708766.5521495,
    1738708769.1671436,
    1738708771.6899114,
    1738708774.2802997,
    1738708776.8022516,
    1738708779.3759904,
    1738708781.869625
  ],
  "val_errors": [
    115.9493476886221,
    108.69351606111334,
    106.5311054543309,
    103.75380364840676,
    102.20325201488092,
    100.81190834598891,
    100.17119468265612,
    99.5985995017164,
    98.56948530165776,
    97.91406584287915,
    97.80519612541134,
    97.25777794750839,
    96.85710268633983,
    96.88696842146334,
    96.60326781620363,
    96.75169550972234,
    96.71555992402091,
    96.71472392827762,
    96.7906896944648,
    96.72490808550948,
    96.88930502774285,
    97.09399135471888,
    96.79815359985511,
    96.46599020438634,
    96.35193766089323,
    96.16739667412892,
    96.3256544632742,
    95.90007699028708,
    96.13015735689426,
    96.20588159181194,
    96.15452326999123,
    96.22014096610367,
    95.96733091263802,
    96.06490531709207,
    95.91073852119737,
    95.97155762065128,
    96.16198110029765,
    96.1054127475281,
    96.00550469231672,
    96.35413883013754,
    96.27665218173023,
    96.33756806930911,
    96.09456630846364,
    96.07801601624047,
    96.03230175464654,
    95.88860602690146,
    96.03046224479628,
    95.96417480375983,
    96.09601901477464,
    96.06192271257885
  ],
  "test_errors": [
    117.09029559460213,
    109.8868378536283,
    108.68588573321325,
    105.79560761244993,
    104.31759055787344,
    102.59790552674734,
    102.03647172013243,
    101.93063184780894,
    100.2847938957087,
    99.95106807618959,
    99.31281588292471,
    98.67638104161688,
    98.50911548676112,
    98.47619777078816,
    98.08700560529932,
    98.29077014039987,
    98.5980922977381,
    98.47294876253021,
    98.87423828896154,
    98.61591519169707,
    98.68864517505443,
    98.96916084493051,
    97.85283285990361,
    97.86649526045746,
    97.7471628630067,
    97.60955246357877,
    97.8323556037937,
    97.44169501727315,
    97.63140389402047,
    97.66835136246864,
    97.54015139230486,
    97.66071768446345,
    97.23030254518206,
    97.39306457226634,
    97.22406709395382,
    97.36819273137526,
    97.37574752039396,
    97.26147096574046,
    97.34005739725154,
    97.52044423300472,
    97.74882018326727,
    97.55774569038789,
    97.577562607482,
    97.53515669684171,
    97.61042864118033,
    97.32620517189102,
    97.27275822840043,
    97.19484383729689,
    97.42610489524634,
    97.48304582505735
  ]
}