{
  "timings": [
    1738708787.4201262,
    1738708797.3303244,
    1738708808.001023,
    1738708819.7876627,
    1738708832.1677358,
    1738708845.2674673,
    1738708858.8176203,
    1738708872.6863983,
    1738708886.5795646,
    1738708900.7260911,
    1738708915.349437,
    1738708930.1410973,
    1738708944.789852,
    1738708959.701685,
    1738708974.3289685,
    1738708989.350435,
    1738709004.4589458,
    1738709019.9348643,
    1738709035.2510815,
    1738709050.8982384,
    1738709066.5043757,
    1738709082.258935,
    1738709097.91105,
    1738709113.6247594,
    1738709129.4429023,
    1738709145.2534564,
    1738709160.8612611,
    1738709176.729626,
    1738709192.8283613,
    1738709208.6238058,
    1738709224.5540807,
    1738709240.77566,
    1738709256.791985,
    1738709272.7499769,
    1738709288.6960208,
    1738709304.5531206,
    1738709320.6342218,
    1738709336.4934123,
    1738709352.4591515,
    1738709368.371907,
    1738709384.4205024,
    1738709400.2797606,
    1738709416.298655,
    1738709432.2969449,
    1738709448.2672307,
    1738709464.358493,
    1738709480.350873,
    1738709496.4037242,
    1738709512.2870376,
    1738709528.399224
  ],
  "val_errors": [
    113.23158177340939,
    100.70860629536135,
    95.92974167588572,
    90.88003181898704,
    88.72804965226945,
    87.12786203172126,
    86.37720323657727,
    86.36414288194756,
    86.36013157446786,
    86.19636961326958,
    85.79526317650114,
    85.77473241786205,
    85.95008815116576,
    85.75881230721527,
    86.26958865034297,
    86.38229338917267,
    86.17685086522565,
    85.85645346502021,
    85.84184038262636,
    85.72114256956324,
    85.31514524633344,
    85.2067388866675,
    85.65451074840963,
    85.67514050746982,
    85.7137447488531,
    85.72941120390337,
    85.90901801402266,
    85.61459396235449,
    85.5966705681663,
    85.72321214703776,
    85.63801721487192,
    85.09505119431864,
    85.23023789458954,
    85.48712022058396,
    85.68339477565328,
    85.74132942310253,
    85.62492572409874,
    85.68306433437024,
    85.29074783064169,
    85.41496339578244,
    85.44445181215137,
    85.52380474707225,
    85.80471804900233,
    85.74243146150756,
    85.40089913791475,
    85.43179504332085,
    85.4753205214518,
    85.59740509517762,
    85.59448986669338,
    85.35885508687642
  ],
  "test_errors": [
    114.64520700776256,
    101.1597745738728,
    96.15205731689585,
    92.66812781969774,
    90.29492552975127,
    89.22135095637319,
    88.66277500270206,
    87.78625892328176,
    88.740150075562,
    88.64828583523173,
    87.98817085456093,
    87.7724336938304,
    87.7414849253038,
    87.56752905698222,
    87.90647963419703,
    87.80093599510631,
    87.61193904505463,
    87.44103387302597,
    87.79682216856126,
    87.6853784243498,
    87.0778788615858,
    86.14209225230917,
    87.1194783566965,
    87.34714726394097,
    87.27583624099796,
    87.25749210429326,
    87.61788312525958,
    87.26921198591407,
    87.02444624286738,
    87.34378874410012,
    87.0481747279799,
    86.83958833989344,
    86.99777683973683,
    87.05405301015514,
    87.41738243936898,
    87.31481619011186,
    86.9364597156161,
    87.1180339076141,
    86.84415780912,
    86.99825176995392,
    86.78941340409693,
    87.1162948539161,
    87.10343757340135,
    87.14148140580747,
    86.9919413964113,
    86.69785601439092,
    87.14461262463354,
    87.31238814611385,
    86.93237834954587,
    87.09398618345354
  ]
}