{
  "timings": [
    1738793933.6201167,
    1738793935.2451472,
    1738793939.1800947,
    1738793944.711388,
    1738793951.6747835,
    1738793960.0826392,
    1738793969.4631815,
    1738793980.7191186,
    1738793992.1958497,
    1738794004.61257,
    1738794017.1440313,
    1738794030.4294357,
    1738794043.7794476,
    1738794058.3226955,
    1738794073.555029,
    1738794089.763307,
    1738794105.4305606,
    1738794121.3717165,
    1738794138.738557,
    1738794156.2906976,
    1738794174.7867246,
    1738794193.6446288,
    1738794212.6972933,
    1738794231.2075946,
    1738794249.6831107,
    1738794268.2327955,
    1738794286.7379947,
    1738794305.1892884,
    1738794323.6591895,
    1738794342.1534462,
    1738794360.7220528,
    1738794379.1145592,
    1738794397.574188,
    1738794416.1423662,
    1738794434.717634,
    1738794453.300007,
    1738794471.7836008,
    1738794490.2474906,
    1738794508.7916052,
    1738794527.358141,
    1738794545.7603395,
    1738794564.146715,
    1738794582.5815933,
    1738794601.00101,
    1738794619.4969091,
    1738794637.935322,
    1738794656.3982732,
    1738794674.8743355,
    1738794693.5054355,
    1738794712.0172248,
    1738794730.4385614,
    1738794748.9208624,
    1738794767.3452017,
    1738794785.7448266,
    1738794804.2238512,
    1738794822.6493213,
    1738794841.1144128,
    1738794859.5631802,
    1738794878.028872,
    1738794896.5519774,
    1738794915.16817,
    1738794933.6615636,
    1738794952.184597,
    1738794970.7612379,
    1738794989.329707,
    1738795007.9453337,
    1738795026.425904,
    1738795044.8086958,
    1738795063.1784408,
    1738795081.6665425,
    1738795100.1516912,
    1738795118.6829162,
    1738795137.2857876,
    1738795155.7652988,
    1738795174.4367938,
    1738795192.932704,
    1738795211.3316147,
    1738795229.8858845,
    1738795248.4662516,
    1738795266.8893688,
    1738795285.476051,
    1738795303.9466982,
    1738795322.4671962,
    1738795340.948476,
    1738795359.350727,
    1738795377.8715694,
    1738795396.4916334,
    1738795415.0265229,
    1738795433.5268328,
    1738795452.0935822,
    1738795470.5936,
    1738795489.1201677,
    1738795507.5700662,
    1738795525.9776986,
    1738795544.3923554,
    1738795562.8372922,
    1738795581.3521504,
    1738795599.8893945,
    1738795618.4741821,
    1738795637.057441
  ],
  "val_errors": [
    117.37096600948152,
    110.08108658470758,
    106.89001786156803,
    104.06943388554075,
    103.14912786970864,
    101.53865910168544,
    100.60534019453854,
    99.93607961349738,
    99.50509517143678,
    98.91561977628248,
    97.91296514202364,
    97.58066054740783,
    97.69142467454623,
    97.06929178757898,
    97.0930212152998,
    97.2006211321722,
    97.5172400512591,
    97.76549062633048,
    97.47765661582541,
    97.34765748368561,
    96.86892521250475,
    97.42360876174232,
    97.49109651853377,
    97.47693126973823,
    97.47693126973823,
    97.47693126973823,
    97.47693126973823,
    97.47693126973823,
    97.47693126973823,
    97.47693126973823,
    97.47693126973823,
    97.47693126973823,
    97.47693126973823,
    97.47693126973823,
    97.47693126973823,
    97.47693126973823,
    97.47693126973823,
    97.47693126973823,
    97.47693126973823,
    97.47693126973823,
    97.47693126973823,
    97.47693126973823,
    97.47693126973823,
    97.47693126973823,
    97.47693126973823,
    97.47693126973823,
    97.47693126973823,
    97.47693126973823,
    97.47693126973823,
    97.47693126973823,
    97.47693126973823,
    97.47693126973823,
    97.47693126973823,
    97.47693126973823,
    97.47693126973823,
    97.47693126973823,
    97.47693126973823,
    97.47693126973823,
    97.47693126973823,
    97.47693126973823,
    97.47693126973823,
    97.47693126973823,
    97.47693126973823,
    97.47693126973823,
    97.47693126973823,
    97.47693126973823,
    97.47693126973823,
    97.47693126973823,
    97.47693126973823,
    97.47693126973823,
    97.47693126973823,
    97.47693126973823,
    97.47693126973823,
    97.47693126973823,
    97.47693126973823,
    97.47693126973823,
    97.47693126973823,
    97.47693126973823,
    97.47693126973823,
    97.47693126973823,
    97.47693126973823,
    97.47693126973823,
    97.47693126973823,
    97.47693126973823,
    97.47693126973823,
    97.47693126973823,
    97.47693126973823,
    97.47693126973823,
    97.47693126973823,
    97.47693126973823,
    97.47693126973823,
    97.47693126973823,
    97.47693126973823,
    97.47693126973823,
    97.47693126973823,
    97.47693126973823,
    97.47693126973823,
    97.47693126973823,
    97.47693126973823,
    97.47693126973823
  ],
  "test_errors": [
    116.60153127268289,
    109.74778270129418,
    106.27328450621008,
    102.79664012528119,
    102.64049386768784,
    100.58559984865197,
    100.41784185314081,
    99.56438214562598,
    98.70997405778567,
    98.6270918789428,
    96.83370837789275,
    97.00805289096726,
    97.00747774416907,
    96.82689075714754,
    96.96902759577141,
    96.94080127206425,
    96.92251627149523,
    97.38036579212225,
    97.72864022535312,
    97.02966742016042,
    96.59954995127842,
    97.28625837631748,
    96.69673186714901,
    96.67813979037008,
    96.67813979037008,
    96.67813979037008,
    96.67813979037008,
    96.67813979037008,
    96.67813979037008,
    96.67813979037008,
    96.67813979037008,
    96.67813979037008,
    96.67813979037008,
    96.67813979037008,
    96.67813979037008,
    96.67813979037008,
    96.67813979037008,
    96.67813979037008,
    96.67813979037008,
    96.67813979037008,
    96.67813979037008,
    96.67813979037008,
    96.67813979037008,
    96.67813979037008,
    96.67813979037008,
    96.67813979037008,
    96.67813979037008,
    96.67813979037008,
    96.67813979037008,
    96.67813979037008,
    96.67813979037008,
    96.67813979037008,
    96.67813979037008,
    96.67813979037008,
    96.67813979037008,
    96.67813979037008,
    96.67813979037008,
    96.67813979037008,
    96.67813979037008,
    96.67813979037008,
    96.67813979037008,
    96.67813979037008,
    96.67813979037008,
    96.67813979037008,
    96.67813979037008,
    96.67813979037008,
    96.67813979037008,
    96.67813979037008,
    96.67813979037008,
    96.67813979037008,
    96.67813979037008,
    96.67813979037008,
    96.67813979037008,
    96.67813979037008,
    96.67813979037008,
    96.67813979037008,
    96.67813979037008,
    96.67813979037008,
    96.67813979037008,
    96.67813979037008,
    96.67813979037008,
    96.67813979037008,
    96.67813979037008,
    96.67813979037008,
    96.67813979037008,
    96.67813979037008,
    96.67813979037008,
    96.67813979037008,
    96.67813979037008,
    96.67813979037008,
    96.67813979037008,
    96.67813979037008,
    96.67813979037008,
    96.67813979037008,
    96.67813979037008,
    96.67813979037008,
    96.67813979037008,
    96.67813979037008,
    96.67813979037008,
    96.67813979037008
  ]
}
