{
  "timings": [
    1738897106.1047707,
    1738897108.0510232,
    1738897112.8577847,
    1738897119.4412568,
    1738897127.5192409,
    1738897137.1742263,
    1738897148.184723,
    1738897160.000783,
    1738897173.7540689,
    1738897187.540527,
    1738897202.39895,
    1738897217.8256536,
    1738897233.8931212,
    1738897250.633955,
    1738897268.181021,
    1738897286.1718442,
    1738897304.7253902,
    1738897322.798906,
    1738897340.9053502,
    1738897359.2076461,
    1738897377.148465,
    1738897396.2891755,
    1738897414.357674,
    1738897433.4728148,
    1738897451.8390641,
    1738897470.2639203,
    1738897491.615762,
    1738897511.8089697,
    1738897530.0345528,
    1738897548.0799856,
    1738897566.0856721,
    1738897584.0871692,
    1738897601.9237025,
    1738897619.7885478,
    1738897637.6989543,
    1738897655.6217563,
    1738897673.6706839,
    1738897691.5664418,
    1738897709.4920282,
    1738897727.443036,
    1738897745.366166,
    1738897763.4030924,
    1738897781.3892984,
    1738897799.3936095,
    1738897817.2609854,
    1738897835.2117033,
    1738897853.2164443,
    1738897871.0868852,
    1738897889.085328,
    1738897907.0044386,
    1738897924.8876674,
    1738897942.8815718,
    1738897960.9462852,
    1738897978.8059068,
    1738897996.7081993,
    1738898014.7877634,
    1738898033.0682857,
    1738898051.1367552,
    1738898069.349143,
    1738898087.5879998,
    1738898105.6254127,
    1738898123.7008562,
    1738898141.73226,
    1738898159.735555,
    1738898177.7209237,
    1738898195.7219248,
    1738898213.677563,
    1738898231.7101297,
    1738898249.9033449,
    1738898267.90769,
    1738898286.278663,
    1738898304.8056104,
    1738898325.083282,
    1738898343.4723363,
    1738898362.1151338,
    1738898380.1103961,
    1738898398.3374884,
    1738898416.591544,
    1738898434.8476455,
    1738898453.011629,
    1738898471.4968143,
    1738898489.708403,
    1738898507.8815932,
    1738898526.1846876,
    1738898544.4604495,
    1738898562.9502094,
    1738898580.9851034,
    1738898599.0416002,
    1738898617.3609834,
    1738898635.6522682,
    1738898653.9373002,
    1738898672.1028235,
    1738898690.2619712,
    1738898708.550349,
    1738898726.8484285,
    1738898745.0152605,
    1738898763.2219024,
    1738898781.452652,
    1738898799.8268719,
    1738898818.0526924
  ],
  "val_errors": [
    116.54231777627477,
    106.8560928268077,
    101.98082745391662,
    99.27822742304832,
    98.40460321621913,
    97.44841520349823,
    97.00404859172816,
    97.20777660299062,
    96.1017881957935,
    95.7394141642244,
    95.95176789166456,
    95.86100645897025,
    96.00653959322352,
    95.83275545785449,
    95.86948492995772,
    96.18650837520862,
    95.99984812807624,
    96.02111021390199,
    96.02111021390199,
    96.02111021390199,
    96.02111021390199,
    96.02111021390199,
    96.02111021390199,
    96.02111021390199,
    96.02111021390199,
    96.02111021390199,
    96.02111021390199,
    96.02111021390199,
    96.02111021390199,
    96.02111021390199,
    96.02111021390199,
    96.02111021390199,
    96.02111021390199,
    96.02111021390199,
    96.02111021390199,
    96.02111021390199,
    96.02111021390199,
    96.02111021390199,
    96.02111021390199,
    96.02111021390199,
    96.02111021390199,
    96.02111021390199,
    96.02111021390199,
    96.02111021390199,
    96.02111021390199,
    96.02111021390199,
    96.02111021390199,
    96.02111021390199,
    96.02111021390199,
    96.02111021390199,
    96.02111021390199,
    96.02111021390199,
    96.02111021390199,
    96.02111021390199,
    96.02111021390199,
    96.02111021390199,
    96.02111021390199,
    96.02111021390199,
    96.02111021390199,
    96.02111021390199,
    96.02111021390199,
    96.02111021390199,
    96.02111021390199,
    96.02111021390199,
    96.02111021390199,
    96.02111021390199,
    96.02111021390199,
    96.02111021390199,
    96.02111021390199,
    96.02111021390199,
    96.02111021390199,
    96.02111021390199,
    96.02111021390199,
    96.02111021390199,
    96.02111021390199,
    96.02111021390199,
    96.02111021390199,
    96.02111021390199,
    96.02111021390199,
    96.02111021390199,
    96.02111021390199,
    96.02111021390199,
    96.02111021390199,
    96.02111021390199,
    96.02111021390199,
    96.02111021390199,
    96.02111021390199,
    96.02111021390199,
    96.02111021390199,
    96.02111021390199,
    96.02111021390199,
    96.02111021390199,
    96.02111021390199,
    96.02111021390199,
    96.02111021390199,
    96.02111021390199,
    96.02111021390199,
    96.02111021390199,
    96.02111021390199,
    96.02111021390199
  ],
  "test_errors": [
    122.77049894229707,
    111.6673820681532,
    105.05448763474962,
    101.42720747776792,
    100.66786456918013,
    100.03886586069645,
    99.73908673755938,
    100.23251459874888,
    99.65514237639744,
    98.94255264164045,
    99.85630757519141,
    98.54940775200805,
    99.29206192592363,
    98.86494686256913,
    98.88240717486947,
    99.61740663806435,
    99.71395704624474,
    99.85632360843906,
    99.85632360843906,
    99.85632360843906,
    99.85632360843906,
    99.85632360843906,
    99.85632360843906,
    99.85632360843906,
    99.85632360843906,
    99.85632360843906,
    99.85632360843906,
    99.85632360843906,
    99.85632360843906,
    99.85632360843906,
    99.85632360843906,
    99.85632360843906,
    99.85632360843906,
    99.85632360843906,
    99.85632360843906,
    99.85632360843906,
    99.85632360843906,
    99.85632360843906,
    99.85632360843906,
    99.85632360843906,
    99.85632360843906,
    99.85632360843906,
    99.85632360843906,
    99.85632360843906,
    99.85632360843906,
    99.85632360843906,
    99.85632360843906,
    99.85632360843906,
    99.85632360843906,
    99.85632360843906,
    99.85632360843906,
    99.85632360843906,
    99.85632360843906,
    99.85632360843906,
    99.85632360843906,
    99.85632360843906,
    99.85632360843906,
    99.85632360843906,
    99.85632360843906,
    99.85632360843906,
    99.85632360843906,
    99.85632360843906,
    99.85632360843906,
    99.85632360843906,
    99.85632360843906,
    99.85632360843906,
    99.85632360843906,
    99.85632360843906,
    99.85632360843906,
    99.85632360843906,
    99.85632360843906,
    99.85632360843906,
    99.85632360843906,
    99.85632360843906,
    99.85632360843906,
    99.85632360843906,
    99.85632360843906,
    99.85632360843906,
    99.85632360843906,
    99.85632360843906,
    99.85632360843906,
    99.85632360843906,
    99.85632360843906,
    99.85632360843906,
    99.85632360843906,
    99.85632360843906,
    99.85632360843906,
    99.85632360843906,
    99.85632360843906,
    99.85632360843906,
    99.85632360843906,
    99.85632360843906,
    99.85632360843906,
    99.85632360843906,
    99.85632360843906,
    99.85632360843906,
    99.85632360843906,
    99.85632360843906,
    99.85632360843906,
    99.85632360843906
  ]
}