{
  "timings": [
    1738758116.8130896,
    1738758118.8930542,
    1738758122.548256,
    1738758127.4841914,
    1738758133.675311,
    1738758140.9639878,
    1738758149.279256,
    1738758158.545418,
    1738758168.5150998,
    1738758179.104127,
    1738758190.57762,
    1738758202.4000833,
    1738758215.2036572,
    1738758228.301552,
    1738758242.3434086,
    1738758256.9959216,
    1738758272.2058876,
    1738758288.012002,
    1738758303.7347336,
    1738758320.343791,
    1738758337.8601887,
    1738758356.3223033,
    1738758374.8547127,
    1738758394.2828,
    1738758414.6246402,
    1738758435.0921729,
    1738758455.9659889,
    1738758477.3674178,
    1738758499.2625685,
    1738758520.8315248,
    1738758542.5495744,
    1738758563.9724486,
    1738758585.929011,
    1738758607.4355216,
    1738758629.3253496,
    1738758650.669305,
    1738758672.4961758,
    1738758694.1692805,
    1738758716.0516734,
    1738758737.4043577,
    1738758759.071583,
    1738758780.4633124,
    1738758802.234001,
    1738758823.796246,
    1738758845.6016116,
    1738758867.2066593,
    1738758889.0343874,
    1738758910.5836198,
    1738758932.4006584,
    1738758953.8720508,
    1738758975.770769,
    1738758997.3670151,
    1738759019.1976213,
    1738759040.5960422,
    1738759062.480823,
    1738759083.9232225,
    1738759105.8240757,
    1738759127.2372622,
    1738759149.114736,
    1738759170.7327864,
    1738759192.7177374,
    1738759214.1245534,
    1738759236.0289886,
    1738759257.4935303,
    1738759279.4510128,
    1738759300.9997756,
    1738759322.8497424,
    1738759344.3568568,
    1738759366.3158593,
    1738759387.7469919,
    1738759409.4829998,
    1738759430.7916422,
    1738759452.6342587,
    1738759474.190701,
    1738759496.0125387,
    1738759517.5845187,
    1738759539.4848075,
    1738759561.1008449,
    1738759582.8294952,
    1738759604.2510037,
    1738759626.090975,
    1738759647.598719,
    1738759669.5441148,
    1738759690.9403458,
    1738759712.8278036,
    1738759734.301144,
    1738759756.2444708,
    1738759777.8753476,
    1738759799.8660362,
    1738759821.4075348,
    1738759843.252361,
    1738759864.5810444,
    1738759886.3299308,
    1738759907.805147,
    1738759929.7956047,
    1738759951.4346817,
    1738759973.4699674,
    1738759994.9532404,
    1738760016.864365,
    1738760038.1722758
  ],
  "val_errors": [
    118.1290887471199,
    111.0695250597017,
    108.02286575312415,
    105.31391438088434,
    102.49286006135179,
    100.42973100041408,
    99.63613290878594,
    99.29619400207372,
    98.60244644092099,
    97.51474549362163,
    97.54124804108824,
    97.22908912664644,
    96.48516209474833,
    96.18026265902901,
    95.64830992262586,
    95.75124254941716,
    95.620992267733,
    95.67633163250265,
    95.74455566249019,
    95.36594037934226,
    95.1135234037237,
    95.38442343991622,
    95.46260471332427,
    95.71530896563154,
    95.81270913878893,
    96.01889372634032,
    95.82400386213477,
    95.783754748607,
    95.72565139447532,
    95.69177731457964,
    95.72565139447532,
    95.69177731457964,
    95.72565139447532,
    95.69177731457964,
    95.72565139447532,
    95.69177731457964,
    95.72565139447532,
    95.69177731457964,
    95.72565139447532,
    95.69177731457964,
    95.72565139447532,
    95.69177731457964,
    95.72565139447532,
    95.69177731457964,
    95.72565139447532,
    95.69177731457964,
    95.72565139447532,
    95.69177731457964,
    95.72565139447532,
    95.69177731457964,
    95.72565139447532,
    95.69177731457964,
    95.72565139447532,
    95.69177731457964,
    95.72565139447532,
    95.69177731457964,
    95.72565139447532,
    95.69177731457964,
    95.72565139447532,
    95.69177731457964,
    95.72565139447532,
    95.69177731457964,
    95.72565139447532,
    95.69177731457964,
    95.72565139447532,
    95.69177731457964,
    95.72565139447532,
    95.69177731457964,
    95.72565139447532,
    95.69177731457964,
    95.72565139447532,
    95.69177731457964,
    95.72565139447532,
    95.69177731457964,
    95.72565139447532,
    95.69177731457964,
    95.72565139447532,
    95.69177731457964,
    95.72565139447532,
    95.69177731457964,
    95.72565139447532,
    95.69177731457964,
    95.72565139447532,
    95.69177731457964,
    95.72565139447532,
    95.69177731457964,
    95.72565139447532,
    95.69177731457964,
    95.72565139447532,
    95.69177731457964,
    95.72565139447532,
    95.69177731457964,
    95.72565139447532,
    95.69177731457964,
    95.72565139447532,
    95.69177731457964,
    95.72565139447532,
    95.69177731457964,
    95.72565139447532,
    95.69177731457964
  ],
  "test_errors": [
    117.07995094673853,
    108.06333686649539,
    104.7106506623233,
    101.59049789942414,
    98.81938247485,
    96.88074114649473,
    95.31183517565394,
    95.19708185262381,
    95.36694749327813,
    94.7165685448825,
    94.24075488473383,
    93.03292923978908,
    92.36577868822049,
    91.65194363100602,
    92.05897220525242,
    91.70271799725715,
    91.88239202513132,
    91.43190050169969,
    91.54930312991871,
    91.89692022946097,
    91.01859585845209,
    90.9139153955911,
    91.1914737254288,
    91.72844250806219,
    91.73862808365851,
    92.11233172349743,
    91.81053094291651,
    91.43988440467938,
    91.07787616589994,
    90.97736171185318,
    91.07787616589994,
    90.97736171185318,
    91.07787616589994,
    90.97736171185318,
    91.07787616589994,
    90.97736171185318,
    91.07787616589994,
    90.97736171185318,
    91.07787616589994,
    90.97736171185318,
    91.07787616589994,
    90.97736171185318,
    91.07787616589994,
    90.97736171185318,
    91.07787616589994,
    90.97736171185318,
    91.07787616589994,
    90.97736171185318,
    91.07787616589994,
    90.97736171185318,
    91.07787616589994,
    90.97736171185318,
    91.07787616589994,
    90.97736171185318,
    91.07787616589994,
    90.97736171185318,
    91.07787616589994,
    90.97736171185318,
    91.07787616589994,
    90.97736171185318,
    91.07787616589994,
    90.97736171185318,
    91.07787616589994,
    90.97736171185318,
    91.07787616589994,
    90.97736171185318,
    91.07787616589994,
    90.97736171185318,
    91.07787616589994,
    90.97736171185318,
    91.07787616589994,
    90.97736171185318,
    91.07787616589994,
    90.97736171185318,
    91.07787616589994,
    90.97736171185318,
    91.07787616589994,
    90.97736171185318,
    91.07787616589994,
    90.97736171185318,
    91.07787616589994,
    90.97736171185318,
    91.07787616589994,
    90.97736171185318,
    91.07787616589994,
    90.97736171185318,
    91.07787616589994,
    90.97736171185318,
    91.07787616589994,
    90.97736171185318,
    91.07787616589994,
    90.97736171185318,
    91.07787616589994,
    90.97736171185318,
    91.07787616589994,
    90.97736171185318,
    91.07787616589994,
    90.97736171185318,
    91.07787616589994,
    90.97736171185318
  ]
}