{
  "timings": [
    1738772584.4891655,
    1738772586.1045184,
    1738772590.6720352,
    1738772597.6066813,
    1738772606.0688932,
    1738772615.505691,
    1738772625.5223994,
    1738772636.1837482,
    1738772647.4890614,
    1738772659.9471912,
    1738772672.538404,
    1738772685.8013713,
    1738772699.2287126,
    1738772712.7648766,
    1738772727.0026197,
    1738772741.9332173,
    1738772757.3649464,
    1738772772.962818,
    1738772789.8534489,
    1738772808.3871953,
    1738772828.363848,
    1738772847.9624991,
    1738772868.8319225,
    1738772890.8219767,
    1738772913.3473399,
    1738772936.2506475,
    1738772960.5984643,
    1738772986.0149014,
    1738773011.830367,
    1738773038.2310498,
    1738773064.4875426,
    1738773090.7302883,
    1738773116.9535902,
    1738773143.3199568,
    1738773169.6631677,
    1738773195.7462215,
    1738773222.039849,
    1738773248.2731476,
    1738773274.4888089,
    1738773300.6247282,
    1738773326.9028485,
    1738773353.1065798,
    1738773379.29016,
    1738773405.3479667,
    1738773431.6051083,
    1738773457.8733642,
    1738773484.0511959,
    1738773510.2011244,
    1738773536.4188855,
    1738773562.6335874,
    1738773589.0206535,
    1738773615.0166667,
    1738773641.0989923,
    1738773667.2649498,
    1738773693.4701893,
    1738773719.6897573,
    1738773745.877979,
    1738773772.102963,
    1738773798.3353975,
    1738773824.4026477,
    1738773850.5297432,
    1738773876.7921293,
    1738773902.9094062,
    1738773929.1047595,
    1738773955.2779865,
    1738773981.5304346,
    1738774007.8036077,
    1738774033.9239678,
    1738774060.1890862,
    1738774086.41174,
    1738774112.5867026,
    1738774138.6910775,
    1738774164.9590826,
    1738774191.2369037,
    1738774217.5680318,
    1738774243.5678377,
    1738774269.7505987,
    1738774295.975152,
    1738774322.2223969,
    1738774348.3782706,
    1738774374.7106175,
    1738774400.8632824,
    1738774427.1034136,
    1738774453.1443322,
    1738774479.3654811,
    1738774505.569578,
    1738774531.8611164,
    1738774557.9577088,
    1738774584.1397948,
    1738774610.4760087,
    1738774636.843457,
    1738774662.8841634,
    1738774689.0706422,
    1738774715.1541088,
    1738774741.350122,
    1738774767.5503485,
    1738774793.7931767,
    1738774819.9695199,
    1738774846.160921,
    1738774872.2468452
  ],
  "val_errors": [
    117.75009099637049,
    109.61834043922724,
    103.89603459912564,
    99.94453175225054,
    97.74008427534616,
    96.37246197835657,
    96.64287029073327,
    96.79463709809764,
    96.68014078562736,
    96.05418143413246,
    95.8245247490979,
    96.16801412312303,
    95.81323691025779,
    95.84122652822998,
    95.35037840379691,
    96.10352745858003,
    95.82705225641978,
    95.19235893439944,
    95.20150173687195,
    95.1281394173876,
    94.6026477473561,
    95.19208289582481,
    95.02471096825477,
    95.56787410676236,
    95.91627259487937,
    95.77074892669862,
    95.11347877604591,
    95.18280499381282,
    95.24705236787098,
    95.28688287190243,
    95.38170196575717,
    95.38170196575717,
    95.38170196575717,
    95.38170196575717,
    95.38170196575717,
    95.38170196575717,
    95.38170196575717,
    95.38170196575717,
    95.38170196575717,
    95.38170196575717,
    95.38170196575717,
    95.38170196575717,
    95.38170196575717,
    95.38170196575717,
    95.38170196575717,
    95.38170196575717,
    95.38170196575717,
    95.38170196575717,
    95.38170196575717,
    95.38170196575717,
    95.38170196575717,
    95.38170196575717,
    95.38170196575717,
    95.38170196575717,
    95.38170196575717,
    95.38170196575717,
    95.38170196575717,
    95.38170196575717,
    95.38170196575717,
    95.38170196575717,
    95.38170196575717,
    95.38170196575717,
    95.38170196575717,
    95.38170196575717,
    95.38170196575717,
    95.38170196575717,
    95.38170196575717,
    95.38170196575717,
    95.38170196575717,
    95.38170196575717,
    95.38170196575717,
    95.38170196575717,
    95.38170196575717,
    95.38170196575717,
    95.38170196575717,
    95.38170196575717,
    95.38170196575717,
    95.38170196575717,
    95.38170196575717,
    95.38170196575717,
    95.38170196575717,
    95.38170196575717,
    95.38170196575717,
    95.38170196575717,
    95.38170196575717,
    95.38170196575717,
    95.38170196575717,
    95.38170196575717,
    95.38170196575717,
    95.38170196575717,
    95.38170196575717,
    95.38170196575717,
    95.38170196575717,
    95.38170196575717,
    95.38170196575717,
    95.38170196575717,
    95.38170196575717,
    95.38170196575717,
    95.38170196575717,
    95.38170196575717
  ],
  "test_errors": [
    120.6549355349756,
    111.8425400654341,
    105.70083316017086,
    101.5252924628825,
    99.68174143817525,
    97.9735468635286,
    98.42376336090248,
    98.90675558588003,
    98.73217600625553,
    97.85788736272133,
    97.4124033205661,
    97.22941490954497,
    96.69379888878126,
    97.29270612339667,
    96.56178962922557,
    97.15214276022034,
    96.33495365505534,
    96.74501568329386,
    96.72768038288426,
    95.66370406646564,
    96.01525746093834,
    96.98390344936765,
    97.36956528919121,
    97.86596416921988,
    98.6973436717966,
    98.0262568380562,
    96.66205587937982,
    96.25670335374294,
    96.50056613099468,
    96.11607734778667,
    96.28325546369095,
    96.28325546369095,
    96.28325546369095,
    96.28325546369095,
    96.28325546369095,
    96.28325546369095,
    96.28325546369095,
    96.28325546369095,
    96.28325546369095,
    96.28325546369095,
    96.28325546369095,
    96.28325546369095,
    96.28325546369095,
    96.28325546369095,
    96.28325546369095,
    96.28325546369095,
    96.28325546369095,
    96.28325546369095,
    96.28325546369095,
    96.28325546369095,
    96.28325546369095,
    96.28325546369095,
    96.28325546369095,
    96.28325546369095,
    96.28325546369095,
    96.28325546369095,
    96.28325546369095,
    96.28325546369095,
    96.28325546369095,
    96.28325546369095,
    96.28325546369095,
    96.28325546369095,
    96.28325546369095,
    96.28325546369095,
    96.28325546369095,
    96.28325546369095,
    96.28325546369095,
    96.28325546369095,
    96.28325546369095,
    96.28325546369095,
    96.28325546369095,
    96.28325546369095,
    96.28325546369095,
    96.28325546369095,
    96.28325546369095,
    96.28325546369095,
    96.28325546369095,
    96.28325546369095,
    96.28325546369095,
    96.28325546369095,
    96.28325546369095,
    96.28325546369095,
    96.28325546369095,
    96.28325546369095,
    96.28325546369095,
    96.28325546369095,
    96.28325546369095,
    96.28325546369095,
    96.28325546369095,
    96.28325546369095,
    96.28325546369095,
    96.28325546369095,
    96.28325546369095,
    96.28325546369095,
    96.28325546369095,
    96.28325546369095,
    96.28325546369095,
    96.28325546369095,
    96.28325546369095,
    96.28325546369095
  ]
}