{
  "timings": [
    1738905958.2191122,
    1738905959.9071925,
    1738905964.8700042,
    1738905971.7698178,
    1738905980.3595846,
    1738905990.375696,
    1738906000.870154,
    1738906012.7238333,
    1738906026.2551992,
    1738906041.449694,
    1738906057.6515493,
    1738906073.74701,
    1738906091.8641014,
    1738906113.9583888,
    1738906136.676187,
    1738906157.817396,
    1738906179.1789665,
    1738906200.629396,
    1738906221.9233546,
    1738906243.2321744,
    1738906264.591303,
    1738906286.0267727,
    1738906307.3964264,
    1738906328.7205172,
    1738906350.0314572,
    1738906371.424021,
    1738906392.7280416,
    1738906413.9599028,
    1738906435.2400808,
    1738906456.5003574,
    1738906477.7383072,
    1738906498.9891274,
    1738906520.1783173,
    1738906541.4305544,
    1738906562.587356,
    1738906583.8716714,
    1738906605.0860336,
    1738906626.4631712,
    1738906647.6479506,
    1738906668.8864412,
    1738906690.1202517,
    1738906711.4119723,
    1738906732.537896,
    1738906753.8473804,
    1738906775.1480734,
    1738906796.4187262,
    1738906817.8576627,
    1738906839.1636174,
    1738906860.4024582,
    1738906881.6647732,
    1738906902.9502723,
    1738906924.1973326,
    1738906945.5963352,
    1738906966.8967345,
    1738906988.194235,
    1738907009.5172315,
    1738907030.7411191,
    1738907052.0917978,
    1738907073.4388003,
    1738907094.6350982,
    1738907115.9548528,
    1738907137.3132849,
    1738907158.575871,
    1738907179.8779166,
    1738907201.1686485,
    1738907222.4341092,
    1738907243.6685789,
    1738907265.06192,
    1738907286.286426,
    1738907307.6253803,
    1738907328.880235,
    1738907350.4207625,
    1738907371.777869,
    1738907393.1321099,
    1738907414.4427276,
    1738907435.8041158,
    1738907457.2287984,
    1738907478.4972148,
    1738907499.9153032,
    1738907521.2899742,
    1738907542.626012,
    1738907563.8522477,
    1738907585.1170645,
    1738907606.5235224,
    1738907627.7550259,
    1738907649.0552535,
    1738907670.3333945,
    1738907691.657289,
    1738907712.9676151,
    1738907734.1870306,
    1738907755.4995897,
    1738907776.8342783,
    1738907798.0377703,
    1738907819.2676592,
    1738907840.5458317,
    1738907861.9486215,
    1738907883.1967678,
    1738907904.5186617,
    1738907925.8343816,
    1738907947.14144
  ],
  "val_errors": [
    117.37096600948152,
    109.76318360564244,
    102.8806537214057,
    100.93966113265351,
    99.21789534138553,
    99.28979184715556,
    99.01787366377218,
    98.85399193083417,
    98.52934570023957,
    98.08751864433529,
    97.74184578970375,
    98.03719966075697,
    97.93347419755493,
    96.8905939317741,
    97.70587169168888,
    97.00089562192305,
    96.99563274784994,
    96.99563274784994,
    96.99563274784994,
    96.99563274784994,
    96.99563274784994,
    96.99563274784994,
    96.99563274784994,
    96.99563274784994,
    96.99563274784994,
    96.99563274784994,
    96.99563274784994,
    96.99563274784994,
    96.99563274784994,
    96.99563274784994,
    96.99563274784994,
    96.99563274784994,
    96.99563274784994,
    96.99563274784994,
    96.99563274784994,
    96.99563274784994,
    96.99563274784994,
    96.99563274784994,
    96.99563274784994,
    96.99563274784994,
    96.99563274784994,
    96.99563274784994,
    96.99563274784994,
    96.99563274784994,
    96.99563274784994,
    96.99563274784994,
    96.99563274784994,
    96.99563274784994,
    96.99563274784994,
    96.99563274784994,
    96.99563274784994,
    96.99563274784994,
    96.99563274784994,
    96.99563274784994,
    96.99563274784994,
    96.99563274784994,
    96.99563274784994,
    96.99563274784994,
    96.99563274784994,
    96.99563274784994,
    96.99563274784994,
    96.99563274784994,
    96.99563274784994,
    96.99563274784994,
    96.99563274784994,
    96.99563274784994,
    96.99563274784994,
    96.99563274784994,
    96.99563274784994,
    96.99563274784994,
    96.99563274784994,
    96.99563274784994,
    96.99563274784994,
    96.99563274784994,
    96.99563274784994,
    96.99563274784994,
    96.99563274784994,
    96.99563274784994,
    96.99563274784994,
    96.99563274784994,
    96.99563274784994,
    96.99563274784994,
    96.99563274784994,
    96.99563274784994,
    96.99563274784994,
    96.99563274784994,
    96.99563274784994,
    96.99563274784994,
    96.99563274784994,
    96.99563274784994,
    96.99563274784994,
    96.99563274784994,
    96.99563274784994,
    96.99563274784994,
    96.99563274784994,
    96.99563274784994,
    96.99563274784994,
    96.99563274784994,
    96.99563274784994,
    96.99563274784994
  ],
  "test_errors": [
    116.60153127268289,
    109.46849500786446,
    103.05421713972144,
    101.48045363334785,
    99.10107031628344,
    99.22688998143829,
    98.88532900048028,
    98.48478038302723,
    98.0811604876328,
    98.04325073410082,
    97.2979418314993,
    97.90828446593618,
    97.59837562341023,
    95.94057264975233,
    97.38109104702811,
    96.74691140329526,
    96.64832909750766,
    96.64832909750766,
    96.64832909750766,
    96.64832909750766,
    96.64832909750766,
    96.64832909750766,
    96.64832909750766,
    96.64832909750766,
    96.64832909750766,
    96.64832909750766,
    96.64832909750766,
    96.64832909750766,
    96.64832909750766,
    96.64832909750766,
    96.64832909750766,
    96.64832909750766,
    96.64832909750766,
    96.64832909750766,
    96.64832909750766,
    96.64832909750766,
    96.64832909750766,
    96.64832909750766,
    96.64832909750766,
    96.64832909750766,
    96.64832909750766,
    96.64832909750766,
    96.64832909750766,
    96.64832909750766,
    96.64832909750766,
    96.64832909750766,
    96.64832909750766,
    96.64832909750766,
    96.64832909750766,
    96.64832909750766,
    96.64832909750766,
    96.64832909750766,
    96.64832909750766,
    96.64832909750766,
    96.64832909750766,
    96.64832909750766,
    96.64832909750766,
    96.64832909750766,
    96.64832909750766,
    96.64832909750766,
    96.64832909750766,
    96.64832909750766,
    96.64832909750766,
    96.64832909750766,
    96.64832909750766,
    96.64832909750766,
    96.64832909750766,
    96.64832909750766,
    96.64832909750766,
    96.64832909750766,
    96.64832909750766,
    96.64832909750766,
    96.64832909750766,
    96.64832909750766,
    96.64832909750766,
    96.64832909750766,
    96.64832909750766,
    96.64832909750766,
    96.64832909750766,
    96.64832909750766,
    96.64832909750766,
    96.64832909750766,
    96.64832909750766,
    96.64832909750766,
    96.64832909750766,
    96.64832909750766,
    96.64832909750766,
    96.64832909750766,
    96.64832909750766,
    96.64832909750766,
    96.64832909750766,
    96.64832909750766,
    96.64832909750766,
    96.64832909750766,
    96.64832909750766,
    96.64832909750766,
    96.64832909750766,
    96.64832909750766,
    96.64832909750766,
    96.64832909750766
  ]
}
