{
  "timings": [
    1738754559.9072168,
    1738754561.5353634,
    1738754564.3042376,
    1738754567.7324932,
    1738754571.353612,
    1738754575.7109444,
    1738754580.4841664,
    1738754586.2749383,
    1738754592.3124564,
    1738754598.6794913,
    1738754605.6289334,
    1738754613.5062225,
    1738754621.8898633,
    1738754630.2271173,
    1738754638.8936052,
    1738754648.133343,
    1738754657.7157452,
    1738754667.5283756,
    1738754677.7674732,
    1738754688.0739996,
    1738754698.8400266,
    1738754710.0060947,
    1738754721.0431423,
    1738754732.606045,
    1738754744.5948524,
    1738754756.5906599,
    1738754768.7714212,
    1738754781.300839,
    1738754793.8334632,
    1738754806.2318382,
    1738754819.5320308,
    1738754832.718563,
    1738754845.9659183,
    1738754859.2043214,
    1738754872.8575537,
    1738754886.115006,
    1738754899.6240733,
    1738754913.0016139,
    1738754927.4434803,
    1738754942.0771637,
    1738754957.2994988,
    1738754972.8915882,
    1738754988.5217924,
    1738755004.6853256,
    1738755020.7997088,
    1738755037.0019567,
    1738755053.5669608,
    1738755070.4792476,
    1738755088.105119,
    1738755106.5318367,
    1738755125.4044013,
    1738755144.5096266,
    1738755163.7921429,
    1738755183.5999646,
    1738755203.1371443,
    1738755222.7403045,
    1738755243.8574374,
    1738755265.3754795,
    1738755286.409825,
    1738755307.2856965,
    1738755328.9542437,
    1738755350.7848017,
    1738755373.036033,
    1738755395.1442266,
    1738755416.9128304,
    1738755439.3604162,
    1738755462.4741988,
    1738755485.4248276,
    1738755508.3400505,
    1738755531.35647,
    1738755554.3290112,
    1738755577.3119752,
    1738755600.278775,
    1738755623.202556,
    1738755646.0140867,
    1738755668.9226058,
    1738755691.936669,
    1738755714.9367287,
    1738755737.8233044,
    1738755760.7556465,
    1738755783.646742,
    1738755806.662399,
    1738755829.5546212,
    1738755852.3887718,
    1738755875.2923436,
    1738755898.317455,
    1738755921.2954402,
    1738755944.0480802,
    1738755966.963899,
    1738755989.87812,
    1738756012.834224,
    1738756035.5774817,
    1738756058.510332,
    1738756081.3793318,
    1738756104.3062449,
    1738756127.1027746,
    1738756149.994011,
    1738756172.8558774,
    1738756195.859642,
    1738756218.6943052
  ],
  "val_errors": [
    117.37096600948152,
    110.19448253598776,
    108.52940346739985,
    108.05162762814429,
    107.62709365654007,
    107.09695878495148,
    106.12891316566353,
    105.65479871746884,
    105.20062613465316,
    105.18898398172122,
    105.22397464911815,
    105.36494862994388,
    104.50103669946446,
    104.03105398369905,
    103.9270302805092,
    103.88649333618592,
    103.39811789219178,
    103.17300414894915,
    102.9310171602844,
    102.55077875873548,
    102.49097551798498,
    102.56909055651685,
    102.6182542322634,
    102.33301096923226,
    102.4428943548908,
    102.5802614374335,
    102.42189947851051,
    101.88562057014715,
    101.60185892715907,
    101.36388928990107,
    101.16294115132543,
    100.84916490938149,
    100.86569294186573,
    100.78286229086535,
    100.70951416404705,
    100.80746108347094,
    100.32343484131316,
    99.8464422428922,
    99.54803935094269,
    99.53863675488559,
    99.17626673436274,
    99.12299577799055,
    99.16576673401948,
    98.99365390276336,
    99.01511592762921,
    98.94956836754842,
    98.7209632215908,
    98.81147013412861,
    98.6803887248156,
    98.69750976256212,
    99.1064013786649,
    98.96423107498319,
    98.95427001762968,
    98.95439481338306,
    99.02820952916954,
    99.17442508520423,
    98.43689572853164,
    98.32148608255832,
    98.47300968700415,
    98.87932394660344,
    98.75807358920638,
    99.03892427686203,
    98.95490878008583,
    98.96532317849783,
    99.02644394167189,
    98.84578498705649,
    98.59687755374961,
    98.66455059466013,
    98.66455059466013,
    98.66455059466013,
    98.66455059466013,
    98.66455059466013,
    98.66455059466013,
    98.66455059466013,
    98.66455059466013,
    98.66455059466013,
    98.66455059466013,
    98.66455059466013,
    98.66455059466013,
    98.66455059466013,
    98.66455059466013,
    98.66455059466013,
    98.66455059466013,
    98.66455059466013,
    98.66455059466013,
    98.66455059466013,
    98.66455059466013,
    98.66455059466013,
    98.66455059466013,
    98.66455059466013,
    98.66455059466013,
    98.66455059466013,
    98.66455059466013,
    98.66455059466013,
    98.66455059466013,
    98.66455059466013,
    98.66455059466013,
    98.66455059466013,
    98.66455059466013,
    98.66455059466013
  ],
  "test_errors": [
    116.60153127268289,
    109.4793465724893,
    107.81886080226352,
    107.5758729368057,
    107.4572229876309,
    106.9598855440176,
    105.99969433319376,
    105.56860516216635,
    104.78592129168142,
    104.69360323053799,
    104.31828834426118,
    104.01855127564347,
    103.07753051894932,
    102.94043433740175,
    103.06630385381922,
    103.16464096161577,
    102.52052359987192,
    102.19657190270864,
    101.80390487374456,
    101.21422378676999,
    101.34238866088184,
    101.4457793250202,
    101.4893417501801,
    101.19965594683043,
    101.32947435991028,
    101.50977046362608,
    101.59891600764917,
    101.34486060187989,
    100.93411569837305,
    100.8644364104524,
    100.5411534924051,
    100.3529804087886,
    100.03174106366937,
    100.01762834455991,
    100.4279739364619,
    99.7731771490065,
    99.35331500934416,
    98.84942705607278,
    99.14245409732688,
    99.06625740870545,
    98.71688497240368,
    98.43443907561205,
    98.36888713332937,
    97.99570009726291,
    98.18938399768687,
    98.26676076083255,
    98.27999077703585,
    98.3723892511287,
    98.5545765231029,
    97.77243912793651,
    97.73144349608302,
    97.51993981505154,
    97.49157272203621,
    97.49225317902263,
    98.20933521597428,
    98.25566027977601,
    98.03491551907364,
    97.71596043269722,
    97.50107301021839,
    97.44709968802209,
    97.64834078035078,
    97.87091917460843,
    97.93941257334097,
    97.85681583242531,
    98.4269744540719,
    98.31536329582188,
    98.26423315545655,
    98.22051835511813,
    98.22051835511813,
    98.22051835511813,
    98.22051835511813,
    98.22051835511813,
    98.22051835511813,
    98.22051835511813,
    98.22051835511813,
    98.22051835511813,
    98.22051835511813,
    98.22051835511813,
    98.22051835511813,
    98.22051835511813,
    98.22051835511813,
    98.22051835511813,
    98.22051835511813,
    98.22051835511813,
    98.22051835511813,
    98.22051835511813,
    98.22051835511813,
    98.22051835511813,
    98.22051835511813,
    98.22051835511813,
    98.22051835511813,
    98.22051835511813,
    98.22051835511813,
    98.22051835511813,
    98.22051835511813,
    98.22051835511813,
    98.22051835511813,
    98.22051835511813,
    98.22051835511813,
    98.22051835511813
  ]
}