{
  "timings": [
    1738748810.4735038,
    1738748812.1231492,
    1738748814.999271,
    1738748818.5164845,
    1738748823.11164,
    1738748828.4897766,
    1738748835.0042315,
    1738748842.6397676,
    1738748851.0215626,
    1738748860.3856144,
    1738748870.4655833,
    1738748880.8937614,
    1738748891.5583193,
    1738748902.5312357,
    1738748913.3089862,
    1738748924.0101366,
    1738748935.06545,
    1738748946.36126,
    1738748957.7419827,
    1738748969.2873032,
    1738748980.8503253,
    1738748992.4983842,
    1738749004.463941,
    1738749016.856559,
    1738749029.0659628,
    1738749041.3022013,
    1738749053.6352973,
    1738749066.0134213,
    1738749078.6170962,
    1738749091.7085488,
    1738749105.0571272,
    1738749118.4721775,
    1738749132.6036425,
    1738749145.8766987,
    1738749159.068067,
    1738749173.0370657,
    1738749187.5621195,
    1738749202.6339755,
    1738749218.0608613,
    1738749233.9122145,
    1738749250.653814,
    1738749267.4278305,
    1738749285.189705,
    1738749303.6216795,
    1738749323.6918736,
    1738749343.9853463,
    1738749363.7697687,
    1738749383.147295,
    1738749402.5403416,
    1738749422.4897978,
    1738749442.1855576,
    1738749461.8704438,
    1738749481.9600005,
    1738749502.0250442,
    1738749522.068801,
    1738749542.0638084,
    1738749562.2933612,
    1738749582.2544153,
    1738749602.1208968,
    1738749622.056082,
    1738749642.0084755,
    1738749662.1236515,
    1738749682.2501636,
    1738749702.181241,
    1738749722.2208827,
    1738749742.270826,
    1738749762.2891135,
    1738749782.2816901,
    1738749802.3216958,
    1738749822.5731595,
    1738749842.6220634,
    1738749862.684105,
    1738749882.8636296,
    1738749902.855268,
    1738749922.8176565,
    1738749942.9298704,
    1738749962.9675844,
    1738749983.0712678,
    1738750003.2921455,
    1738750023.265121,
    1738750043.2333622,
    1738750063.2063012,
    1738750083.21751,
    1738750103.1503417,
    1738750123.1012435,
    1738750143.1863372,
    1738750163.3037517,
    1738750183.4103608,
    1738750203.514856,
    1738750223.617285,
    1738750243.664046,
    1738750263.837502,
    1738750283.8763146,
    1738750303.9939947,
    1738750324.0388951,
    1738750344.0878618,
    1738750364.0363202,
    1738750384.0894945,
    1738750404.100663,
    1738750424.2240798
  ],
  "val_errors": [
    117.37693560635957,
    109.76820554180617,
    106.44260935987148,
    104.42847760289915,
    102.33386202694152,
    99.82094638897154,
    98.71873542392969,
    98.48744521603582,
    98.16209514370946,
    98.01307716787841,
    98.32159844773606,
    98.49958828170115,
    98.42173564321375,
    98.17346832267968,
    98.32049635272188,
    98.2717116662536,
    98.31835705303997,
    98.14852971809934,
    97.98718931569393,
    97.84428186514177,
    98.09029876808573,
    98.18492525479728,
    98.21611260719837,
    98.1359281643642,
    97.91497804027952,
    98.25597305637412,
    97.79827854409116,
    97.74138346942986,
    97.61247150457115,
    97.6370858549136,
    97.91466922838488,
    97.54215994658793,
    97.22562018976143,
    97.1782678924904,
    96.84152429251917,
    96.75477246851504,
    96.35111527045837,
    96.39971616539879,
    96.54924483120405,
    96.34718951522082,
    95.97611463834723,
    95.94712212867016,
    95.59672123763578,
    95.67185469658453,
    95.49117188514265,
    95.61880426986289,
    95.6639176133585,
    95.80309629831235,
    95.85424817334969,
    95.87728163844847,
    96.07112041513739,
    96.17955011093562,
    96.10909946797793,
    96.10909946797793,
    96.10909946797793,
    96.10909946797793,
    96.10909946797793,
    96.10909946797793,
    96.10909946797793,
    96.10909946797793,
    96.10909946797793,
    96.10909946797793,
    96.10909946797793,
    96.10909946797793,
    96.10909946797793,
    96.10909946797793,
    96.10909946797793,
    96.10909946797793,
    96.10909946797793,
    96.10909946797793,
    96.10909946797793,
    96.10909946797793,
    96.10909946797793,
    96.10909946797793,
    96.10909946797793,
    96.10909946797793,
    96.10909946797793,
    96.10909946797793,
    96.10909946797793,
    96.10909946797793,
    96.10909946797793,
    96.10909946797793,
    96.10909946797793,
    96.10909946797793,
    96.10909946797793,
    96.10909946797793,
    96.10909946797793,
    96.10909946797793,
    96.10909946797793,
    96.10909946797793,
    96.10909946797793,
    96.10909946797793,
    96.10909946797793,
    96.10909946797793,
    96.10909946797793,
    96.10909946797793,
    96.10909946797793,
    96.10909946797793,
    96.10909946797793,
    96.10909946797793
  ],
  "test_errors": [
    121.26955946303127,
    113.60681264588163,
    109.746180008989,
    106.73966634472103,
    105.32642666320108,
    103.03171532298641,
    102.70971774165363,
    101.99669464137142,
    101.41554174673382,
    101.56361656826407,
    101.81930869436718,
    101.52290971720025,
    101.28877538740139,
    101.52111786134327,
    101.81812778345876,
    101.57229966896584,
    101.26053795152568,
    101.47838650705353,
    101.00054725564505,
    101.17779182557659,
    101.14956201841855,
    101.23561530260267,
    101.18979611199566,
    101.18973970524634,
    101.31359509072236,
    101.49263614788822,
    101.12995378504874,
    101.0464393314682,
    100.78645032781834,
    100.51551696190239,
    100.81605238634488,
    100.28183510619341,
    100.10291931350034,
    99.98916024579752,
    99.34882638088902,
    99.59887310500801,
    99.35933622144947,
    99.50062846263832,
    98.82650086094397,
    98.9321970153354,
    98.38779278543832,
    98.49989610896368,
    98.52035645047037,
    98.59738701977813,
    98.74207975003759,
    98.86969993375774,
    98.73610528148023,
    98.7119416940874,
    98.77794665107764,
    98.81427223161965,
    98.8055768837482,
    98.6333632331422,
    98.5890753369707,
    98.5890753369707,
    98.5890753369707,
    98.5890753369707,
    98.5890753369707,
    98.5890753369707,
    98.5890753369707,
    98.5890753369707,
    98.5890753369707,
    98.5890753369707,
    98.5890753369707,
    98.5890753369707,
    98.5890753369707,
    98.5890753369707,
    98.5890753369707,
    98.5890753369707,
    98.5890753369707,
    98.5890753369707,
    98.5890753369707,
    98.5890753369707,
    98.5890753369707,
    98.5890753369707,
    98.5890753369707,
    98.5890753369707,
    98.5890753369707,
    98.5890753369707,
    98.5890753369707,
    98.5890753369707,
    98.5890753369707,
    98.5890753369707,
    98.5890753369707,
    98.5890753369707,
    98.5890753369707,
    98.5890753369707,
    98.5890753369707,
    98.5890753369707,
    98.5890753369707,
    98.5890753369707,
    98.5890753369707,
    98.5890753369707,
    98.5890753369707,
    98.5890753369707,
    98.5890753369707,
    98.5890753369707,
    98.5890753369707,
    98.5890753369707,
    98.5890753369707,
    98.5890753369707
  ]
}
