{
  "timings": [
    1738750425.5077932,
    1738750427.2365167,
    1738750430.3218162,
    1738750434.5027683,
    1738750439.4752412,
    1738750445.1762588,
    1738750451.234945,
    1738750457.537481,
    1738750464.1468709,
    1738750471.3642824,
    1738750478.9953744,
    1738750487.0580754,
    1738750496.168871,
    1738750506.114582,
    1738750516.56127,
    1738750527.6276855,
    1738750538.7944036,
    1738750550.1783772,
    1738750561.9168072,
    1738750573.5469565,
    1738750585.3172898,
    1738750597.466459,
    1738750610.0010374,
    1738750622.381077,
    1738750634.9828758,
    1738750648.1026504,
    1738750661.0776236,
    1738750674.839659,
    1738750688.6672866,
    1738750702.5392807,
    1738750717.1118338,
    1738750731.519007,
    1738750747.0737574,
    1738750763.4487312,
    1738750780.796229,
    1738750799.283181,
    1738750817.10728,
    1738750835.9293997,
    1738750856.3248944,
    1738750876.4533074,
    1738750896.2723496,
    1738750917.7925968,
    1738750940.3062208,
    1738750963.2719274,
    1738750987.350375,
    1738751011.5769753,
    1738751035.5264492,
    1738751059.2524593,
    1738751082.817517,
    1738751109.3963861,
    1738751135.6495626,
    1738751161.599854,
    1738751188.67948,
    1738751216.8602777,
    1738751244.502898,
    1738751271.534742,
    1738751299.3119876,
    1738751326.0323215,
    1738751351.9332078,
    1738751378.2169313,
    1738751404.3301785,
    1738751431.4874575,
    1738751460.7964582,
    1738751490.8657916,
    1738751523.4225743,
    1738751555.0575924,
    1738751587.8628314,
    1738751620.197813,
    1738751654.9309864,
    1738751689.5951517,
    1738751723.8431468,
    1738751757.3395138,
    1738751791.850347,
    1738751825.9607475,
    1738751860.3412273,
    1738751894.293358,
    1738751928.869593,
    1738751962.1538372,
    1738751995.3878615,
    1738752028.6561768,
    1738752061.930742,
    1738752095.3192234,
    1738752128.3752549,
    1738752161.6791136,
    1738752194.9179912,
    1738752228.2668817,
    1738752261.5106091,
    1738752294.685896,
    1738752327.837793,
    1738752361.1051433,
    1738752394.243472,
    1738752427.5079498,
    1738752460.8327076,
    1738752494.221433,
    1738752527.5499485,
    1738752560.738015,
    1738752593.8929667,
    1738752627.2659009,
    1738752660.669308,
    1738752694.0283978
  ],
  "val_errors": [
    117.3993715908616,
    110.74107599611476,
    104.85171225861791,
    100.49249263714908,
    98.66100569836337,
    98.45569500357685,
    98.12397135265176,
    97.64309327848797,
    97.40094406905268,
    97.43159257095701,
    97.36186330394065,
    97.5014428767533,
    97.3445879786528,
    96.904708541448,
    97.08296911160345,
    97.15144859856137,
    97.39445468797499,
    97.53068983922635,
    97.41254694356269,
    97.62382991683614,
    97.51316293541085,
    97.49090325120656,
    97.4522179353698,
    97.54813309187104,
    97.394246219556,
    97.16917085760078,
    97.15434169903088,
    96.9354954720107,
    97.00156971434222,
    97.05586160577847,
    97.06309662662424,
    97.01071187620552,
    97.0363392891205,
    96.38491772890508,
    96.14598754022285,
    96.5610414167537,
    96.65586036784254,
    96.44660755770958,
    96.42415634382952,
    95.79173047944062,
    95.8486993951635,
    95.73486526685741,
    95.94389079539934,
    95.9400239325077,
    96.08404993736268,
    95.76058653700409,
    96.15378182671701,
    95.88385307814325,
    96.04659828248809,
    96.43014843669793,
    96.51137304476165,
    96.24040198094204,
    96.69371642022912,
    96.7029592841137,
    97.20834978874834,
    96.8490424512383,
    96.81996325482359,
    96.64543373534113,
    96.60587025763512,
    96.8155758578968,
    97.04439892095496,
    97.18572316623788,
    96.82103481248669,
    96.60763902660655,
    96.64924003303351,
    96.76151114259204,
    96.69064277426072,
    96.86469328501835,
    96.9799861299182,
    97.0088549527196,
    97.27292151436933,
    97.1442241661259,
    97.16336024215136,
    97.27787537332675,
    97.19991346833758,
    97.58317588966291,
    97.446535664922,
    97.62910034585357,
    97.4700319137793,
    97.61872859071777,
    97.4700319137793,
    97.61872859071777,
    97.4700319137793,
    97.61872859071777,
    97.4700319137793,
    97.61872859071777,
    97.4700319137793,
    97.61872859071777,
    97.4700319137793,
    97.61872859071777,
    97.4700319137793,
    97.61872859071777,
    97.4700319137793,
    97.61872859071777,
    97.4700319137793,
    97.61872859071777,
    97.4700319137793,
    97.61872859071777,
    97.4700319137793,
    97.61872859071777
  ],
  "test_errors": [
    113.06622352236232,
    106.51755260663921,
    100.23997659860471,
    95.86709238855973,
    95.1713672227242,
    94.52103726942134,
    94.10230421259216,
    94.3300767797325,
    93.7399210894454,
    93.65375314291481,
    93.95787376430188,
    93.97909977200953,
    93.80499823870058,
    93.54469881326642,
    93.51751882295089,
    93.58926892371547,
    93.84435470232553,
    93.83732134535876,
    93.95480607150763,
    94.0977420450559,
    93.95367690604377,
    93.81233979418279,
    94.07433135398253,
    94.1661108873633,
    94.1286819011612,
    93.904449208522,
    93.38297704903839,
    93.51914802932248,
    93.45850546448213,
    93.41616050957106,
    93.83065838873003,
    93.46002116309226,
    93.37541326150858,
    93.27238952174743,
    93.09494147527506,
    93.61717209518316,
    93.83436817221764,
    93.4916320858692,
    93.86284667879134,
    92.71156439485516,
    92.77196845210892,
    92.81530058437019,
    92.89801630996477,
    92.667815899937,
    92.9494106245082,
    92.72682307710686,
    92.91508531114766,
    92.68779896249067,
    92.59626736346495,
    93.62362574465853,
    93.78805084904532,
    93.44010109323051,
    93.33587170472946,
    93.60487756352424,
    94.13960972346642,
    94.24262180979706,
    94.06298611454032,
    94.30224195813871,
    94.30977212800009,
    94.21310855146574,
    94.42124945398213,
    94.49460619996302,
    94.04177789314113,
    93.68961612820232,
    94.31945671147486,
    94.55469531383363,
    94.50106603838678,
    94.0871227277361,
    94.17455659658482,
    94.0429110223159,
    94.22823492886286,
    94.00590254599906,
    93.93516668438187,
    94.34070726837452,
    94.19305839198863,
    94.69707332562255,
    94.64670201403233,
    94.72750893208695,
    94.79106715993913,
    94.7153252614447,
    94.79106715993913,
    94.7153252614447,
    94.79106715993913,
    94.7153252614447,
    94.79106715993913,
    94.7153252614447,
    94.79106715993913,
    94.7153252614447,
    94.79106715993913,
    94.7153252614447,
    94.79106715993913,
    94.7153252614447,
    94.79106715993913,
    94.7153252614447,
    94.79106715993913,
    94.7153252614447,
    94.79106715993913,
    94.7153252614447,
    94.79106715993913,
    94.7153252614447
  ]
}
