{
  "timings": [
    1738743465.488445,
    1738743467.0967915,
    1738743470.3135624,
    1738743474.6699586,
    1738743479.7972584,
    1738743485.793216,
    1738743492.0734017,
    1738743499.3310146,
    1738743507.974479,
    1738743517.3538296,
    1738743527.57575,
    1738743538.4374404,
    1738743549.4632196,
    1738743561.0441298,
    1738743572.0179138,
    1738743583.3631241,
    1738743594.9471657,
    1738743607.1118941,
    1738743619.8431456,
    1738743632.6427917,
    1738743645.5732164,
    1738743659.7290325,
    1738743674.6866026,
    1738743690.4880433,
    1738743706.746628,
    1738743723.296778,
    1738743739.9265385,
    1738743757.1531165,
    1738743775.5396116,
    1738743795.221322,
    1738743815.0022283,
    1738743835.1015682,
    1738743855.4000266,
    1738743876.551853,
    1738743897.8622043,
    1738743919.822985,
    1738743942.235619,
    1738743964.9022503,
    1738743987.588452,
    1738744010.8961806,
    1738744034.478966,
    1738744058.519419,
    1738744083.5187967,
    1738744108.6619322,
    1738744133.572701,
    1738744159.0134706,
    1738744184.427375,
    1738744210.430929,
    1738744236.807736,
    1738744262.8251843,
    1738744288.372566,
    1738744315.2574503,
    1738744342.2425404,
    1738744369.3467937,
    1738744397.148867,
    1738744425.2006116,
    1738744453.2915628,
    1738744481.4017801,
    1738744509.2499378,
    1738744537.2336533,
    1738744565.3518784,
    1738744593.5214934,
    1738744621.4236019,
    1738744649.3519492,
    1738744677.3125956,
    1738744705.3236477,
    1738744733.243164,
    1738744761.1698287,
    1738744789.1967432,
    1738744817.2871683,
    1738744845.3006089,
    1738744873.317377,
    1738744901.3544219,
    1738744929.3316476,
    1738744957.2331614,
    1738744985.167294,
    1738745013.1371224,
    1738745041.2084649,
    1738745069.2630334,
    1738745097.2308176,
    1738745125.1910515,
    1738745153.3434162,
    1738745181.2828698,
    1738745209.271777,
    1738745237.2919595,
    1738745265.34297,
    1738745293.3047707,
    1738745321.3206732,
    1738745349.5508802,
    1738745377.6475754,
    1738745405.5548546,
    1738745433.4929075,
    1738745461.5338542,
    1738745489.591706,
    1738745517.515798,
    1738745545.4261096,
    1738745573.4946306,
    1738745601.5136058,
    1738745629.4222841,
    1738745657.445582
  ],
  "val_errors": [
    116.20878812115797,
    110.4037284933179,
    105.46153011840035,
    101.58825771209504,
    98.60244530227453,
    97.52961042729507,
    96.45849085265021,
    95.26236347120411,
    94.43251817217907,
    94.14157900708301,
    93.93589753586838,
    93.8776989360006,
    93.77506606726233,
    93.59614149838065,
    93.67900908559773,
    93.29406947105757,
    93.08065319498309,
    93.1125238666127,
    93.19116269815754,
    93.31540053839403,
    93.0432666904681,
    92.91724873706042,
    92.73464279074445,
    92.57450145355689,
    92.27761952649423,
    91.95420738468644,
    92.73549283730779,
    92.89775684911852,
    92.53640662709755,
    92.91758754585545,
    92.7217778206919,
    92.82381053898234,
    92.83497379649997,
    92.73059171642849,
    92.58541003841971,
    93.08904720483605,
    93.2193543524357,
    92.5334982029571,
    92.35265316983582,
    92.53315125262529,
    92.42109943034622,
    92.48311614752383,
    92.02898933147071,
    92.50718000244967,
    92.92229753921798,
    92.90313663620807,
    93.1408309271986,
    92.88790699219966,
    92.74845135300204,
    93.00985421704974,
    92.99039985345433,
    93.1124853421427,
    93.55196752979163,
    93.24724045864585,
    93.04074388686318,
    93.01169340111575,
    93.0381637767986,
    92.81971790598092,
    92.81971790598092,
    92.81971790598092,
    92.81971790598092,
    92.81971790598092,
    92.81971790598092,
    92.81971790598092,
    92.81971790598092,
    92.81971790598092,
    92.81971790598092,
    92.81971790598092,
    92.81971790598092,
    92.81971790598092,
    92.81971790598092,
    92.81971790598092,
    92.81971790598092,
    92.81971790598092,
    92.81971790598092,
    92.81971790598092,
    92.81971790598092,
    92.81971790598092,
    92.81971790598092,
    92.81971790598092,
    92.81971790598092,
    92.81971790598092,
    92.81971790598092,
    92.81971790598092,
    92.81971790598092,
    92.81971790598092,
    92.81971790598092,
    92.81971790598092,
    92.81971790598092,
    92.81971790598092,
    92.81971790598092,
    92.81971790598092,
    92.81971790598092,
    92.81971790598092,
    92.81971790598092,
    92.81971790598092,
    92.81971790598092,
    92.81971790598092,
    92.81971790598092,
    92.81971790598092
  ],
  "test_errors": [
    112.9622836253018,
    108.15998519892285,
    102.7482811807245,
    98.18405073582343,
    94.91768638456888,
    94.33329296889298,
    92.40670374699364,
    91.26350629995451,
    90.53018208839165,
    90.71310806354676,
    89.95019954665848,
    90.44173598014531,
    90.54813453365077,
    90.57833669650162,
    90.21974684710167,
    90.02845908157089,
    89.39199889911865,
    88.98067696374612,
    89.56145337743357,
    89.14972319873421,
    89.00994458633485,
    88.43838624424382,
    87.61954019690917,
    87.7267912072199,
    87.22785505731292,
    88.61593420893695,
    89.04253983064778,
    89.06441738402971,
    89.1954394073462,
    89.68671611218635,
    89.63737092458676,
    89.50607244894667,
    89.64707520477437,
    89.63409997277557,
    89.18069264139314,
    89.6064164433141,
    89.92936331839363,
    89.38488678185132,
    89.24031010452445,
    89.35086564579204,
    88.85552662809829,
    89.01282731668044,
    89.10939118649053,
    89.34148979782094,
    88.7585330636222,
    88.80997160116891,
    89.07599972353678,
    88.53504633533328,
    88.82237350287183,
    89.2567636854135,
    89.74778648137108,
    90.04111621212243,
    89.88142105301411,
    89.58331284928902,
    89.81263903762388,
    89.65137536118306,
    89.67258341795775,
    89.36227510682967,
    89.36227510682967,
    89.36227510682967,
    89.36227510682967,
    89.36227510682967,
    89.36227510682967,
    89.36227510682967,
    89.36227510682967,
    89.36227510682967,
    89.36227510682967,
    89.36227510682967,
    89.36227510682967,
    89.36227510682967,
    89.36227510682967,
    89.36227510682967,
    89.36227510682967,
    89.36227510682967,
    89.36227510682967,
    89.36227510682967,
    89.36227510682967,
    89.36227510682967,
    89.36227510682967,
    89.36227510682967,
    89.36227510682967,
    89.36227510682967,
    89.36227510682967,
    89.36227510682967,
    89.36227510682967,
    89.36227510682967,
    89.36227510682967,
    89.36227510682967,
    89.36227510682967,
    89.36227510682967,
    89.36227510682967,
    89.36227510682967,
    89.36227510682967,
    89.36227510682967,
    89.36227510682967,
    89.36227510682967,
    89.36227510682967,
    89.36227510682967,
    89.36227510682967,
    89.36227510682967
  ]
}
