{
  "timings": [
    1738764442.6562514,
    1738764444.3731346,
    1738764448.2490237,
    1738764453.0048847,
    1738764458.5282114,
    1738764465.0555694,
    1738764472.2345567,
    1738764479.984242,
    1738764488.227321,
    1738764496.8972385,
    1738764506.2226694,
    1738764516.1897547,
    1738764526.7067769,
    1738764537.3078804,
    1738764548.557539,
    1738764559.9389873,
    1738764572.3775737,
    1738764585.0570548,
    1738764597.9964514,
    1738764611.501422,
    1738764626.0643778,
    1738764640.9927244,
    1738764656.1665306,
    1738764671.0652902,
    1738764685.6347687,
    1738764700.3177924,
    1738764715.1740384,
    1738764730.7385633,
    1738764745.4346592,
    1738764760.5756934,
    1738764775.821408,
    1738764791.640219,
    1738764807.2620056,
    1738764822.9171915,
    1738764838.4505703,
    1738764853.959009,
    1738764869.5609293,
    1738764885.143085,
    1738764900.696706,
    1738764916.3103168,
    1738764931.9706688,
    1738764947.522943,
    1738764963.1116526,
    1738764978.8015666,
    1738764994.2830572,
    1738765009.8252735,
    1738765025.3363585,
    1738765040.7410579,
    1738765056.3671331,
    1738765071.9197621,
    1738765087.4016707,
    1738765102.9534926,
    1738765118.623689,
    1738765134.1330814,
    1738765149.6680057,
    1738765165.3368511,
    1738765181.0262327,
    1738765196.7134626,
    1738765212.1904848,
    1738765227.7593617,
    1738765243.25805,
    1738765258.7847307,
    1738765274.390862,
    1738765289.9210684,
    1738765305.4404411,
    1738765320.975195,
    1738765336.561836,
    1738765352.2519605,
    1738765367.8826282,
    1738765383.4243405,
    1738765398.9311967,
    1738765414.5384438,
    1738765430.053749,
    1738765445.5464702,
    1738765460.9685087,
    1738765476.5273,
    1738765492.1815224,
    1738765507.624046,
    1738765523.0829594,
    1738765538.6326933,
    1738765554.1169295,
    1738765569.7129586,
    1738765585.1771364,
    1738765600.6644895,
    1738765616.1817117,
    1738765631.7342165,
    1738765647.3653893,
    1738765662.8408468,
    1738765678.3584046,
    1738765693.868669,
    1738765709.3510697,
    1738765724.9142742,
    1738765740.4302454,
    1738765755.9722936,
    1738765771.6220894,
    1738765787.253872,
    1738765802.811624,
    1738765818.3100595,
    1738765833.831696,
    1738765849.316659
  ],
  "val_errors": [
    118.02089895142814,
    109.6391900620832,
    107.34944607048259,
    105.96526956628679,
    104.64031522112741,
    104.35693857842486,
    104.07193320037845,
    103.98027405129353,
    103.72275309031639,
    103.832769620927,
    103.6415040866128,
    103.14448587807497,
    102.52825787665269,
    102.48292642461209,
    101.89296835125948,
    102.10280835683325,
    101.79537326096714,
    101.51725508251315,
    101.13135966468005,
    100.9444336178247,
    100.14892533363707,
    100.37892057252537,
    100.91404397613286,
    100.82757775272381,
    101.26458011546808,
    101.37078020999296,
    100.88347553349875,
    100.90833193251902,
    101.25812735746965,
    100.54920458432589,
    100.57976808224248,
    100.12343156154252,
    100.57803550625619,
    100.57803550625619,
    100.57803550625619,
    100.57803550625619,
    100.57803550625619,
    100.57803550625619,
    100.57803550625619,
    100.57803550625619,
    100.57803550625619,
    100.57803550625619,
    100.57803550625619,
    100.57803550625619,
    100.57803550625619,
    100.57803550625619,
    100.57803550625619,
    100.57803550625619,
    100.57803550625619,
    100.57803550625619,
    100.57803550625619,
    100.57803550625619,
    100.57803550625619,
    100.57803550625619,
    100.57803550625619,
    100.57803550625619,
    100.57803550625619,
    100.57803550625619,
    100.57803550625619,
    100.57803550625619,
    100.57803550625619,
    100.57803550625619,
    100.57803550625619,
    100.57803550625619,
    100.57803550625619,
    100.57803550625619,
    100.57803550625619,
    100.57803550625619,
    100.57803550625619,
    100.57803550625619,
    100.57803550625619,
    100.57803550625619,
    100.57803550625619,
    100.57803550625619,
    100.57803550625619,
    100.57803550625619,
    100.57803550625619,
    100.57803550625619,
    100.57803550625619,
    100.57803550625619,
    100.57803550625619,
    100.57803550625619,
    100.57803550625619,
    100.57803550625619,
    100.57803550625619,
    100.57803550625619,
    100.57803550625619,
    100.57803550625619,
    100.57803550625619,
    100.57803550625619,
    100.57803550625619,
    100.57803550625619,
    100.57803550625619,
    100.57803550625619,
    100.57803550625619,
    100.57803550625619,
    100.57803550625619,
    100.57803550625619,
    100.57803550625619,
    100.57803550625619
  ],
  "test_errors": [
    119.52998114289336,
    111.41445170067672,
    109.6508523740944,
    108.2783492118013,
    107.16306091028821,
    106.82654018648692,
    106.71130160298021,
    106.70520800567206,
    106.3466236205006,
    106.36785682931247,
    106.33689563110133,
    106.21228107714829,
    105.66057453534104,
    105.51259329406459,
    104.81152133341497,
    105.24860076162764,
    104.67720017306154,
    104.71249133628588,
    104.55685997219356,
    104.7055024114938,
    104.06032322951978,
    104.01671971318287,
    104.64053428171755,
    104.33636649630832,
    104.5295872886996,
    105.01201813907406,
    104.2108173171721,
    104.36932337540223,
    104.62263499835814,
    104.46189603377711,
    104.03230084110255,
    103.37517140676312,
    103.68077092238846,
    103.68077092238846,
    103.68077092238846,
    103.68077092238846,
    103.68077092238846,
    103.68077092238846,
    103.68077092238846,
    103.68077092238846,
    103.68077092238846,
    103.68077092238846,
    103.68077092238846,
    103.68077092238846,
    103.68077092238846,
    103.68077092238846,
    103.68077092238846,
    103.68077092238846,
    103.68077092238846,
    103.68077092238846,
    103.68077092238846,
    103.68077092238846,
    103.68077092238846,
    103.68077092238846,
    103.68077092238846,
    103.68077092238846,
    103.68077092238846,
    103.68077092238846,
    103.68077092238846,
    103.68077092238846,
    103.68077092238846,
    103.68077092238846,
    103.68077092238846,
    103.68077092238846,
    103.68077092238846,
    103.68077092238846,
    103.68077092238846,
    103.68077092238846,
    103.68077092238846,
    103.68077092238846,
    103.68077092238846,
    103.68077092238846,
    103.68077092238846,
    103.68077092238846,
    103.68077092238846,
    103.68077092238846,
    103.68077092238846,
    103.68077092238846,
    103.68077092238846,
    103.68077092238846,
    103.68077092238846,
    103.68077092238846,
    103.68077092238846,
    103.68077092238846,
    103.68077092238846,
    103.68077092238846,
    103.68077092238846,
    103.68077092238846,
    103.68077092238846,
    103.68077092238846,
    103.68077092238846,
    103.68077092238846,
    103.68077092238846,
    103.68077092238846,
    103.68077092238846,
    103.68077092238846,
    103.68077092238846,
    103.68077092238846,
    103.68077092238846,
    103.68077092238846
  ]
}