{
  "timings": [
    1738776997.5785587,
    1738776999.2223952,
    1738777002.427635,
    1738777007.6772904,
    1738777014.4967942,
    1738777022.7920907,
    1738777033.1056712,
    1738777044.2322247,
    1738777056.96623,
    1738777070.7900605,
    1738777085.2029724,
    1738777101.3428342,
    1738777117.3973386,
    1738777135.4200935,
    1738777154.7127028,
    1738777173.318203,
    1738777191.8973842,
    1738777211.6677363,
    1738777231.9855692,
    1738777251.0361733,
    1738777270.1683388,
    1738777289.3615353,
    1738777308.7189212,
    1738777328.000065,
    1738777347.210366,
    1738777366.3757708,
    1738777385.541188,
    1738777404.7940326,
    1738777424.0425954,
    1738777443.1642413,
    1738777462.3084714,
    1738777481.4117799,
    1738777500.5576131,
    1738777519.7054896,
    1738777538.971315,
    1738777558.127545,
    1738777577.21548,
    1738777596.365393,
    1738777615.5124853,
    1738777634.6864383,
    1738777653.8701053,
    1738777672.8151352,
    1738777691.9431531,
    1738777711.0234969,
    1738777730.1951761,
    1738777749.2505677,
    1738777768.3604388,
    1738777787.422083,
    1738777806.5611072,
    1738777825.8088012,
    1738777844.9178264,
    1738777864.1237156,
    1738777883.280397,
    1738777902.5363338,
    1738777921.7954478,
    1738777940.924978,
    1738777960.0783155,
    1738777979.2880895,
    1738777998.5938704,
    1738778017.7165933,
    1738778037.0106225,
    1738778056.2458704,
    1738778075.3800154,
    1738778094.5440648,
    1738778113.7314057,
    1738778132.9084697,
    1738778151.9839065,
    1738778171.0483177,
    1738778190.307728,
    1738778209.4614358,
    1738778228.4630089,
    1738778247.6021364,
    1738778266.7797277,
    1738778285.9616935,
    1738778305.2083614,
    1738778324.3972447,
    1738778343.425799,
    1738778362.5443707,
    1738778381.6914785,
    1738778400.8362715,
    1738778419.9424312,
    1738778439.0712302,
    1738778458.1646492,
    1738778477.3622873,
    1738778496.6216881,
    1738778515.7300596,
    1738778534.8804264,
    1738778554.0507646,
    1738778573.2898726,
    1738778592.4455454,
    1738778611.708458,
    1738778630.7643182,
    1738778649.8909187,
    1738778669.0938601,
    1738778688.210746,
    1738778707.3820891,
    1738778726.5223696,
    1738778745.591021,
    1738778764.6275675,
    1738778783.8353214
  ],
  "val_errors": [
    115.95507958551691,
    109.38520250173006,
    105.19057766593966,
    101.75268759580891,
    99.34183467906318,
    97.33768686480798,
    96.02225369452678,
    96.52237087229852,
    95.80462043665364,
    95.60407205694621,
    95.51567304242265,
    94.85248396105195,
    95.21839718316365,
    94.60830667728557,
    94.4923372193027,
    94.0908153344011,
    94.55436043112634,
    94.91724839244984,
    95.09662776173329,
    95.75222914511637,
    95.67846720567786,
    95.67846720567786,
    95.67846720567786,
    95.67846720567786,
    95.67846720567786,
    95.67846720567786,
    95.67846720567786,
    95.67846720567786,
    95.67846720567786,
    95.67846720567786,
    95.67846720567786,
    95.67846720567786,
    95.67846720567786,
    95.67846720567786,
    95.67846720567786,
    95.67846720567786,
    95.67846720567786,
    95.67846720567786,
    95.67846720567786,
    95.67846720567786,
    95.67846720567786,
    95.67846720567786,
    95.67846720567786,
    95.67846720567786,
    95.67846720567786,
    95.67846720567786,
    95.67846720567786,
    95.67846720567786,
    95.67846720567786,
    95.67846720567786,
    95.67846720567786,
    95.67846720567786,
    95.67846720567786,
    95.67846720567786,
    95.67846720567786,
    95.67846720567786,
    95.67846720567786,
    95.67846720567786,
    95.67846720567786,
    95.67846720567786,
    95.67846720567786,
    95.67846720567786,
    95.67846720567786,
    95.67846720567786,
    95.67846720567786,
    95.67846720567786,
    95.67846720567786,
    95.67846720567786,
    95.67846720567786,
    95.67846720567786,
    95.67846720567786,
    95.67846720567786,
    95.67846720567786,
    95.67846720567786,
    95.67846720567786,
    95.67846720567786,
    95.67846720567786,
    95.67846720567786,
    95.67846720567786,
    95.67846720567786,
    95.67846720567786,
    95.67846720567786,
    95.67846720567786,
    95.67846720567786,
    95.67846720567786,
    95.67846720567786,
    95.67846720567786,
    95.67846720567786,
    95.67846720567786,
    95.67846720567786,
    95.67846720567786,
    95.67846720567786,
    95.67846720567786,
    95.67846720567786,
    95.67846720567786,
    95.67846720567786,
    95.67846720567786,
    95.67846720567786,
    95.67846720567786,
    95.67846720567786
  ],
  "test_errors": [
    117.36258639881045,
    111.25245297111303,
    107.82703078907696,
    104.81285092531581,
    101.91017961661362,
    98.36726305202075,
    97.7463249707016,
    96.91927291002621,
    97.24248217153236,
    97.43758600551035,
    96.93512219666599,
    96.74755557644787,
    96.77122762663177,
    95.6878256796694,
    95.80494834477277,
    95.87119116275322,
    96.10917652142969,
    96.75776051914914,
    97.10826328964458,
    97.6748614213782,
    97.8038510003484,
    97.8038510003484,
    97.8038510003484,
    97.8038510003484,
    97.8038510003484,
    97.8038510003484,
    97.8038510003484,
    97.8038510003484,
    97.8038510003484,
    97.8038510003484,
    97.8038510003484,
    97.8038510003484,
    97.8038510003484,
    97.8038510003484,
    97.8038510003484,
    97.8038510003484,
    97.8038510003484,
    97.8038510003484,
    97.8038510003484,
    97.8038510003484,
    97.8038510003484,
    97.8038510003484,
    97.8038510003484,
    97.8038510003484,
    97.8038510003484,
    97.8038510003484,
    97.8038510003484,
    97.8038510003484,
    97.8038510003484,
    97.8038510003484,
    97.8038510003484,
    97.8038510003484,
    97.8038510003484,
    97.8038510003484,
    97.8038510003484,
    97.8038510003484,
    97.8038510003484,
    97.8038510003484,
    97.8038510003484,
    97.8038510003484,
    97.8038510003484,
    97.8038510003484,
    97.8038510003484,
    97.8038510003484,
    97.8038510003484,
    97.8038510003484,
    97.8038510003484,
    97.8038510003484,
    97.8038510003484,
    97.8038510003484,
    97.8038510003484,
    97.8038510003484,
    97.8038510003484,
    97.8038510003484,
    97.8038510003484,
    97.8038510003484,
    97.8038510003484,
    97.8038510003484,
    97.8038510003484,
    97.8038510003484,
    97.8038510003484,
    97.8038510003484,
    97.8038510003484,
    97.8038510003484,
    97.8038510003484,
    97.8038510003484,
    97.8038510003484,
    97.8038510003484,
    97.8038510003484,
    97.8038510003484,
    97.8038510003484,
    97.8038510003484,
    97.8038510003484,
    97.8038510003484,
    97.8038510003484,
    97.8038510003484,
    97.8038510003484,
    97.8038510003484,
    97.8038510003484,
    97.8038510003484
  ]
}