{
  "timings": [
    1738735618.5286572,
    1738735620.1596777,
    1738735622.0287528,
    1738735624.0953035,
    1738735626.1825433,
    1738735628.2836857,
    1738735630.4703872,
    1738735632.6195605,
    1738735634.9214897,
    1738735637.1935694,
    1738735639.5377176,
    1738735641.9231641,
    1738735644.2309566,
    1738735646.5727983,
    1738735648.8681545,
    1738735651.1454556,
    1738735653.507971,
    1738735655.8586082,
    1738735658.1972685,
    1738735660.6224985,
    1738735663.0373604,
    1738735665.5275016,
    1738735667.9534523,
    1738735670.494057,
    1738735672.9571373,
    1738735675.4608436,
    1738735677.999068,
    1738735680.4466789,
    1738735682.9997637,
    1738735685.4781675,
    1738735687.9567165,
    1738735690.508554,
    1738735692.979084,
    1738735695.5670693,
    1738735698.0755165,
    1738735700.5576425,
    1738735703.1253579,
    1738735705.606117,
    1738735708.2420976,
    1738735710.732003,
    1738735713.1898937,
    1738735715.6915314,
    1738735718.1926932,
    1738735720.769595,
    1738735723.3155446,
    1738735725.8276603,
    1738735728.2786052,
    1738735730.7738657,
    1738735733.2999501,
    1738735735.8046246,
    1738735738.3704994,
    1738735740.8401024,
    1738735743.3894827,
    1738735745.8461852,
    1738735748.2348368,
    1738735750.619506,
    1738735753.1397755,
    1738735755.6011431,
    1738735758.0531733,
    1738735760.6276293,
    1738735763.095956,
    1738735765.6312933,
    1738735768.1199038,
    1738735770.658103,
    1738735773.1157959,
    1738735775.6465075,
    1738735778.1074235,
    1738735780.5682263,
    1738735783.1092615,
    1738735785.5722017,
    1738735788.113188,
    1738735790.588271,
    1738735793.120415,
    1738735795.5807989,
    1738735798.1290374,
    1738735800.598548,
    1738735803.0526733,
    1738735805.5895565,
    1738735808.047233,
    1738735810.5768945,
    1738735813.0306294,
    1738735815.5587611,
    1738735818.017876,
    1738735820.4722724,
    1738735823.0010402,
    1738735825.459665,
    1738735828.01492,
    1738735830.4839194,
    1738735833.020347,
    1738735835.4746103,
    1738735838.0135403,
    1738735840.4695702,
    1738735842.929741,
    1738735845.4638958,
    1738735847.9311092,
    1738735850.478211,
    1738735852.9492435,
    1738735855.490243,
    1738735857.9561934,
    1738735860.425624
  ],
  "val_errors": [
    118.1290887471199,
    111.26868099476253,
    109.19772296546327,
    108.30390534093982,
    107.35718364450999,
    106.94735107256088,
    105.85655753432714,
    104.50579830465395,
    103.67983274639913,
    103.05681099809024,
    102.20178147266965,
    102.80329298150146,
    102.98245510532524,
    102.96301374167244,
    103.044811643697,
    103.20215613366301,
    103.12649395914517,
    102.7026207871357,
    101.94880154509923,
    101.53052673979978,
    101.24045649022251,
    101.11734499362404,
    101.22272863311807,
    100.87509101435067,
    100.37473717979016,
    100.02857482422931,
    100.49371937290165,
    100.46671714149794,
    100.49883013284746,
    100.18294657700629,
    100.2238408623105,
    100.49702943992153,
    100.44289225990318,
    100.03598885994697,
    100.40532312356738,
    100.3227444190499,
    100.22842087620415,
    100.77519402059764,
    100.67157849706575,
    100.67541308645455,
    101.04331068811169,
    101.17401381072989,
    101.38412706418136,
    101.23984345515744,
    101.28155817876346,
    101.1812493166895,
    100.87061535546059,
    100.53328260671482,
    100.52009911196045,
    100.58116489689192,
    100.54694757479506,
    100.79446121755457,
    100.83864130082577,
    100.74073558441734,
    100.919017461926,
    101.1212105707822,
    101.2534598119636,
    100.96238581393696,
    101.04244575022578,
    100.97896704426225,
    101.02406092188765,
    101.02406092188765,
    101.02406092188765,
    101.02406092188765,
    101.02406092188765,
    101.02406092188765,
    101.02406092188765,
    101.02406092188765,
    101.02406092188765,
    101.02406092188765,
    101.02406092188765,
    101.02406092188765,
    101.02406092188765,
    101.02406092188765,
    101.02406092188765,
    101.02406092188765,
    101.02406092188765,
    101.02406092188765,
    101.02406092188765,
    101.02406092188765,
    101.02406092188765,
    101.02406092188765,
    101.02406092188765,
    101.02406092188765,
    101.02406092188765,
    101.02406092188765,
    101.02406092188765,
    101.02406092188765,
    101.02406092188765,
    101.02406092188765,
    101.02406092188765,
    101.02406092188765,
    101.02406092188765,
    101.02406092188765,
    101.02406092188765,
    101.02406092188765,
    101.02406092188765,
    101.02406092188765,
    101.02406092188765,
    101.02406092188765
  ],
  "test_errors": [
    117.07995094673853,
    109.03346333207452,
    106.41869959772211,
    106.16841991552079,
    105.19024919079337,
    104.76882142931053,
    103.39403958076707,
    102.01667533037873,
    101.15352065936935,
    100.60402230540188,
    100.13825782019471,
    100.3956083373468,
    100.34501512281011,
    100.32011884597186,
    100.52430811354064,
    100.61567407916499,
    100.98597247795934,
    100.31544910916661,
    100.04153857776943,
    99.17628363881697,
    98.87433959129422,
    98.9760095767619,
    98.89429117784,
    98.94559379526943,
    98.4885887639136,
    98.1197264224824,
    98.20811002316144,
    98.16264315750117,
    98.47962509221989,
    98.4154587376498,
    98.31240008098874,
    98.5049294405082,
    98.26986647536502,
    98.21414447294507,
    98.15237534153245,
    98.35242879543038,
    98.14798704158032,
    98.42874520979875,
    98.47054337160324,
    98.65488206025118,
    98.81912387365107,
    99.0597363270575,
    99.38172285768849,
    98.55991632263763,
    98.50334435713427,
    98.54863808640096,
    98.08439392430684,
    97.28608508573829,
    97.43924642743652,
    97.5004849161508,
    97.37641968471873,
    97.73314837826075,
    97.92699576882643,
    97.77670418494594,
    98.1524666858768,
    98.16279222270384,
    98.32983218323558,
    98.2132083943056,
    98.22173437078642,
    98.22178256441451,
    98.22178256441451,
    98.22178256441451,
    98.22178256441451,
    98.22178256441451,
    98.22178256441451,
    98.22178256441451,
    98.22178256441451,
    98.22178256441451,
    98.22178256441451,
    98.22178256441451,
    98.22178256441451,
    98.22178256441451,
    98.22178256441451,
    98.22178256441451,
    98.22178256441451,
    98.22178256441451,
    98.22178256441451,
    98.22178256441451,
    98.22178256441451,
    98.22178256441451,
    98.22178256441451,
    98.22178256441451,
    98.22178256441451,
    98.22178256441451,
    98.22178256441451,
    98.22178256441451,
    98.22178256441451,
    98.22178256441451,
    98.22178256441451,
    98.22178256441451,
    98.22178256441451,
    98.22178256441451,
    98.22178256441451,
    98.22178256441451,
    98.22178256441451,
    98.22178256441451,
    98.22178256441451,
    98.22178256441451,
    98.22178256441451,
    98.22178256441451
  ]
}