{
  "timings": [
    1738727892.9930577,
    1738727894.6619594,
    1738727899.3997684,
    1738727906.2309546,
    1738727914.700239,
    1738727924.875874,
    1738727935.7729983,
    1738727948.6889164,
    1738727961.908709,
    1738727976.4514725,
    1738727991.6597474,
    1738728008.1785843,
    1738728024.7417135,
    1738728041.6812537,
    1738728058.3630872,
    1738728076.6320052,
    1738728095.4423869,
    1738728114.0955756,
    1738728132.6983376,
    1738728151.3489106,
    1738728169.9854534,
    1738728188.7421744,
    1738728207.4261866,
    1738728226.0609908,
    1738728244.6302714,
    1738728263.2815318,
    1738728281.9869149,
    1738728300.5351484,
    1738728319.0363615,
    1738728337.6238976,
    1738728356.266635,
    1738728374.933488,
    1738728393.7594428,
    1738728412.3532379,
    1738728431.0382576,
    1738728449.7061548,
    1738728468.4011996,
    1738728487.108838,
    1738728505.911124,
    1738728524.519094,
    1738728543.2187052,
    1738728561.8210957,
    1738728580.5948725,
    1738728599.306112,
    1738728617.879826,
    1738728636.537891,
    1738728655.118129,
    1738728673.761985,
    1738728692.516199,
    1738728711.110269
  ],
  "val_errors": [
    115.95507958551691,
    110.56980713528911,
    109.11561793291735,
    108.30716604253095,
    107.61885004186172,
    107.10020784957675,
    107.3162029545768,
    107.26496956464565,
    107.13272377081003,
    107.28641916178525,
    107.21052908547185,
    107.03843147491894,
    107.13367696428182,
    106.95736319236448,
    107.02074971979019,
    106.76202817374846,
    106.72096224241086,
    106.75808713377276,
    106.76495413122872,
    106.76495413122872,
    106.76495413122872,
    106.76495413122872,
    106.76495413122872,
    106.76495413122872,
    106.76495413122872,
    106.76495413122872,
    106.76495413122872,
    106.76495413122872,
    106.76495413122872,
    106.76495413122872,
    106.76495413122872,
    106.76495413122872,
    106.76495413122872,
    106.76495413122872,
    106.76495413122872,
    106.76495413122872,
    106.76495413122872,
    106.76495413122872,
    106.76495413122872,
    106.76495413122872,
    106.76495413122872,
    106.76495413122872,
    106.76495413122872,
    106.76495413122872,
    106.76495413122872,
    106.76495413122872,
    106.76495413122872,
    106.76495413122872,
    106.76495413122872,
    106.76495413122872
  ],
  "test_errors": [
    117.36258639881045,
    112.23193269586463,
    110.75362484861955,
    110.10733496393024,
    109.62824363329005,
    109.30627513949985,
    109.47264620279508,
    109.25977972189887,
    109.09549768536792,
    109.10921728209385,
    109.21299955120867,
    108.73374005438805,
    108.73147710627195,
    108.7265039823756,
    108.67657310566514,
    108.52059262619997,
    108.51216812355932,
    108.68461037021132,
    108.64464998424116,
    108.64464998424116,
    108.64464998424116,
    108.64464998424116,
    108.64464998424116,
    108.64464998424116,
    108.64464998424116,
    108.64464998424116,
    108.64464998424116,
    108.64464998424116,
    108.64464998424116,
    108.64464998424116,
    108.64464998424116,
    108.64464998424116,
    108.64464998424116,
    108.64464998424116,
    108.64464998424116,
    108.64464998424116,
    108.64464998424116,
    108.64464998424116,
    108.64464998424116,
    108.64464998424116,
    108.64464998424116,
    108.64464998424116,
    108.64464998424116,
    108.64464998424116,
    108.64464998424116,
    108.64464998424116,
    108.64464998424116,
    108.64464998424116,
    108.64464998424116,
    108.64464998424116
  ]
}