{
  "timings": [
    1738892428.6570659,
    1738892430.3790135,
    1738892435.7937977,
    1738892443.3358362,
    1738892452.2057285,
    1738892462.3769784,
    1738892473.7333705,
    1738892486.1525106,
    1738892499.260362,
    1738892513.3495574,
    1738892529.2296786,
    1738892545.4693754,
    1738892562.352468,
    1738892579.7419264,
    1738892598.420436,
    1738892617.4098353,
    1738892636.5242558,
    1738892656.025183,
    1738892675.9000053,
    1738892695.365717,
    1738892714.7260277,
    1738892734.1631134,
    1738892753.5394545,
    1738892773.345829,
    1738892792.9462304,
    1738892812.9666033,
    1738892832.1984756,
    1738892851.4034252,
    1738892870.6219826,
    1738892889.9079902,
    1738892909.0087957,
    1738892928.461323,
    1738892947.51845,
    1738892966.951116,
    1738892986.0250843,
    1738893005.2818615,
    1738893024.2789822,
    1738893043.5380514,
    1738893063.2407277,
    1738893082.9761794,
    1738893101.9728122,
    1738893121.190755,
    1738893140.1324883,
    1738893159.3052132,
    1738893178.358349,
    1738893197.6137006,
    1738893219.4923377,
    1738893238.7349517,
    1738893258.0238767,
    1738893277.324218,
    1738893296.4337282,
    1738893315.6772037,
    1738893334.6986082,
    1738893353.7800622,
    1738893372.7603495,
    1738893392.151495,
    1738893411.1046915,
    1738893430.2751358,
    1738893449.2561152,
    1738893468.390397,
    1738893487.2814298,
    1738893506.3972476,
    1738893525.3607345,
    1738893544.5765173,
    1738893563.466408,
    1738893582.6175501,
    1738893601.7697682,
    1738893621.0588186,
    1738893640.2698298,
    1738893659.6691432,
    1738893678.8160758,
    1738893698.165158,
    1738893717.1452365,
    1738893736.3733854,
    1738893755.4096122,
    1738893774.5621693,
    1738893793.6124825,
    1738893812.763292,
    1738893831.5488327,
    1738893850.9964812,
    1738893869.9945984,
    1738893889.2285328,
    1738893908.206111,
    1738893927.2681367,
    1738893946.1255517,
    1738893965.2191708,
    1738893984.2505374,
    1738894003.4709787,
    1738894022.220691,
    1738894041.4367,
    1738894060.2754517,
    1738894079.3230188,
    1738894098.3689687,
    1738894117.511105,
    1738894136.3733993,
    1738894155.819079,
    1738894174.735507,
    1738894193.9358678,
    1738894213.1262853,
    1738894232.2956944
  ],
  "val_errors": [
    115.9493476886221,
    106.99842751020407,
    102.46540945588133,
    99.07801837890686,
    97.70528960930734,
    96.86907595222726,
    96.33990896887431,
    96.04620325073621,
    95.45197738873284,
    94.90098480816566,
    94.70547093153483,
    94.29506131990333,
    94.30452412544324,
    94.6126425981495,
    93.8908359791828,
    94.26440198959634,
    94.60301864898022,
    94.0012870508255,
    93.8608564482092,
    93.99091350971914,
    93.77260068392208,
    93.7966283694943,
    93.89486333622484,
    93.81491206047572,
    93.89486333622484,
    93.81491206047572,
    93.89486333622484,
    93.81491206047572,
    93.89486333622484,
    93.81491206047572,
    93.89486333622484,
    93.81491206047572,
    93.89486333622484,
    93.81491206047572,
    93.89486333622484,
    93.81491206047572,
    93.89486333622484,
    93.81491206047572,
    93.89486333622484,
    93.81491206047572,
    93.89486333622484,
    93.81491206047572,
    93.89486333622484,
    93.81491206047572,
    93.89486333622484,
    93.81491206047572,
    93.89486333622484,
    93.81491206047572,
    93.89486333622484,
    93.81491206047572,
    93.89486333622484,
    93.81491206047572,
    93.89486333622484,
    93.81491206047572,
    93.89486333622484,
    93.81491206047572,
    93.89486333622484,
    93.81491206047572,
    93.89486333622484,
    93.81491206047572,
    93.89486333622484,
    93.81491206047572,
    93.89486333622484,
    93.81491206047572,
    93.89486333622484,
    93.81491206047572,
    93.89486333622484,
    93.81491206047572,
    93.89486333622484,
    93.81491206047572,
    93.89486333622484,
    93.81491206047572,
    93.89486333622484,
    93.81491206047572,
    93.89486333622484,
    93.81491206047572,
    93.89486333622484,
    93.81491206047572,
    93.89486333622484,
    93.81491206047572,
    93.89486333622484,
    93.81491206047572,
    93.89486333622484,
    93.81491206047572,
    93.89486333622484,
    93.81491206047572,
    93.89486333622484,
    93.81491206047572,
    93.89486333622484,
    93.81491206047572,
    93.89486333622484,
    93.81491206047572,
    93.89486333622484,
    93.81491206047572,
    93.89486333622484,
    93.81491206047572,
    93.89486333622484,
    93.81491206047572,
    93.89486333622484,
    93.81491206047572
  ],
  "test_errors": [
    117.09029559460213,
    108.27487048482055,
    103.42568980520161,
    100.86878731218727,
    100.17597067780326,
    99.09437942742795,
    98.37809201156738,
    97.5733061526669,
    97.95719489465799,
    95.79095506570692,
    96.65634637382423,
    97.04940991510692,
    97.05435731040154,
    97.31360918777986,
    96.71048105619212,
    97.33585482418943,
    97.3883088442877,
    97.1332304803669,
    97.20882425624092,
    97.23054183905333,
    97.30466122460642,
    97.44743561824411,
    97.28455705765809,
    97.37125035041961,
    97.28455705765809,
    97.37125035041961,
    97.28455705765809,
    97.37125035041961,
    97.28455705765809,
    97.37125035041961,
    97.28455705765809,
    97.37125035041961,
    97.28455705765809,
    97.37125035041961,
    97.28455705765809,
    97.37125035041961,
    97.28455705765809,
    97.37125035041961,
    97.28455705765809,
    97.37125035041961,
    97.28455705765809,
    97.37125035041961,
    97.28455705765809,
    97.37125035041961,
    97.28455705765809,
    97.37125035041961,
    97.28455705765809,
    97.37125035041961,
    97.28455705765809,
    97.37125035041961,
    97.28455705765809,
    97.37125035041961,
    97.28455705765809,
    97.37125035041961,
    97.28455705765809,
    97.37125035041961,
    97.28455705765809,
    97.37125035041961,
    97.28455705765809,
    97.37125035041961,
    97.28455705765809,
    97.37125035041961,
    97.28455705765809,
    97.37125035041961,
    97.28455705765809,
    97.37125035041961,
    97.28455705765809,
    97.37125035041961,
    97.28455705765809,
    97.37125035041961,
    97.28455705765809,
    97.37125035041961,
    97.28455705765809,
    97.37125035041961,
    97.28455705765809,
    97.37125035041961,
    97.28455705765809,
    97.37125035041961,
    97.28455705765809,
    97.37125035041961,
    97.28455705765809,
    97.37125035041961,
    97.28455705765809,
    97.37125035041961,
    97.28455705765809,
    97.37125035041961,
    97.28455705765809,
    97.37125035041961,
    97.28455705765809,
    97.37125035041961,
    97.28455705765809,
    97.37125035041961,
    97.28455705765809,
    97.37125035041961,
    97.28455705765809,
    97.37125035041961,
    97.28455705765809,
    97.37125035041961,
    97.28455705765809,
    97.37125035041961
  ]
}