{
  "timings": [
    1738737270.8317397,
    1738737272.4254334,
    1738737274.2061687,
    1738737276.1759644,
    1738737278.150329,
    1738737280.1532302,
    1738737282.2618377,
    1738737284.2707174,
    1738737286.3967125,
    1738737288.6482856,
    1738737290.8523161,
    1738737292.995696,
    1738737295.3061073,
    1738737297.6653657,
    1738737300.1282883,
    1738737302.5707521,
    1738737305.0552163,
    1738737307.6413343,
    1738737310.2157416,
    1738737312.86863,
    1738737315.5048108,
    1738737318.2000463,
    1738737320.72945,
    1738737323.2633781,
    1738737325.9759836,
    1738737328.6359859,
    1738737331.3182347,
    1738737333.847814,
    1738737336.4984076,
    1738737339.2155511,
    1738737341.844221,
    1738737344.554647,
    1738737347.3068833,
    1738737349.9771984,
    1738737352.6836984,
    1738737355.3124955,
    1738737358.0258653,
    1738737360.6701667,
    1738737363.382042,
    1738737366.0240824,
    1738737368.745344,
    1738737371.4072766,
    1738737374.1223736,
    1738737376.7496357,
    1738737379.4635677,
    1738737382.1173544,
    1738737384.8211875,
    1738737387.5517612,
    1738737390.2002163,
    1738737392.9207861,
    1738737395.556055,
    1738737398.2810683,
    1738737400.9239862,
    1738737403.6114762,
    1738737406.256954,
    1738737408.982229,
    1738737411.6439276,
    1738737414.3488615,
    1738737416.9908655,
    1738737419.7042267,
    1738737422.3507535,
    1738737425.0644078,
    1738737427.6893117,
    1738737430.378942,
    1738737433.0773365,
    1738737435.704049,
    1738737438.42729,
    1738737441.0755424,
    1738737443.773983,
    1738737446.3950653,
    1738737449.1161351,
    1738737451.75426,
    1738737454.4652383,
    1738737457.1028738,
    1738737459.8053794,
    1738737462.4442775,
    1738737465.157543,
    1738737467.8099225,
    1738737470.5281878,
    1738737473.1759734,
    1738737475.8957376,
    1738737478.6090143,
    1738737481.2587,
    1738737483.9762378,
    1738737486.6249084,
    1738737489.3356898,
    1738737492.0034564,
    1738737494.7223434,
    1738737497.3677354,
    1738737500.0845194,
    1738737502.7330227,
    1738737505.4406543,
    1738737508.0780327,
    1738737510.7832737,
    1738737513.4479232,
    1738737516.136251,
    1738737518.7660396,
    1738737521.4685228,
    1738737524.2014568,
    1738737526.8353539
  ],
  "val_errors": [
    117.75009099637049,
    111.091755815525,
    108.92210735090622,
    107.16116780630313,
    106.34629022468205,
    104.93370373548379,
    104.21825134130826,
    103.73698392771392,
    103.26123919337942,
    102.60312682702602,
    101.9038314190231,
    101.19019942901002,
    100.75091174071407,
    100.40707024508299,
    100.12689257387845,
    99.6352162853725,
    99.26878339080795,
    99.25930191754496,
    98.96692106549132,
    98.74081325074219,
    99.01041241675367,
    98.98602824893668,
    98.45990690449639,
    97.84813483075263,
    97.53801532107914,
    97.35577271655129,
    97.71366228458055,
    97.70570262038075,
    97.81416183467897,
    97.95414647707739,
    97.94258691902446,
    97.79297710374072,
    97.88189041882369,
    97.77980476135863,
    97.87772440315979,
    97.91321982216313,
    97.86370502639585,
    97.81856414592585,
    97.86865944404703,
    97.86865944404703,
    97.86865944404703,
    97.86865944404703,
    97.86865944404703,
    97.86865944404703,
    97.86865944404703,
    97.86865944404703,
    97.86865944404703,
    97.86865944404703,
    97.86865944404703,
    97.86865944404703,
    97.86865944404703,
    97.86865944404703,
    97.86865944404703,
    97.86865944404703,
    97.86865944404703,
    97.86865944404703,
    97.86865944404703,
    97.86865944404703,
    97.86865944404703,
    97.86865944404703,
    97.86865944404703,
    97.86865944404703,
    97.86865944404703,
    97.86865944404703,
    97.86865944404703,
    97.86865944404703,
    97.86865944404703,
    97.86865944404703,
    97.86865944404703,
    97.86865944404703,
    97.86865944404703,
    97.86865944404703,
    97.86865944404703,
    97.86865944404703,
    97.86865944404703,
    97.86865944404703,
    97.86865944404703,
    97.86865944404703,
    97.86865944404703,
    97.86865944404703,
    97.86865944404703,
    97.86865944404703,
    97.86865944404703,
    97.86865944404703,
    97.86865944404703,
    97.86865944404703,
    97.86865944404703,
    97.86865944404703,
    97.86865944404703,
    97.86865944404703,
    97.86865944404703,
    97.86865944404703,
    97.86865944404703,
    97.86865944404703,
    97.86865944404703,
    97.86865944404703,
    97.86865944404703,
    97.86865944404703,
    97.86865944404703,
    97.86865944404703
  ],
  "test_errors": [
    120.6549355349756,
    113.12320844134003,
    111.85392093035344,
    109.81447511350449,
    108.53095553969668,
    106.90619934187015,
    106.30050100275223,
    106.03917325989774,
    106.00878835449542,
    105.473576245412,
    104.30318990834279,
    103.58818741138118,
    102.88848695399086,
    102.17249961535327,
    102.18950783163804,
    101.47903062897711,
    101.67169385847481,
    101.4464443210186,
    101.43320619909404,
    101.32395739136653,
    101.12387957042725,
    101.04754520297902,
    101.15050081522453,
    100.34241573205874,
    99.84447190143766,
    98.84268293614625,
    98.98752010980591,
    99.39691866382509,
    99.31775522708125,
    99.58983512132345,
    99.61354955079034,
    99.61354955079034,
    99.55194826020772,
    100.02538065411592,
    99.95300484067995,
    99.85125153214447,
    99.86660898038117,
    99.72019826742424,
    99.84716167875924,
    99.84716167875924,
    99.84716167875924,
    99.84716167875924,
    99.84716167875924,
    99.84716167875924,
    99.84716167875924,
    99.84716167875924,
    99.84716167875924,
    99.84716167875924,
    99.84716167875924,
    99.84716167875924,
    99.84716167875924,
    99.84716167875924,
    99.84716167875924,
    99.84716167875924,
    99.84716167875924,
    99.84716167875924,
    99.84716167875924,
    99.84716167875924,
    99.84716167875924,
    99.84716167875924,
    99.84716167875924,
    99.84716167875924,
    99.84716167875924,
    99.84716167875924,
    99.84716167875924,
    99.84716167875924,
    99.84716167875924,
    99.84716167875924,
    99.84716167875924,
    99.84716167875924,
    99.84716167875924,
    99.84716167875924,
    99.84716167875924,
    99.84716167875924,
    99.84716167875924,
    99.84716167875924,
    99.84716167875924,
    99.84716167875924,
    99.84716167875924,
    99.84716167875924,
    99.84716167875924,
    99.84716167875924,
    99.84716167875924,
    99.84716167875924,
    99.84716167875924,
    99.84716167875924,
    99.84716167875924,
    99.84716167875924,
    99.84716167875924,
    99.84716167875924,
    99.84716167875924,
    99.84716167875924,
    99.84716167875924,
    99.84716167875924,
    99.84716167875924,
    99.84716167875924,
    99.84716167875924,
    99.84716167875924,
    99.84716167875924,
    99.84716167875924
  ]
}