{
  "timings": [
    1738788175.5695884,
    1738788177.2212234,
    1738788180.8252254,
    1738788185.5456157,
    1738788191.3053038,
    1738788198.4346602,
    1738788207.1523728,
    1738788217.4931078,
    1738788229.8479571,
    1738788244.2432084,
    1738788260.3788602,
    1738788277.6962252,
    1738788294.488085,
    1738788316.409478,
    1738788340.670948,
    1738788365.599543,
    1738788392.370126,
    1738788418.548089,
    1738788445.50056,
    1738788471.9242542,
    1738788499.8607492,
    1738788527.4323425,
    1738788555.2150064,
    1738788582.663743,
    1738788610.0928879,
    1738788637.561568,
    1738788665.021716,
    1738788692.7097077,
    1738788720.2318592,
    1738788747.754972,
    1738788775.1546972,
    1738788802.6055508,
    1738788830.1160858,
    1738788857.4723268,
    1738788885.0197558,
    1738788912.611681,
    1738788940.2587776,
    1738788967.7194383,
    1738788995.2198575,
    1738789022.6636956,
    1738789050.1736975,
    1738789077.5085876,
    1738789104.8989003,
    1738789132.4644613,
    1738789160.002994,
    1738789187.335416,
    1738789214.8779995,
    1738789242.3594737,
    1738789269.918419,
    1738789297.2932813,
    1738789324.747102,
    1738789352.2670617,
    1738789379.6424713,
    1738789407.2108104,
    1738789434.5966008,
    1738789462.036818,
    1738789489.5471876,
    1738789517.125977,
    1738789544.6722412,
    1738789572.212613,
    1738789599.6527967,
    1738789627.228298,
    1738789654.8533604,
    1738789682.3239439,
    1738789709.8975554,
    1738789737.376523,
    1738789765.0982296,
    1738789792.48547,
    1738789819.902779,
    1738789847.4205527,
    1738789875.0283988,
    1738789902.4287858,
    1738789929.8222744,
    1738789957.3645296,
    1738789984.8628588,
    1738790012.4363163,
    1738790039.9813585,
    1738790067.6077619,
    1738790095.1131492,
    1738790122.7685125,
    1738790150.1585348,
    1738790177.6093764,
    1738790205.215936,
    1738790232.8537474,
    1738790260.4204428,
    1738790287.9772992,
    1738790315.60135,
    1738790343.233541,
    1738790370.9463027,
    1738790398.432759,
    1738790425.6908078,
    1738790453.143754,
    1738790480.63668,
    1738790508.099475,
    1738790535.5197773,
    1738790563.0135438,
    1738790590.323821,
    1738790617.8444204,
    1738790645.3045642,
    1738790672.8251991
  ],
  "val_errors": [
    117.37693560635957,
    109.32439462449597,
    105.94078573178737,
    104.48158295799638,
    101.44330051381267,
    99.71260365042689,
    98.28221381439637,
    97.00104337729502,
    96.24920147757715,
    95.57764544679962,
    95.8268508735961,
    94.96671595752917,
    94.96444890656656,
    94.2314683728128,
    94.20485437542521,
    94.0024955993408,
    94.06728862524544,
    95.05020894642995,
    94.9915764500996,
    95.30512957025836,
    94.9586828983369,
    95.09764647259713,
    95.09764647259713,
    95.09764647259713,
    95.09764647259713,
    95.09764647259713,
    95.09764647259713,
    95.09764647259713,
    95.09764647259713,
    95.09764647259713,
    95.09764647259713,
    95.09764647259713,
    95.09764647259713,
    95.09764647259713,
    95.09764647259713,
    95.09764647259713,
    95.09764647259713,
    95.09764647259713,
    95.09764647259713,
    95.09764647259713,
    95.09764647259713,
    95.09764647259713,
    95.09764647259713,
    95.09764647259713,
    95.09764647259713,
    95.09764647259713,
    95.09764647259713,
    95.09764647259713,
    95.09764647259713,
    95.09764647259713,
    95.09764647259713,
    95.09764647259713,
    95.09764647259713,
    95.09764647259713,
    95.09764647259713,
    95.09764647259713,
    95.09764647259713,
    95.09764647259713,
    95.09764647259713,
    95.09764647259713,
    95.09764647259713,
    95.09764647259713,
    95.09764647259713,
    95.09764647259713,
    95.09764647259713,
    95.09764647259713,
    95.09764647259713,
    95.09764647259713,
    95.09764647259713,
    95.09764647259713,
    95.09764647259713,
    95.09764647259713,
    95.09764647259713,
    95.09764647259713,
    95.09764647259713,
    95.09764647259713,
    95.09764647259713,
    95.09764647259713,
    95.09764647259713,
    95.09764647259713,
    95.09764647259713,
    95.09764647259713,
    95.09764647259713,
    95.09764647259713,
    95.09764647259713,
    95.09764647259713,
    95.09764647259713,
    95.09764647259713,
    95.09764647259713,
    95.09764647259713,
    95.09764647259713,
    95.09764647259713,
    95.09764647259713,
    95.09764647259713,
    95.09764647259713,
    95.09764647259713,
    95.09764647259713,
    95.09764647259713,
    95.09764647259713,
    95.09764647259713
  ],
  "test_errors": [
    121.26955946303127,
    113.75353120911673,
    109.53627997891894,
    107.89324353540219,
    105.15943227271819,
    103.12771417959753,
    102.07433928526551,
    100.04323511359254,
    98.55513555423983,
    97.48100597065373,
    97.61617242389842,
    96.81038428760057,
    97.15773311072668,
    96.03130604658014,
    96.34317556514308,
    96.17537861686085,
    96.95964165176908,
    97.01717919154295,
    96.95914313216956,
    97.66885462153455,
    97.67758290587213,
    97.43289182507937,
    97.43289182507937,
    97.43289182507937,
    97.43289182507937,
    97.43289182507937,
    97.43289182507937,
    97.43289182507937,
    97.43289182507937,
    97.43289182507937,
    97.43289182507937,
    97.43289182507937,
    97.43289182507937,
    97.43289182507937,
    97.43289182507937,
    97.43289182507937,
    97.43289182507937,
    97.43289182507937,
    97.43289182507937,
    97.43289182507937,
    97.43289182507937,
    97.43289182507937,
    97.43289182507937,
    97.43289182507937,
    97.43289182507937,
    97.43289182507937,
    97.43289182507937,
    97.43289182507937,
    97.43289182507937,
    97.43289182507937,
    97.43289182507937,
    97.43289182507937,
    97.43289182507937,
    97.43289182507937,
    97.43289182507937,
    97.43289182507937,
    97.43289182507937,
    97.43289182507937,
    97.43289182507937,
    97.43289182507937,
    97.43289182507937,
    97.43289182507937,
    97.43289182507937,
    97.43289182507937,
    97.43289182507937,
    97.43289182507937,
    97.43289182507937,
    97.43289182507937,
    97.43289182507937,
    97.43289182507937,
    97.43289182507937,
    97.43289182507937,
    97.43289182507937,
    97.43289182507937,
    97.43289182507937,
    97.43289182507937,
    97.43289182507937,
    97.43289182507937,
    97.43289182507937,
    97.43289182507937,
    97.43289182507937,
    97.43289182507937,
    97.43289182507937,
    97.43289182507937,
    97.43289182507937,
    97.43289182507937,
    97.43289182507937,
    97.43289182507937,
    97.43289182507937,
    97.43289182507937,
    97.43289182507937,
    97.43289182507937,
    97.43289182507937,
    97.43289182507937,
    97.43289182507937,
    97.43289182507937,
    97.43289182507937,
    97.43289182507937,
    97.43289182507937,
    97.43289182507937
  ]
}
