{
  "timings": [
    1738898819.4136837,
    1738898821.0592043,
    1738898824.6237712,
    1738898829.5211143,
    1738898836.2899327,
    1738898844.119523,
    1738898853.7167125,
    1738898864.2905302,
    1738898877.1558356,
    1738898893.0043795,
    1738898910.7706208,
    1738898931.16502,
    1738898950.8504803,
    1738898971.3785744,
    1738898994.1526923,
    1738899018.0256684,
    1738899041.2970686,
    1738899064.9390476,
    1738899089.002403,
    1738899113.324435,
    1738899137.5064979,
    1738899161.584023,
    1738899185.5512865,
    1738899209.6133542,
    1738899233.870309,
    1738899257.923637,
    1738899282.2337537,
    1738899306.6345487,
    1738899330.8226898,
    1738899355.0298564,
    1738899379.0619633,
    1738899403.2353663,
    1738899427.7005446,
    1738899451.8629007,
    1738899475.867649,
    1738899500.1321046,
    1738899524.369242,
    1738899548.8893461,
    1738899573.056495,
    1738899597.1446373,
    1738899621.3436916,
    1738899645.4933734,
    1738899669.654351,
    1738899693.7197342,
    1738899717.8069038,
    1738899742.030931,
    1738899766.5343697,
    1738899790.6944203,
    1738899815.1225157,
    1738899839.209635,
    1738899863.3926377,
    1738899887.4125316,
    1738899911.7758794,
    1738899936.278568,
    1738899960.3942394,
    1738899984.5849369,
    1738900011.9310958,
    1738900039.260043,
    1738900063.492821,
    1738900087.411871,
    1738900111.186523,
    1738900134.8741133,
    1738900158.5878649,
    1738900182.5495782,
    1738900206.2668242,
    1738900230.0863287,
    1738900253.7445195,
    1738900277.420397,
    1738900301.2472916,
    1738900325.1875887,
    1738900349.2961664,
    1738900373.3899117,
    1738900397.1970387,
    1738900421.021437,
    1738900444.609341,
    1738900468.4080517,
    1738900492.3234243,
    1738900516.0675566,
    1738900540.0132902,
    1738900563.7706194,
    1738900587.4942548,
    1738900611.404779,
    1738900635.149028,
    1738900658.9342623,
    1738900682.7628074,
    1738900706.5127816,
    1738900730.366568,
    1738900754.1291988,
    1738900777.937374,
    1738900801.8207176,
    1738900825.5075111,
    1738900849.21411,
    1738900873.2376022,
    1738900897.0990663,
    1738900920.9608488,
    1738900944.694373,
    1738900968.4559247,
    1738900992.1872368,
    1738901016.0515404,
    1738901039.8299003
  ],
  "val_errors": [
    117.37693560635957,
    110.61485585188606,
    107.5063245130022,
    106.68343711848921,
    104.53503814708297,
    102.16416608830936,
    100.6917198774482,
    99.86460779929443,
    98.36710423257215,
    97.21726243889205,
    96.47376567475133,
    96.0446286908113,
    97.02217368698841,
    96.59552418219346,
    96.50914601890966,
    96.3375705393362,
    96.20722845158068,
    96.51308116522182,
    96.34939883198054,
    96.45247060321637,
    96.45247060321637,
    96.45247060321637,
    96.45247060321637,
    96.45247060321637,
    96.45247060321637,
    96.45247060321637,
    96.45247060321637,
    96.45247060321637,
    96.45247060321637,
    96.45247060321637,
    96.45247060321637,
    96.45247060321637,
    96.45247060321637,
    96.45247060321637,
    96.45247060321637,
    96.45247060321637,
    96.45247060321637,
    96.45247060321637,
    96.45247060321637,
    96.45247060321637,
    96.45247060321637,
    96.45247060321637,
    96.45247060321637,
    96.45247060321637,
    96.45247060321637,
    96.45247060321637,
    96.45247060321637,
    96.45247060321637,
    96.45247060321637,
    96.45247060321637,
    96.45247060321637,
    96.45247060321637,
    96.45247060321637,
    96.45247060321637,
    96.45247060321637,
    96.45247060321637,
    96.45247060321637,
    96.45247060321637,
    96.45247060321637,
    96.45247060321637,
    96.45247060321637,
    96.45247060321637,
    96.45247060321637,
    96.45247060321637,
    96.45247060321637,
    96.45247060321637,
    96.45247060321637,
    96.45247060321637,
    96.45247060321637,
    96.45247060321637,
    96.45247060321637,
    96.45247060321637,
    96.45247060321637,
    96.45247060321637,
    96.45247060321637,
    96.45247060321637,
    96.45247060321637,
    96.45247060321637,
    96.45247060321637,
    96.45247060321637,
    96.45247060321637,
    96.45247060321637,
    96.45247060321637,
    96.45247060321637,
    96.45247060321637,
    96.45247060321637,
    96.45247060321637,
    96.45247060321637,
    96.45247060321637,
    96.45247060321637,
    96.45247060321637,
    96.45247060321637,
    96.45247060321637,
    96.45247060321637,
    96.45247060321637,
    96.45247060321637,
    96.45247060321637,
    96.45247060321637,
    96.45247060321637,
    96.45247060321637
  ],
  "test_errors": [
    121.26955946303127,
    113.78811250664904,
    111.48748807599746,
    110.39599662115448,
    108.51814753588613,
    106.55831649411164,
    104.67709495729609,
    103.08721939399265,
    102.77478970644877,
    101.31417139632613,
    100.27576862860677,
    99.65009761954735,
    100.46392798206269,
    99.6565313213394,
    98.68886649283456,
    98.91981992995899,
    98.64091518952195,
    99.53454893102382,
    99.42056744689442,
    99.39102895457277,
    99.39102895457277,
    99.39102895457277,
    99.39102895457277,
    99.39102895457277,
    99.39102895457277,
    99.39102895457277,
    99.39102895457277,
    99.39102895457277,
    99.39102895457277,
    99.39102895457277,
    99.39102895457277,
    99.39102895457277,
    99.39102895457277,
    99.39102895457277,
    99.39102895457277,
    99.39102895457277,
    99.39102895457277,
    99.39102895457277,
    99.39102895457277,
    99.39102895457277,
    99.39102895457277,
    99.39102895457277,
    99.39102895457277,
    99.39102895457277,
    99.39102895457277,
    99.39102895457277,
    99.39102895457277,
    99.39102895457277,
    99.39102895457277,
    99.39102895457277,
    99.39102895457277,
    99.39102895457277,
    99.39102895457277,
    99.39102895457277,
    99.39102895457277,
    99.39102895457277,
    99.39102895457277,
    99.39102895457277,
    99.39102895457277,
    99.39102895457277,
    99.39102895457277,
    99.39102895457277,
    99.39102895457277,
    99.39102895457277,
    99.39102895457277,
    99.39102895457277,
    99.39102895457277,
    99.39102895457277,
    99.39102895457277,
    99.39102895457277,
    99.39102895457277,
    99.39102895457277,
    99.39102895457277,
    99.39102895457277,
    99.39102895457277,
    99.39102895457277,
    99.39102895457277,
    99.39102895457277,
    99.39102895457277,
    99.39102895457277,
    99.39102895457277,
    99.39102895457277,
    99.39102895457277,
    99.39102895457277,
    99.39102895457277,
    99.39102895457277,
    99.39102895457277,
    99.39102895457277,
    99.39102895457277,
    99.39102895457277,
    99.39102895457277,
    99.39102895457277,
    99.39102895457277,
    99.39102895457277,
    99.39102895457277,
    99.39102895457277,
    99.39102895457277,
    99.39102895457277,
    99.39102895457277,
    99.39102895457277
  ]
}
