{
  "timings": [
    1738780640.946688,
    1738780642.5594473,
    1738780646.4031763,
    1738780652.6219609,
    1738780660.252613,
    1738780669.0608845,
    1738780678.9337687,
    1738780690.2214584,
    1738780702.3758974,
    1738780715.1004255,
    1738780729.0106761,
    1738780743.3527339,
    1738780758.8347325,
    1738780775.2375917,
    1738780793.2340393,
    1738780811.7859604,
    1738780830.9440298,
    1738780852.858204,
    1738780873.2455013,
    1738780893.8094969,
    1738780914.1044674,
    1738780935.4421866,
    1738780956.7875366,
    1738780978.2509499,
    1738780999.7602847,
    1738781021.4435225,
    1738781043.153481,
    1738781064.8881748,
    1738781086.4457347,
    1738781108.0102448,
    1738781129.7385983,
    1738781151.4377577,
    1738781173.0252347,
    1738781194.664119,
    1738781216.3404975,
    1738781237.935415,
    1738781259.6639562,
    1738781281.1806977,
    1738781302.7822168,
    1738781324.410209,
    1738781345.9852045,
    1738781367.770488,
    1738781389.3931274,
    1738781411.1843958,
    1738781432.903766,
    1738781454.7667313,
    1738781476.454058,
    1738781498.075878,
    1738781519.6605155,
    1738781541.4038837,
    1738781563.043003,
    1738781584.5265925,
    1738781606.0893369,
    1738781627.6269298,
    1738781649.3684092,
    1738781670.9239006,
    1738781692.4778008,
    1738781714.2710147,
    1738781735.9607792,
    1738781757.6396089,
    1738781779.3060837,
    1738781801.0907562,
    1738781822.7862618,
    1738781844.4888659,
    1738781866.2110915,
    1738781888.0650806,
    1738781909.8283055,
    1738781931.7374465,
    1738781953.5018265,
    1738781975.1464453,
    1738781996.890546,
    1738782018.5771787,
    1738782040.431375,
    1738782061.9804106,
    1738782083.5158544,
    1738782105.180237,
    1738782126.8952816,
    1738782148.6119184,
    1738782170.2556903,
    1738782192.0123177,
    1738782213.5331287,
    1738782235.2932785,
    1738782256.8728778,
    1738782278.6313632,
    1738782300.1645339,
    1738782321.899031,
    1738782343.4887977,
    1738782365.1508536,
    1738782386.8158023,
    1738782408.5364268,
    1738782430.1597607,
    1738782451.7440524,
    1738782473.3421328,
    1738782495.003627,
    1738782516.8245559,
    1738782538.3508732,
    1738782559.9091556,
    1738782581.6727114,
    1738782603.2534077,
    1738782624.9815388
  ],
  "val_errors": [
    115.9493476886221,
    108.69795330614342,
    103.54499902981595,
    99.80948844700319,
    98.79485383779686,
    98.0141061187133,
    97.37970046125855,
    96.44750785721014,
    95.24101141996297,
    95.10887880296943,
    94.92461076712759,
    94.85998818624745,
    94.518383284647,
    94.52318874248706,
    94.28532641757401,
    94.14253039409704,
    95.02058730708579,
    94.79246920086113,
    95.3625038605372,
    95.80099108896253,
    95.78096032872465,
    95.41315013397079,
    95.47965350814886,
    95.1646171351303,
    95.1646171351303,
    95.1646171351303,
    95.1646171351303,
    95.1646171351303,
    95.1646171351303,
    95.1646171351303,
    95.1646171351303,
    95.1646171351303,
    95.1646171351303,
    95.1646171351303,
    95.1646171351303,
    95.1646171351303,
    95.1646171351303,
    95.1646171351303,
    95.1646171351303,
    95.1646171351303,
    95.1646171351303,
    95.1646171351303,
    95.1646171351303,
    95.1646171351303,
    95.1646171351303,
    95.1646171351303,
    95.1646171351303,
    95.1646171351303,
    95.1646171351303,
    95.1646171351303,
    95.1646171351303,
    95.1646171351303,
    95.1646171351303,
    95.1646171351303,
    95.1646171351303,
    95.1646171351303,
    95.1646171351303,
    95.1646171351303,
    95.1646171351303,
    95.1646171351303,
    95.1646171351303,
    95.1646171351303,
    95.1646171351303,
    95.1646171351303,
    95.1646171351303,
    95.1646171351303,
    95.1646171351303,
    95.1646171351303,
    95.1646171351303,
    95.1646171351303,
    95.1646171351303,
    95.1646171351303,
    95.1646171351303,
    95.1646171351303,
    95.1646171351303,
    95.1646171351303,
    95.1646171351303,
    95.1646171351303,
    95.1646171351303,
    95.1646171351303,
    95.1646171351303,
    95.1646171351303,
    95.1646171351303,
    95.1646171351303,
    95.1646171351303,
    95.1646171351303,
    95.1646171351303,
    95.1646171351303,
    95.1646171351303,
    95.1646171351303,
    95.1646171351303,
    95.1646171351303,
    95.1646171351303,
    95.1646171351303,
    95.1646171351303,
    95.1646171351303,
    95.1646171351303,
    95.1646171351303,
    95.1646171351303,
    95.1646171351303
  ],
  "test_errors": [
    117.09029559460213,
    109.3787963738717,
    105.43000731968155,
    102.8464958576227,
    101.0809350182206,
    100.24076369488895,
    99.49053954840905,
    98.87168938215477,
    97.81144542216686,
    96.96655565210911,
    96.80096651201231,
    96.7627249076817,
    96.23840985318448,
    96.60045201393372,
    96.44889270873901,
    96.2577674212065,
    97.49850106911032,
    96.42865324256586,
    97.2241165616785,
    97.07202844296495,
    97.99630565913371,
    97.09967381357441,
    97.35151215704764,
    97.15210650399487,
    97.15210650399487,
    97.15210650399487,
    97.15210650399487,
    97.15210650399487,
    97.15210650399487,
    97.15210650399487,
    97.15210650399487,
    97.15210650399487,
    97.15210650399487,
    97.15210650399487,
    97.15210650399487,
    97.15210650399487,
    97.15210650399487,
    97.15210650399487,
    97.15210650399487,
    97.15210650399487,
    97.15210650399487,
    97.15210650399487,
    97.15210650399487,
    97.15210650399487,
    97.15210650399487,
    97.15210650399487,
    97.15210650399487,
    97.15210650399487,
    97.15210650399487,
    97.15210650399487,
    97.15210650399487,
    97.15210650399487,
    97.15210650399487,
    97.15210650399487,
    97.15210650399487,
    97.15210650399487,
    97.15210650399487,
    97.15210650399487,
    97.15210650399487,
    97.15210650399487,
    97.15210650399487,
    97.15210650399487,
    97.15210650399487,
    97.15210650399487,
    97.15210650399487,
    97.15210650399487,
    97.15210650399487,
    97.15210650399487,
    97.15210650399487,
    97.15210650399487,
    97.15210650399487,
    97.15210650399487,
    97.15210650399487,
    97.15210650399487,
    97.15210650399487,
    97.15210650399487,
    97.15210650399487,
    97.15210650399487,
    97.15210650399487,
    97.15210650399487,
    97.15210650399487,
    97.15210650399487,
    97.15210650399487,
    97.15210650399487,
    97.15210650399487,
    97.15210650399487,
    97.15210650399487,
    97.15210650399487,
    97.15210650399487,
    97.15210650399487,
    97.15210650399487,
    97.15210650399487,
    97.15210650399487,
    97.15210650399487,
    97.15210650399487,
    97.15210650399487,
    97.15210650399487,
    97.15210650399487,
    97.15210650399487,
    97.15210650399487
  ]
}
