{
  "timings": [
    1738786287.218018,
    1738786289.0641434,
    1738786293.0184586,
    1738786298.1110203,
    1738786304.5831425,
    1738786311.8891807,
    1738786320.5673554,
    1738786330.1425161,
    1738786340.7977474,
    1738786352.60833,
    1738786365.515559,
    1738786378.7426677,
    1738786393.914488,
    1738786409.5766559,
    1738786425.9005253,
    1738786444.399417,
    1738786462.443241,
    1738786480.1076381,
    1738786498.9640296,
    1738786517.3864522,
    1738786537.9483223,
    1738786558.3726554,
    1738786579.0090117,
    1738786599.7782576,
    1738786620.7080042,
    1738786641.379803,
    1738786662.0903106,
    1738786682.8648355,
    1738786703.4655077,
    1738786724.3600209,
    1738786745.189388,
    1738786765.8068757,
    1738786786.5768604,
    1738786807.1753483,
    1738786827.902001,
    1738786848.719222,
    1738786869.3884249,
    1738786890.095436,
    1738786910.7788293,
    1738786931.3254898,
    1738786952.1769466,
    1738786972.992277,
    1738786993.6946652,
    1738787014.4419715,
    1738787035.1888652,
    1738787056.004413,
    1738787076.6585803,
    1738787097.4054637,
    1738787117.9708962,
    1738787138.6210318,
    1738787159.2828946,
    1738787180.0744834,
    1738787200.7244935,
    1738787221.4626806,
    1738787242.1089969,
    1738787262.8210647,
    1738787283.6730018,
    1738787304.496015,
    1738787325.135563,
    1738787345.8504872,
    1738787366.523681,
    1738787387.3802965,
    1738787408.0587897,
    1738787428.9938846,
    1738787449.758588,
    1738787470.3635318,
    1738787491.0551891,
    1738787511.95595,
    1738787532.6017182,
    1738787553.2425442,
    1738787573.8989115,
    1738787594.6592824,
    1738787615.3665478,
    1738787636.1239743,
    1738787656.8425994,
    1738787677.5590975,
    1738787698.2104065,
    1738787718.9252431,
    1738787739.7854335,
    1738787760.412654,
    1738787781.127916,
    1738787801.9095922,
    1738787822.6554017,
    1738787843.2525294,
    1738787863.8139665,
    1738787884.499156,
    1738787905.2266104,
    1738787925.8949544,
    1738787946.5064917,
    1738787967.063975,
    1738787987.73147,
    1738788008.4035134,
    1738788028.995562,
    1738788049.8234625,
    1738788070.6106808,
    1738788091.4697378,
    1738788112.1368413,
    1738788132.7704155,
    1738788153.6365132,
    1738788174.298138
  ],
  "val_errors": [
    116.54231777627477,
    110.47941499168583,
    106.12792047144706,
    104.68901201084613,
    103.0784859437949,
    102.54051862752351,
    101.96499461469507,
    101.57700248426436,
    101.43194944030816,
    100.80752977919853,
    99.88289490146255,
    99.09751360552829,
    97.62875610953171,
    96.47561092063142,
    96.42204039354212,
    95.64731535653816,
    95.46056031150297,
    95.23065772215205,
    95.11401152749968,
    95.31199700980366,
    94.42506281081027,
    94.38964577694372,
    94.44399893692805,
    94.59198990852035,
    94.59198990852035,
    94.59198990852035,
    94.59198990852035,
    94.59198990852035,
    94.59198990852035,
    94.59198990852035,
    94.59198990852035,
    94.59198990852035,
    94.59198990852035,
    94.59198990852035,
    94.59198990852035,
    94.59198990852035,
    94.59198990852035,
    94.59198990852035,
    94.59198990852035,
    94.59198990852035,
    94.59198990852035,
    94.59198990852035,
    94.59198990852035,
    94.59198990852035,
    94.59198990852035,
    94.59198990852035,
    94.59198990852035,
    94.59198990852035,
    94.59198990852035,
    94.59198990852035,
    94.59198990852035,
    94.59198990852035,
    94.59198990852035,
    94.59198990852035,
    94.59198990852035,
    94.59198990852035,
    94.59198990852035,
    94.59198990852035,
    94.59198990852035,
    94.59198990852035,
    94.59198990852035,
    94.59198990852035,
    94.59198990852035,
    94.59198990852035,
    94.59198990852035,
    94.59198990852035,
    94.59198990852035,
    94.59198990852035,
    94.59198990852035,
    94.59198990852035,
    94.59198990852035,
    94.59198990852035,
    94.59198990852035,
    94.59198990852035,
    94.59198990852035,
    94.59198990852035,
    94.59198990852035,
    94.59198990852035,
    94.59198990852035,
    94.59198990852035,
    94.59198990852035,
    94.59198990852035,
    94.59198990852035,
    94.59198990852035,
    94.59198990852035,
    94.59198990852035,
    94.59198990852035,
    94.59198990852035,
    94.59198990852035,
    94.59198990852035,
    94.59198990852035,
    94.59198990852035,
    94.59198990852035,
    94.59198990852035,
    94.59198990852035,
    94.59198990852035,
    94.59198990852035,
    94.59198990852035,
    94.59198990852035,
    94.59198990852035
  ],
  "test_errors": [
    122.77049894229707,
    116.1665668100904,
    111.81472169276121,
    109.30964691789922,
    107.78976478163568,
    107.51500068438405,
    106.86616950343075,
    107.03238390330695,
    106.8807358571818,
    106.9889826316208,
    105.99989850510161,
    104.53403326497435,
    102.60326749481406,
    101.56998352429063,
    102.17386627178718,
    100.60844653448841,
    100.00852737248123,
    100.14332054224529,
    99.87943117068563,
    99.72454000991036,
    99.20703331620437,
    98.97970537068048,
    98.22031879991923,
    98.41986116333685,
    98.41986116333685,
    98.41986116333685,
    98.41986116333685,
    98.41986116333685,
    98.41986116333685,
    98.41986116333685,
    98.41986116333685,
    98.41986116333685,
    98.41986116333685,
    98.41986116333685,
    98.41986116333685,
    98.41986116333685,
    98.41986116333685,
    98.41986116333685,
    98.41986116333685,
    98.41986116333685,
    98.41986116333685,
    98.41986116333685,
    98.41986116333685,
    98.41986116333685,
    98.41986116333685,
    98.41986116333685,
    98.41986116333685,
    98.41986116333685,
    98.41986116333685,
    98.41986116333685,
    98.41986116333685,
    98.41986116333685,
    98.41986116333685,
    98.41986116333685,
    98.41986116333685,
    98.41986116333685,
    98.41986116333685,
    98.41986116333685,
    98.41986116333685,
    98.41986116333685,
    98.41986116333685,
    98.41986116333685,
    98.41986116333685,
    98.41986116333685,
    98.41986116333685,
    98.41986116333685,
    98.41986116333685,
    98.41986116333685,
    98.41986116333685,
    98.41986116333685,
    98.41986116333685,
    98.41986116333685,
    98.41986116333685,
    98.41986116333685,
    98.41986116333685,
    98.41986116333685,
    98.41986116333685,
    98.41986116333685,
    98.41986116333685,
    98.41986116333685,
    98.41986116333685,
    98.41986116333685,
    98.41986116333685,
    98.41986116333685,
    98.41986116333685,
    98.41986116333685,
    98.41986116333685,
    98.41986116333685,
    98.41986116333685,
    98.41986116333685,
    98.41986116333685,
    98.41986116333685,
    98.41986116333685,
    98.41986116333685,
    98.41986116333685,
    98.41986116333685,
    98.41986116333685,
    98.41986116333685,
    98.41986116333685,
    98.41986116333685
  ]
}