{
  "timings": [
    1738903135.695432,
    1738903137.4050984,
    1738903143.229546,
    1738903151.1699219,
    1738903161.61777,
    1738903173.1335762,
    1738903185.637139,
    1738903199.878404,
    1738903216.2670233,
    1738903234.396621,
    1738903253.620004,
    1738903274.7235923,
    1738903297.4556992,
    1738903324.4849584,
    1738903352.4234238,
    1738903380.399842,
    1738903409.518735,
    1738903438.8100739,
    1738903469.5746791,
    1738903500.2116005,
    1738903531.039665,
    1738903561.675821,
    1738903592.3662102,
    1738903623.041402,
    1738903653.7311318,
    1738903684.4311182,
    1738903715.176137,
    1738903745.7965317,
    1738903776.613572,
    1738903807.2966464,
    1738903838.0108938,
    1738903868.8460734,
    1738903899.542704,
    1738903930.328573,
    1738903961.0788743,
    1738903991.7799695,
    1738904022.448741,
    1738904053.2657077,
    1738904083.999596,
    1738904114.6765049,
    1738904145.372658,
    1738904176.0115747,
    1738904206.782895,
    1738904237.5529716,
    1738904268.3359365,
    1738904298.8908384,
    1738904329.6644714,
    1738904360.4346793,
    1738904391.115634,
    1738904421.994828,
    1738904452.8305376,
    1738904483.3856432,
    1738904514.0184212,
    1738904544.524259,
    1738904575.167886,
    1738904605.757713,
    1738904636.4799955,
    1738904667.164874,
    1738904697.7708862,
    1738904728.297034,
    1738904759.041212,
    1738904789.6340446,
    1738904820.348237,
    1738904851.0060651,
    1738904881.5951695,
    1738904912.258389,
    1738904942.8555992,
    1738904973.6191285,
    1738905004.310327,
    1738905034.9892771,
    1738905065.6845777,
    1738905096.2952561,
    1738905127.206809,
    1738905157.8635163,
    1738905188.5234976,
    1738905219.2395484,
    1738905249.8596244,
    1738905280.7427232,
    1738905311.406539,
    1738905342.21892,
    1738905372.9064395,
    1738905403.5939498,
    1738905434.2220814,
    1738905464.8638754,
    1738905495.522253,
    1738905526.4599981,
    1738905557.236921,
    1738905587.8125181,
    1738905618.503276,
    1738905649.17576,
    1738905680.012202,
    1738905710.8589594,
    1738905741.63103,
    1738905772.453836,
    1738905803.1895487,
    1738905834.175317,
    1738905864.8539603,
    1738905895.503641,
    1738905926.2112138,
    1738905956.944922
  ],
  "val_errors": [
    117.75009099637049,
    111.90377469131447,
    107.48948626187915,
    103.83197724509647,
    101.71815602429494,
    100.47033496928553,
    99.42971365606988,
    99.27301462510947,
    98.5146637734074,
    98.46085545632008,
    97.31834816369174,
    97.18024098909355,
    96.45296119381993,
    95.4973426447464,
    95.22370041179458,
    95.66828880910062,
    95.59632819435161,
    95.42400313512042,
    95.5575049057828,
    95.61256531210518,
    95.61256531210518,
    95.61256531210518,
    95.61256531210518,
    95.61256531210518,
    95.61256531210518,
    95.61256531210518,
    95.61256531210518,
    95.61256531210518,
    95.61256531210518,
    95.61256531210518,
    95.61256531210518,
    95.61256531210518,
    95.61256531210518,
    95.61256531210518,
    95.61256531210518,
    95.61256531210518,
    95.61256531210518,
    95.61256531210518,
    95.61256531210518,
    95.61256531210518,
    95.61256531210518,
    95.61256531210518,
    95.61256531210518,
    95.61256531210518,
    95.61256531210518,
    95.61256531210518,
    95.61256531210518,
    95.61256531210518,
    95.61256531210518,
    95.61256531210518,
    95.61256531210518,
    95.61256531210518,
    95.61256531210518,
    95.61256531210518,
    95.61256531210518,
    95.61256531210518,
    95.61256531210518,
    95.61256531210518,
    95.61256531210518,
    95.61256531210518,
    95.61256531210518,
    95.61256531210518,
    95.61256531210518,
    95.61256531210518,
    95.61256531210518,
    95.61256531210518,
    95.61256531210518,
    95.61256531210518,
    95.61256531210518,
    95.61256531210518,
    95.61256531210518,
    95.61256531210518,
    95.61256531210518,
    95.61256531210518,
    95.61256531210518,
    95.61256531210518,
    95.61256531210518,
    95.61256531210518,
    95.61256531210518,
    95.61256531210518,
    95.61256531210518,
    95.61256531210518,
    95.61256531210518,
    95.61256531210518,
    95.61256531210518,
    95.61256531210518,
    95.61256531210518,
    95.61256531210518,
    95.61256531210518,
    95.61256531210518,
    95.61256531210518,
    95.61256531210518,
    95.61256531210518,
    95.61256531210518,
    95.61256531210518,
    95.61256531210518,
    95.61256531210518,
    95.61256531210518,
    95.61256531210518,
    95.61256531210518
  ],
  "test_errors": [
    120.6549355349756,
    113.85080878891395,
    109.82638242276248,
    106.27444023914435,
    104.22708930084627,
    103.86011368211548,
    102.68368670262791,
    102.48821969092022,
    101.36043210543227,
    100.58359145960881,
    99.32546355157989,
    98.18662087512395,
    98.20522543174457,
    97.87124703766456,
    97.45473339948805,
    97.4496513073852,
    97.6271630256215,
    97.64226396763975,
    97.75709000159259,
    97.85796146223734,
    97.85796146223734,
    97.85796146223734,
    97.85796146223734,
    97.85796146223734,
    97.85796146223734,
    97.85796146223734,
    97.85796146223734,
    97.85796146223734,
    97.85796146223734,
    97.85796146223734,
    97.85796146223734,
    97.85796146223734,
    97.85796146223734,
    97.85796146223734,
    97.85796146223734,
    97.85796146223734,
    97.85796146223734,
    97.85796146223734,
    97.85796146223734,
    97.85796146223734,
    97.85796146223734,
    97.85796146223734,
    97.85796146223734,
    97.85796146223734,
    97.85796146223734,
    97.85796146223734,
    97.85796146223734,
    97.85796146223734,
    97.85796146223734,
    97.85796146223734,
    97.85796146223734,
    97.85796146223734,
    97.85796146223734,
    97.85796146223734,
    97.85796146223734,
    97.85796146223734,
    97.85796146223734,
    97.85796146223734,
    97.85796146223734,
    97.85796146223734,
    97.85796146223734,
    97.85796146223734,
    97.85796146223734,
    97.85796146223734,
    97.85796146223734,
    97.85796146223734,
    97.85796146223734,
    97.85796146223734,
    97.85796146223734,
    97.85796146223734,
    97.85796146223734,
    97.85796146223734,
    97.85796146223734,
    97.85796146223734,
    97.85796146223734,
    97.85796146223734,
    97.85796146223734,
    97.85796146223734,
    97.85796146223734,
    97.85796146223734,
    97.85796146223734,
    97.85796146223734,
    97.85796146223734,
    97.85796146223734,
    97.85796146223734,
    97.85796146223734,
    97.85796146223734,
    97.85796146223734,
    97.85796146223734,
    97.85796146223734,
    97.85796146223734,
    97.85796146223734,
    97.85796146223734,
    97.85796146223734,
    97.85796146223734,
    97.85796146223734,
    97.85796146223734,
    97.85796146223734,
    97.85796146223734,
    97.85796146223734
  ]
}
