{
  "timings": [
    1738886548.5535345,
    1738886550.177697,
    1738886554.2506254,
    1738886560.1044316,
    1738886567.4281447,
    1738886575.7746987,
    1738886584.3673968,
    1738886593.7275665,
    1738886604.0080209,
    1738886616.4916356,
    1738886629.6468768,
    1738886643.4424999,
    1738886657.7415545,
    1738886673.5816336,
    1738886690.103959,
    1738886706.6381261,
    1738886725.3194256,
    1738886745.5890448,
    1738886767.5856526,
    1738886791.752286,
    1738886815.3284965,
    1738886840.5392325,
    1738886864.82298,
    1738886890.1597512,
    1738886915.3841147,
    1738886940.6635458,
    1738886965.9217331,
    1738886991.3466568,
    1738887016.6227095,
    1738887041.948247,
    1738887067.1639981,
    1738887092.5461693,
    1738887117.8253932,
    1738887143.1617794,
    1738887168.4931955,
    1738887193.7753067,
    1738887219.247308,
    1738887244.5152988,
    1738887269.849434,
    1738887295.2727494,
    1738887320.6652265,
    1738887346.0005827,
    1738887371.301948,
    1738887396.5585363,
    1738887421.9279408,
    1738887447.1446989,
    1738887472.5019722,
    1738887497.886011,
    1738887523.208033,
    1738887548.4615629,
    1738887573.6469643,
    1738887598.8558345,
    1738887624.147838,
    1738887649.4804351,
    1738887674.9785435,
    1738887700.3642468,
    1738887725.69675,
    1738887751.0663233,
    1738887776.423406,
    1738887801.735515,
    1738887827.0576317,
    1738887852.4403284,
    1738887877.971952,
    1738887903.3286343,
    1738887928.7203743,
    1738887954.010701,
    1738887979.4491134,
    1738888004.7029781,
    1738888029.8337932,
    1738888055.397118,
    1738888080.9001007,
    1738888106.3467715,
    1738888131.6087306,
    1738888156.848731,
    1738888182.0926883,
    1738888207.4411106,
    1738888232.7682967,
    1738888258.2681038,
    1738888283.738556,
    1738888309.070163,
    1738888334.2387037,
    1738888359.523431,
    1738888384.835127,
    1738888410.095778,
    1738888435.299722,
    1738888460.432003,
    1738888485.5809176,
    1738888510.7652557,
    1738888536.0549886,
    1738888561.253234,
    1738888586.5515263,
    1738888611.8354762,
    1738888637.3986104,
    1738888663.0448074,
    1738888689.1861522,
    1738888715.4081666,
    1738888741.7493155,
    1738888767.583647,
    1738888794.116461,
    1738888820.233487
  ],
  "val_errors": [
    117.37096600948152,
    109.81588702028544,
    107.09158394330194,
    105.14457252929273,
    104.48982556891636,
    103.46672539241112,
    102.1550952955538,
    101.30057975434703,
    100.50097364817606,
    99.63668065782774,
    98.74307386171047,
    98.76857434867766,
    98.63098684914603,
    97.66823879355334,
    97.18687659919922,
    97.12159135321392,
    97.15570933429417,
    96.65066538724201,
    96.4603271498235,
    96.46081828650863,
    96.39393696086974,
    96.24237721987788,
    96.53272902477977,
    96.12156583521566,
    96.12132860582336,
    96.12132860582336,
    96.12132860582336,
    96.12132860582336,
    96.12132860582336,
    96.12132860582336,
    96.12132860582336,
    96.12132860582336,
    96.12132860582336,
    96.12132860582336,
    96.12132860582336,
    96.12132860582336,
    96.12132860582336,
    96.12132860582336,
    96.12132860582336,
    96.12132860582336,
    96.12132860582336,
    96.12132860582336,
    96.12132860582336,
    96.12132860582336,
    96.12132860582336,
    96.12132860582336,
    96.12132860582336,
    96.12132860582336,
    96.12132860582336,
    96.12132860582336,
    96.12132860582336,
    96.12132860582336,
    96.12132860582336,
    96.12132860582336,
    96.12132860582336,
    96.12132860582336,
    96.12132860582336,
    96.12132860582336,
    96.12132860582336,
    96.12132860582336,
    96.12132860582336,
    96.12132860582336,
    96.12132860582336,
    96.12132860582336,
    96.12132860582336,
    96.12132860582336,
    96.12132860582336,
    96.12132860582336,
    96.12132860582336,
    96.12132860582336,
    96.12132860582336,
    96.12132860582336,
    96.12132860582336,
    96.12132860582336,
    96.12132860582336,
    96.12132860582336,
    96.12132860582336,
    96.12132860582336,
    96.12132860582336,
    96.12132860582336,
    96.12132860582336,
    96.12132860582336,
    96.12132860582336,
    96.12132860582336,
    96.12132860582336,
    96.12132860582336,
    96.12132860582336,
    96.12132860582336,
    96.12132860582336,
    96.12132860582336,
    96.12132860582336,
    96.12132860582336,
    96.12132860582336,
    96.12132860582336,
    96.12132860582336,
    96.12132860582336,
    96.12132860582336,
    96.12132860582336,
    96.12132860582336,
    96.12132860582336
  ],
  "test_errors": [
    116.60153127268289,
    109.73092361689427,
    106.17851226092533,
    104.19744834374063,
    103.51385365529379,
    102.55521760203932,
    101.54777233421405,
    100.38523096247272,
    99.06197945727094,
    97.48365607874675,
    97.41692485471239,
    97.14292137131802,
    97.54163864042675,
    96.5349595173122,
    96.40923099972971,
    96.11259986001055,
    96.61094450250106,
    95.93284091830408,
    96.5171182626639,
    95.62510806964102,
    95.83404830463728,
    95.80009879264671,
    96.17875871359473,
    95.59845606919276,
    95.61529684385276,
    95.61529684385276,
    95.61529684385276,
    95.61529684385276,
    95.61529684385276,
    95.61529684385276,
    95.61529684385276,
    95.61529684385276,
    95.61529684385276,
    95.61529684385276,
    95.61529684385276,
    95.61529684385276,
    95.61529684385276,
    95.61529684385276,
    95.61529684385276,
    95.61529684385276,
    95.61529684385276,
    95.61529684385276,
    95.61529684385276,
    95.61529684385276,
    95.61529684385276,
    95.61529684385276,
    95.61529684385276,
    95.61529684385276,
    95.61529684385276,
    95.61529684385276,
    95.61529684385276,
    95.61529684385276,
    95.61529684385276,
    95.61529684385276,
    95.61529684385276,
    95.61529684385276,
    95.61529684385276,
    95.61529684385276,
    95.61529684385276,
    95.61529684385276,
    95.61529684385276,
    95.61529684385276,
    95.61529684385276,
    95.61529684385276,
    95.61529684385276,
    95.61529684385276,
    95.61529684385276,
    95.61529684385276,
    95.61529684385276,
    95.61529684385276,
    95.61529684385276,
    95.61529684385276,
    95.61529684385276,
    95.61529684385276,
    95.61529684385276,
    95.61529684385276,
    95.61529684385276,
    95.61529684385276,
    95.61529684385276,
    95.61529684385276,
    95.61529684385276,
    95.61529684385276,
    95.61529684385276,
    95.61529684385276,
    95.61529684385276,
    95.61529684385276,
    95.61529684385276,
    95.61529684385276,
    95.61529684385276,
    95.61529684385276,
    95.61529684385276,
    95.61529684385276,
    95.61529684385276,
    95.61529684385276,
    95.61529684385276,
    95.61529684385276,
    95.61529684385276,
    95.61529684385276,
    95.61529684385276,
    95.61529684385276
  ]
}
