{
  "timings": [
    1738795638.4081113,
    1738795640.0420368,
    1738795644.2261117,
    1738795649.6472144,
    1738795657.6011074,
    1738795666.1967378,
    1738795675.9496734,
    1738795686.1140528,
    1738795696.757755,
    1738795708.0222046,
    1738795720.2822962,
    1738795732.7939978,
    1738795746.0477161,
    1738795759.9150789,
    1738795774.7853932,
    1738795789.958154,
    1738795805.906334,
    1738795822.4155142,
    1738795839.2863455,
    1738795855.725341,
    1738795872.0909336,
    1738795888.532934,
    1738795904.9490254,
    1738795921.385024,
    1738795937.8251069,
    1738795954.2634718,
    1738795970.7214851,
    1738795987.1877217,
    1738796003.5437477,
    1738796020.058037,
    1738796036.557645,
    1738796052.9694457,
    1738796069.4320257,
    1738796085.8410785,
    1738796102.3316205,
    1738796118.7918143,
    1738796135.2535005,
    1738796151.6373978,
    1738796168.074862,
    1738796184.5410562,
    1738796201.1111643,
    1738796217.5907362,
    1738796234.1187704,
    1738796250.588435,
    1738796266.9942756,
    1738796283.4242704,
    1738796299.8867354,
    1738796316.4294646,
    1738796332.8497894,
    1738796349.2085428,
    1738796365.6286922,
    1738796382.015186,
    1738796398.435163,
    1738796414.8456714,
    1738796431.1414979,
    1738796447.5004075,
    1738796463.8054338,
    1738796480.099987,
    1738796496.4884431,
    1738796512.9352322,
    1738796529.4087672,
    1738796545.7805293,
    1738796562.211694,
    1738796578.7056391,
    1738796595.1380546,
    1738796611.6251073,
    1738796627.96535,
    1738796644.3715875,
    1738796660.7594516,
    1738796677.1999702,
    1738796693.6158757,
    1738796710.0943608,
    1738796726.5675437,
    1738796743.0806441,
    1738796759.494441,
    1738796775.9794586,
    1738796792.418261,
    1738796808.8803527,
    1738796825.2670913,
    1738796841.5522306,
    1738796857.877521,
    1738796874.2357206,
    1738796890.673639,
    1738796907.1607015,
    1738796923.5917711,
    1738796939.9144685,
    1738796956.3018503,
    1738796972.6301708,
    1738796989.0511425,
    1738797005.5162222,
    1738797021.920045,
    1738797038.2461863,
    1738797054.5810113,
    1738797070.9735534,
    1738797087.3732421,
    1738797103.8183212,
    1738797120.1922443,
    1738797136.4635553,
    1738797152.9155571,
    1738797169.3994336
  ],
  "val_errors": [
    115.95507958551691,
    108.49167514844241,
    102.84204880029773,
    99.19794443286422,
    96.75553929972268,
    95.86724495315073,
    94.99462056177698,
    94.7702380281544,
    95.01252543741519,
    94.96602699739582,
    94.400579825345,
    94.74873864428149,
    95.2435017384123,
    95.72903534258337,
    94.9292145302762,
    94.56631784948394,
    94.29622799441641,
    93.84091763684617,
    93.79832421351071,
    94.01822950415234,
    94.01822950415234,
    94.01822950415234,
    94.01822950415234,
    94.01822950415234,
    94.01822950415234,
    94.01822950415234,
    94.01822950415234,
    94.01822950415234,
    94.01822950415234,
    94.01822950415234,
    94.01822950415234,
    94.01822950415234,
    94.01822950415234,
    94.01822950415234,
    94.01822950415234,
    94.01822950415234,
    94.01822950415234,
    94.01822950415234,
    94.01822950415234,
    94.01822950415234,
    94.01822950415234,
    94.01822950415234,
    94.01822950415234,
    94.01822950415234,
    94.01822950415234,
    94.01822950415234,
    94.01822950415234,
    94.01822950415234,
    94.01822950415234,
    94.01822950415234,
    94.01822950415234,
    94.01822950415234,
    94.01822950415234,
    94.01822950415234,
    94.01822950415234,
    94.01822950415234,
    94.01822950415234,
    94.01822950415234,
    94.01822950415234,
    94.01822950415234,
    94.01822950415234,
    94.01822950415234,
    94.01822950415234,
    94.01822950415234,
    94.01822950415234,
    94.01822950415234,
    94.01822950415234,
    94.01822950415234,
    94.01822950415234,
    94.01822950415234,
    94.01822950415234,
    94.01822950415234,
    94.01822950415234,
    94.01822950415234,
    94.01822950415234,
    94.01822950415234,
    94.01822950415234,
    94.01822950415234,
    94.01822950415234,
    94.01822950415234,
    94.01822950415234,
    94.01822950415234,
    94.01822950415234,
    94.01822950415234,
    94.01822950415234,
    94.01822950415234,
    94.01822950415234,
    94.01822950415234,
    94.01822950415234,
    94.01822950415234,
    94.01822950415234,
    94.01822950415234,
    94.01822950415234,
    94.01822950415234,
    94.01822950415234,
    94.01822950415234,
    94.01822950415234,
    94.01822950415234,
    94.01822950415234,
    94.01822950415234
  ],
  "test_errors": [
    117.36258639881045,
    110.44802034227669,
    103.69405052647963,
    100.14397558867782,
    97.35174203279185,
    96.68037881564236,
    96.01713407609857,
    96.05404076848346,
    96.58203164934696,
    96.7337678116087,
    97.25545237956227,
    97.21312207149413,
    97.70093316622432,
    97.69668894686785,
    96.252979721176,
    96.40321902555861,
    95.79888644835388,
    95.34634750938535,
    95.42305392375158,
    95.32007172200083,
    95.32007172200083,
    95.32007172200083,
    95.32007172200083,
    95.32007172200083,
    95.32007172200083,
    95.32007172200083,
    95.32007172200083,
    95.32007172200083,
    95.32007172200083,
    95.32007172200083,
    95.32007172200083,
    95.32007172200083,
    95.32007172200083,
    95.32007172200083,
    95.32007172200083,
    95.32007172200083,
    95.32007172200083,
    95.32007172200083,
    95.32007172200083,
    95.32007172200083,
    95.32007172200083,
    95.32007172200083,
    95.32007172200083,
    95.32007172200083,
    95.32007172200083,
    95.32007172200083,
    95.32007172200083,
    95.32007172200083,
    95.32007172200083,
    95.32007172200083,
    95.32007172200083,
    95.32007172200083,
    95.32007172200083,
    95.32007172200083,
    95.32007172200083,
    95.32007172200083,
    95.32007172200083,
    95.32007172200083,
    95.32007172200083,
    95.32007172200083,
    95.32007172200083,
    95.32007172200083,
    95.32007172200083,
    95.32007172200083,
    95.32007172200083,
    95.32007172200083,
    95.32007172200083,
    95.32007172200083,
    95.32007172200083,
    95.32007172200083,
    95.32007172200083,
    95.32007172200083,
    95.32007172200083,
    95.32007172200083,
    95.32007172200083,
    95.32007172200083,
    95.32007172200083,
    95.32007172200083,
    95.32007172200083,
    95.32007172200083,
    95.32007172200083,
    95.32007172200083,
    95.32007172200083,
    95.32007172200083,
    95.32007172200083,
    95.32007172200083,
    95.32007172200083,
    95.32007172200083,
    95.32007172200083,
    95.32007172200083,
    95.32007172200083,
    95.32007172200083,
    95.32007172200083,
    95.32007172200083,
    95.32007172200083,
    95.32007172200083,
    95.32007172200083,
    95.32007172200083,
    95.32007172200083,
    95.32007172200083
  ]
}