{
  "timings": [
    1738792055.0564706,
    1738792056.69951,
    1738792061.8977115,
    1738792069.2917652,
    1738792077.921028,
    1738792087.7546706,
    1738792099.0932562,
    1738792111.572298,
    1738792125.1053264,
    1738792139.56882,
    1738792154.577514,
    1738792170.5854278,
    1738792187.4373507,
    1738792205.0997872,
    1738792223.5914514,
    1738792242.5935488,
    1738792261.6569564,
    1738792280.5793824,
    1738792299.6506276,
    1738792318.893752,
    1738792338.921117,
    1738792359.0260353,
    1738792379.2989707,
    1738792399.536319,
    1738792419.5470004,
    1738792439.6330423,
    1738792459.8160264,
    1738792479.9267206,
    1738792500.0283756,
    1738792520.1703398,
    1738792540.5285864,
    1738792560.8291318,
    1738792580.8245592,
    1738792600.9798486,
    1738792621.0582628,
    1738792641.255816,
    1738792661.495664,
    1738792681.6129367,
    1738792701.7149227,
    1738792721.9914029,
    1738792742.1234484,
    1738792762.3166823,
    1738792782.4268606,
    1738792802.4880135,
    1738792822.5721655,
    1738792842.694987,
    1738792862.893693,
    1738792883.0324657,
    1738792903.131741,
    1738792923.1778207,
    1738792943.2935343,
    1738792963.5532994,
    1738792983.86235,
    1738793003.9914346,
    1738793024.1150382,
    1738793044.3177261,
    1738793064.5742588,
    1738793084.7575257,
    1738793105.0682085,
    1738793125.4215024,
    1738793145.710879,
    1738793165.9987023,
    1738793186.2297583,
    1738793206.404645,
    1738793226.690942,
    1738793246.7658052,
    1738793266.9115522,
    1738793287.0020647,
    1738793307.195437,
    1738793327.277715,
    1738793347.360012,
    1738793367.6580791,
    1738793387.909568,
    1738793408.0174294,
    1738793428.2405748,
    1738793448.4780498,
    1738793468.6987355,
    1738793489.0962603,
    1738793509.223281,
    1738793529.3428912,
    1738793549.4913278,
    1738793569.6886342,
    1738793589.7622771,
    1738793609.979441,
    1738793630.0830238,
    1738793650.367828,
    1738793670.6120741,
    1738793690.8050427,
    1738793710.9877162,
    1738793731.2900465,
    1738793751.3477862,
    1738793771.4063,
    1738793791.3533397,
    1738793811.4257836,
    1738793831.5301096,
    1738793851.64111,
    1738793871.8061345,
    1738793891.9807801,
    1738793912.1369662,
    1738793932.3346798
  ],
  "val_errors": [
    117.75009099637049,
    108.30064941206861,
    100.35805317340697,
    98.00480925077467,
    96.50320837033397,
    95.87874559033176,
    95.59190613210264,
    95.0815791031935,
    95.14430529509657,
    94.81905768927788,
    94.60362422222683,
    94.15765374788089,
    94.3077669522344,
    93.99335420914583,
    94.44122206127722,
    94.61912665422066,
    94.72157341165965,
    95.24451783032005,
    94.29727778825841,
    94.790896507182,
    94.75224153616932,
    94.75224153616932,
    94.75224153616932,
    94.75224153616932,
    94.75224153616932,
    94.75224153616932,
    94.75224153616932,
    94.75224153616932,
    94.75224153616932,
    94.75224153616932,
    94.75224153616932,
    94.75224153616932,
    94.75224153616932,
    94.75224153616932,
    94.75224153616932,
    94.75224153616932,
    94.75224153616932,
    94.75224153616932,
    94.75224153616932,
    94.75224153616932,
    94.75224153616932,
    94.75224153616932,
    94.75224153616932,
    94.75224153616932,
    94.75224153616932,
    94.75224153616932,
    94.75224153616932,
    94.75224153616932,
    94.75224153616932,
    94.75224153616932,
    94.75224153616932,
    94.75224153616932,
    94.75224153616932,
    94.75224153616932,
    94.75224153616932,
    94.75224153616932,
    94.75224153616932,
    94.75224153616932,
    94.75224153616932,
    94.75224153616932,
    94.75224153616932,
    94.75224153616932,
    94.75224153616932,
    94.75224153616932,
    94.75224153616932,
    94.75224153616932,
    94.75224153616932,
    94.75224153616932,
    94.75224153616932,
    94.75224153616932,
    94.75224153616932,
    94.75224153616932,
    94.75224153616932,
    94.75224153616932,
    94.75224153616932,
    94.75224153616932,
    94.75224153616932,
    94.75224153616932,
    94.75224153616932,
    94.75224153616932,
    94.75224153616932,
    94.75224153616932,
    94.75224153616932,
    94.75224153616932,
    94.75224153616932,
    94.75224153616932,
    94.75224153616932,
    94.75224153616932,
    94.75224153616932,
    94.75224153616932,
    94.75224153616932,
    94.75224153616932,
    94.75224153616932,
    94.75224153616932,
    94.75224153616932,
    94.75224153616932,
    94.75224153616932,
    94.75224153616932,
    94.75224153616932,
    94.75224153616932
  ],
  "test_errors": [
    120.6549355349756,
    109.45500163490547,
    101.31033666051955,
    100.01793953745158,
    98.36156252492732,
    97.54532892076051,
    97.47741423865702,
    96.25691220162344,
    95.86899900862059,
    95.2883982327183,
    95.67365133479632,
    96.12105756329674,
    95.42884074798874,
    96.53230093385933,
    96.72889399993238,
    96.91516691091994,
    97.37665265323614,
    97.5157478826459,
    97.11051690868663,
    96.63215923006933,
    96.45626898625329,
    96.45626898625329,
    96.45626898625329,
    96.45626898625329,
    96.45626898625329,
    96.45626898625329,
    96.45626898625329,
    96.45626898625329,
    96.45626898625329,
    96.45626898625329,
    96.45626898625329,
    96.45626898625329,
    96.45626898625329,
    96.45626898625329,
    96.45626898625329,
    96.45626898625329,
    96.45626898625329,
    96.45626898625329,
    96.45626898625329,
    96.45626898625329,
    96.45626898625329,
    96.45626898625329,
    96.45626898625329,
    96.45626898625329,
    96.45626898625329,
    96.45626898625329,
    96.45626898625329,
    96.45626898625329,
    96.45626898625329,
    96.45626898625329,
    96.45626898625329,
    96.45626898625329,
    96.45626898625329,
    96.45626898625329,
    96.45626898625329,
    96.45626898625329,
    96.45626898625329,
    96.45626898625329,
    96.45626898625329,
    96.45626898625329,
    96.45626898625329,
    96.45626898625329,
    96.45626898625329,
    96.45626898625329,
    96.45626898625329,
    96.45626898625329,
    96.45626898625329,
    96.45626898625329,
    96.45626898625329,
    96.45626898625329,
    96.45626898625329,
    96.45626898625329,
    96.45626898625329,
    96.45626898625329,
    96.45626898625329,
    96.45626898625329,
    96.45626898625329,
    96.45626898625329,
    96.45626898625329,
    96.45626898625329,
    96.45626898625329,
    96.45626898625329,
    96.45626898625329,
    96.45626898625329,
    96.45626898625329,
    96.45626898625329,
    96.45626898625329,
    96.45626898625329,
    96.45626898625329,
    96.45626898625329,
    96.45626898625329,
    96.45626898625329,
    96.45626898625329,
    96.45626898625329,
    96.45626898625329,
    96.45626898625329,
    96.45626898625329,
    96.45626898625329,
    96.45626898625329,
    96.45626898625329
  ]
}
