{
  "timings": [
    1738737528.1024997,
    1738737529.7382073,
    1738737531.5057974,
    1738737533.254776,
    1738737535.0573485,
    1738737536.9699955,
    1738737538.8331604,
    1738737540.7479627,
    1738737542.67904,
    1738737544.61125,
    1738737546.6378622,
    1738737548.550241,
    1738737550.5809944,
    1738737552.781921,
    1738737555.0111818,
    1738737557.3498108,
    1738737559.6440203,
    1738737562.0779617,
    1738737564.5126472,
    1738737566.9894705,
    1738737569.5008743,
    1738737571.9426415,
    1738737574.416399,
    1738737576.8445816,
    1738737579.2917068,
    1738737581.665876,
    1738737584.1158574,
    1738737586.516336,
    1738737588.9580567,
    1738737591.364748,
    1738737593.8906434,
    1738737596.2834537,
    1738737598.7323093,
    1738737601.2114484,
    1738737603.677619,
    1738737606.1921651,
    1738737608.6373715,
    1738737611.114354,
    1738737613.542609,
    1738737616.0215495,
    1738737618.4384375,
    1738737620.9235814,
    1738737623.3630445,
    1738737625.9121637,
    1738737628.3945217,
    1738737630.8513446,
    1738737633.3534682,
    1738737635.8067644,
    1738737638.306777,
    1738737640.756676,
    1738737643.2960513,
    1738737645.769499,
    1738737648.3399596,
    1738737650.8265982,
    1738737653.343628,
    1738737655.786055,
    1738737658.2891822,
    1738737660.7293608,
    1738737663.269057,
    1738737665.7278206,
    1738737668.1896758,
    1738737670.6862962,
    1738737673.1027813,
    1738737675.6357846,
    1738737678.085823,
    1738737680.58591,
    1738737683.0451777,
    1738737685.5834796,
    1738737688.088023,
    1738737690.6529331,
    1738737693.1080985,
    1738737695.5618439,
    1738737698.099788,
    1738737700.5485415,
    1738737703.0742793,
    1738737705.5224168,
    1738737708.030696,
    1738737710.509553,
    1738737713.0734854,
    1738737715.561038,
    1738737718.0964203,
    1738737720.5599327,
    1738737722.9788024,
    1738737725.480692,
    1738737727.9247677,
    1738737730.4835486,
    1738737732.9824502,
    1738737735.5791967,
    1738737738.027492,
    1738737740.5318162,
    1738737742.9934478,
    1738737745.5408247,
    1738737748.0223854,
    1738737750.587023,
    1738737753.0316927,
    1738737755.5451553,
    1738737758.007444,
    1738737760.4369383,
    1738737762.971202,
    1738737765.4337497
  ],
  "val_errors": [
    117.37096600948152,
    110.37434281071985,
    108.90205007496438,
    107.93291310452815,
    107.97133194543237,
    107.14136391834592,
    106.3694924680284,
    105.46371498376708,
    103.35892284438437,
    102.77229495988004,
    102.1085024437898,
    101.8753372311505,
    101.80085413454573,
    101.51528061332328,
    100.67805936623647,
    100.34837787809684,
    99.94628173777767,
    99.77265920595501,
    99.90561808459105,
    100.11918679446096,
    99.95694045373702,
    99.70340160542587,
    99.43419806058938,
    99.2458151754149,
    99.40555892878716,
    99.45043396348261,
    99.61993639537633,
    99.64333293043344,
    99.82353373025313,
    99.81996766293369,
    99.78983968614362,
    99.74194209960253,
    99.34769046815939,
    99.38433867854471,
    99.55205687438016,
    99.30261900397608,
    99.30821069350424,
    99.08106633167318,
    99.15778499414728,
    99.32124266399488,
    99.04020446479927,
    99.2080403108519,
    99.20032471321056,
    99.21387337521304,
    99.07163781521719,
    99.19045992721082,
    99.38490640812532,
    99.3052858539381,
    99.22202872056239,
    99.19309888385162,
    99.20405724949669,
    99.09577389137579,
    99.25559848576185,
    98.9794942945516,
    99.20405398382835,
    99.27697855943347,
    99.08637641362711,
    99.09288604393268,
    99.11117050988858,
    99.3388746970469,
    99.10462657832483,
    99.29707626295595,
    98.61918640169456,
    99.06811987320967,
    98.90534803711654,
    99.20014401617301,
    99.3010240444964,
    98.70553723463043,
    99.03910292119208,
    98.91587807002765,
    99.1559425600679,
    99.25455388139832,
    99.17323978984928,
    99.37154507144494,
    98.98998475897287,
    99.42683947055312,
    99.38399663316622,
    99.39144162660546,
    99.11017400680787,
    99.02867046335983,
    99.15252831160093,
    99.21786435974492,
    99.36219003485246,
    99.48953620546243,
    99.56330521037385,
    99.14869715936322,
    99.06291381311766,
    99.29859204881883,
    99.41213253521339,
    99.80961526271733,
    99.62741861761846,
    99.37081443545554,
    98.99097994057914,
    99.44470969115456,
    99.32046915113531,
    99.31172023795679,
    98.94206079475606,
    99.30207583569947,
    98.9905266414414,
    99.0887195271744
  ],
  "test_errors": [
    116.60153127268289,
    109.50421849834733,
    107.76311851538065,
    107.68299736594045,
    107.59206522646107,
    107.04636492819671,
    106.78194681377778,
    105.54439536221709,
    103.8456449603832,
    103.3729456464635,
    103.124044479057,
    102.32171192064517,
    102.09210632331893,
    102.02019153093077,
    100.48513549215991,
    99.70072608787821,
    99.5413904714271,
    98.87081445663374,
    99.37927573992548,
    99.19752194508413,
    99.31877496669911,
    99.22350114433962,
    99.30397220648084,
    98.73089666413341,
    99.05984328370916,
    98.80581458579421,
    99.49251723039517,
    99.73872806265807,
    99.62106622119795,
    99.62924844729918,
    99.6528917157214,
    99.56139260482372,
    98.99819213140799,
    99.19742644223498,
    99.29486173872714,
    98.9388029373685,
    98.650846629731,
    98.68595315792722,
    98.44271515216232,
    98.81119800278668,
    98.6333422836225,
    98.8994326771374,
    98.7483519418564,
    98.91206939328862,
    98.52044937127836,
    98.7299045981691,
    98.98118375551661,
    98.59927035240781,
    98.82077772411834,
    98.89746202208596,
    98.70716916992491,
    98.5490468720531,
    98.7270050705223,
    99.06856097761825,
    98.9465364259293,
    98.84115134812498,
    98.55760210674435,
    98.42495417591812,
    98.54268505189653,
    98.88721640981926,
    98.48682680927759,
    98.70130687905136,
    98.27780247656221,
    98.6875857855155,
    98.68688122675765,
    98.97761816389598,
    98.81944347155266,
    98.09778841331932,
    98.70445980180016,
    98.53203544681959,
    99.2037665904162,
    99.02246964130698,
    98.70415690053545,
    98.9759371348481,
    98.15133689224888,
    99.34894041703318,
    99.23216149751774,
    99.13462937822054,
    98.74661234216055,
    98.60594584136072,
    98.72623500053416,
    98.99236065114751,
    99.25502968306901,
    98.75105937321916,
    99.01372937483599,
    98.76554682553106,
    98.35166296502499,
    98.82681270747129,
    99.04233036172054,
    99.0666094781021,
    99.03694045870594,
    98.95019304302384,
    98.73264247847521,
    99.14832565721562,
    98.74745835295613,
    99.02484817595145,
    98.54594182367671,
    98.98489196599374,
    98.58481030916711,
    98.85682943348456
  ]
}