{
  "timings": [
    1738736108.62136,
    1738736110.2772026,
    1738736112.022734,
    1738736113.8743858,
    1738736115.8546944,
    1738736117.7827923,
    1738736119.656405,
    1738736121.5474367,
    1738736123.51534,
    1738736125.417391,
    1738736127.3928216,
    1738736129.3641582,
    1738736131.3256147,
    1738736133.309382,
    1738736135.2679176,
    1738736137.3035088,
    1738736139.2903798,
    1738736141.26897,
    1738736143.2294128,
    1738736145.2111874,
    1738736147.1954005,
    1738736149.1824222,
    1738736151.2222722,
    1738736153.1980436,
    1738736155.1764278,
    1738736157.175783,
    1738736159.1687624,
    1738736161.1891184,
    1738736163.1691895,
    1738736165.2618852,
    1738736167.276992,
    1738736169.2707934,
    1738736171.3045464,
    1738736173.3410966,
    1738736175.3514912,
    1738736177.3681016,
    1738736179.389061,
    1738736181.4503543,
    1738736183.466933,
    1738736185.4855042,
    1738736187.5203707,
    1738736189.5185966,
    1738736191.5610712,
    1738736193.5927625,
    1738736195.6987064,
    1738736197.7259219,
    1738736199.7742128,
    1738736201.7795653,
    1738736203.8018954,
    1738736205.8045714,
    1738736207.8339224,
    1738736209.9134753,
    1738736211.914041,
    1738736213.9364371,
    1738736215.983623,
    1738736218.035595,
    1738736220.1308162,
    1738736222.2001712,
    1738736224.2949986,
    1738736226.365596,
    1738736228.4333537,
    1738736230.4682112,
    1738736232.5097733,
    1738736234.5243402,
    1738736236.5545387,
    1738736238.5493844,
    1738736240.6760066,
    1738736242.7087367,
    1738736244.708134,
    1738736246.6695728,
    1738736248.724795,
    1738736250.722883,
    1738736252.720587,
    1738736254.781378,
    1738736256.8030748,
    1738736258.7903845,
    1738736260.7791822,
    1738736262.7514384,
    1738736264.749074,
    1738736266.7499802,
    1738736268.825881,
    1738736270.8241882,
    1738736272.8412426,
    1738736274.8787313,
    1738736276.9204538,
    1738736278.9218605,
    1738736280.9330537,
    1738736283.0136805,
    1738736285.066379,
    1738736287.0894713,
    1738736289.0874689,
    1738736291.1402981,
    1738736293.1569426,
    1738736295.1687915,
    1738736297.3059275,
    1738736299.4179802,
    1738736301.5479743,
    1738736303.7613714,
    1738736305.991894,
    1738736308.22834
  ],
  "val_errors": [
    116.20878812115797,
    108.97646854825913,
    107.23111259712279,
    106.18199088090526,
    106.017236157925,
    105.81883530274219,
    105.35633000178287,
    105.04386246295373,
    104.9668427309184,
    105.29882257201112,
    105.77035703425915,
    105.81598146370617,
    105.51398288680767,
    105.60585609693102,
    105.53008986229801,
    105.83922305713234,
    105.78192691285263,
    105.69405130656526,
    105.94743917344316,
    105.65117920107555,
    105.60678257959485,
    105.43637164496617,
    105.74393544265016,
    105.91931427368887,
    106.05958635716583,
    106.0280202409195,
    106.10852451733167,
    105.79642437645,
    106.0620886575434,
    105.83847446912581,
    105.96604733943472,
    105.95872529582232,
    105.85341569283317,
    105.99820734952297,
    105.88468829557826,
    106.36818099811101,
    105.99863624730989,
    106.24203543642665,
    106.07045131953544,
    106.01930233187359,
    106.11328837346355,
    105.94240933192641,
    106.06304910578427,
    106.24873283344964,
    105.93685793451996,
    106.41362125954984,
    106.02779510557824,
    106.45398205136244,
    106.2387482250669,
    106.26763892880504,
    106.00917516419823,
    106.06514762901641,
    106.48290015592465,
    106.04918476081437,
    105.84888530617938,
    106.03746040853056,
    105.9644994804385,
    106.02519918745902,
    105.98892558862313,
    105.53770903730943,
    105.65532492839455,
    105.84511003265806,
    105.91599431756227,
    106.16039387329965,
    105.92511241429966,
    106.05676572174566,
    105.9580425925537,
    105.88971210311306,
    105.8524399997715,
    106.08152028602304,
    105.55662422717653,
    105.75503533669782,
    105.90817926189169,
    105.55154984726076,
    105.1903120881664,
    104.80514843964593,
    104.76057348431372,
    105.32577778519833,
    105.58196512893925,
    105.3376161070647,
    105.08475633384592,
    105.07712215989584,
    105.28516408091438,
    104.91257899829218,
    105.05802552258609,
    105.00041171520668,
    105.03658805669568,
    104.91069866711345,
    104.86216990215861,
    104.87188905030453,
    105.09838415115362,
    105.12989266397517,
    105.1545243280052,
    104.58211730802628,
    104.34897569715051,
    103.9856080974597,
    103.57007927453803,
    103.41366255150366,
    103.35355120809949,
    103.05426479369943
  ],
  "test_errors": [
    112.9622836253018,
    106.70617329304787,
    104.62729664812683,
    104.1274497251615,
    104.12891214472887,
    104.03439267160043,
    103.69034991099224,
    103.53308204016726,
    103.41969378824243,
    103.70621430615633,
    103.90816444416407,
    103.77747675617036,
    103.78942685049032,
    103.61566907553905,
    103.58370207052751,
    103.79084462308123,
    103.68617929904997,
    103.61850348990545,
    103.7354382311456,
    103.58143278309126,
    103.52636038890307,
    103.50087832462978,
    103.66586039339212,
    103.83823057542813,
    103.9184723707328,
    103.85331837715756,
    103.58002328089673,
    103.63698399703934,
    103.68605698470309,
    103.792564979357,
    104.02899204459385,
    104.03564560256747,
    103.91232077381353,
    103.98190569222496,
    103.83543998333371,
    104.03215438313033,
    103.78807176133498,
    103.97772816995708,
    103.94272743385112,
    103.6862184642256,
    104.0203751416717,
    103.91608553216157,
    103.7548434143113,
    104.06377897275439,
    103.68106070761074,
    103.96638415957428,
    103.90031939071109,
    104.02967340563477,
    104.00038306083705,
    103.80290852019158,
    103.77401813377881,
    103.80162298249672,
    103.87141837072639,
    103.76175842280689,
    103.66192105841621,
    103.67060774809175,
    103.63008692956629,
    103.64567746284558,
    103.81841030656999,
    103.32333470991331,
    103.4559983325653,
    103.61646199863151,
    103.6531612107961,
    103.82254732569662,
    103.6872035092834,
    103.70549896060102,
    103.75817513862718,
    103.63502719253053,
    103.45212110920711,
    103.6248635200862,
    103.0150108823561,
    103.31969525675356,
    103.62545499252865,
    103.27693959839365,
    102.91356667708605,
    102.98349446543676,
    102.7421108084367,
    102.91234065177142,
    102.83792318117081,
    102.98196643731397,
    102.59684871997266,
    102.5502953127903,
    102.77996333623804,
    102.74949968946319,
    102.7896760284869,
    102.76470895815811,
    103.220823116791,
    102.93841286740216,
    102.68981882584231,
    102.62610724718998,
    103.31235290290834,
    102.92480590106982,
    102.99139717275284,
    102.69094947063704,
    101.92847582937722,
    101.98307471051554,
    101.2534627578686,
    101.06693382258295,
    101.14131778635952,
    100.26287045993766
  ]
}
