{
  "timings": [
    1738765850.5781195,
    1738765852.4520473,
    1738765856.706175,
    1738765861.8109684,
    1738765868.0892894,
    1738765875.2388165,
    1738765883.2076783,
    1738765891.9466236,
    1738765901.6337364,
    1738765912.5631478,
    1738765925.0009556,
    1738765938.8876848,
    1738765953.6379747,
    1738765969.5074139,
    1738765986.6320758,
    1738766005.4314435,
    1738766026.8216121,
    1738766049.3658757,
    1738766073.0477312,
    1738766098.0173967,
    1738766123.7947695,
    1738766150.6180646,
    1738766177.651702,
    1738766204.799785,
    1738766231.9250207,
    1738766262.06048,
    1738766292.366063,
    1738766324.8320456,
    1738766355.4300857,
    1738766385.4724789,
    1738766417.1844509,
    1738766449.6347888,
    1738766484.8082414,
    1738766521.0118892,
    1738766557.2635765,
    1738766593.7698739,
    1738766630.2510087,
    1738766666.654145,
    1738766703.1921606,
    1738766739.9343376,
    1738766776.3650506,
    1738766812.9668941,
    1738766849.5003636,
    1738766885.8164132,
    1738766922.0968602,
    1738766958.6269722,
    1738766995.1463156,
    1738767031.7304513,
    1738767068.2460363,
    1738767104.8645556,
    1738767141.422246,
    1738767178.1197162,
    1738767214.6467006,
    1738767251.1775382,
    1738767287.8143063,
    1738767324.3010616,
    1738767360.6633158,
    1738767397.1075313,
    1738767433.6563537,
    1738767470.1798787,
    1738767506.666948,
    1738767543.117966,
    1738767579.567563,
    1738767616.1561577,
    1738767652.774972,
    1738767689.3797288,
    1738767725.711659,
    1738767762.1750808,
    1738767798.5740993,
    1738767835.107891,
    1738767871.7761319,
    1738767908.443677,
    1738767945.167784,
    1738767981.7493165,
    1738768018.312524,
    1738768054.8102765,
    1738768091.3673182,
    1738768128.141101,
    1738768164.6097999,
    1738768201.0820217,
    1738768237.5716712,
    1738768274.2560403,
    1738768310.6740706,
    1738768347.2244756,
    1738768383.6126652,
    1738768420.203111,
    1738768456.6866415,
    1738768493.2826898,
    1738768529.986408,
    1738768566.3384955,
    1738768602.9902575,
    1738768639.5105824,
    1738768675.9994125,
    1738768712.6982555,
    1738768749.0505116,
    1738768785.7962472,
    1738768822.5853622,
    1738768859.090425,
    1738768895.7189195,
    1738768932.2566314
  ],
  "val_errors": [
    116.54231777627477,
    111.80816833944093,
    106.23101495229149,
    103.63799109765128,
    100.9829634689178,
    100.17743738175416,
    99.74376268957647,
    99.06080426789313,
    98.43479115473994,
    98.12206279011706,
    97.02372150916888,
    96.36890820779799,
    96.3219079915229,
    96.34061542974678,
    96.31520834431724,
    95.69920158463317,
    95.31267829925694,
    95.25346851443541,
    95.1958059123893,
    95.08478883568154,
    94.76052505020918,
    94.81150073859469,
    95.05128215357043,
    95.56290705755531,
    96.03128830601204,
    95.74760563832169,
    96.29024274717274,
    96.21140440602206,
    96.76240793528662,
    96.57953925653712,
    96.44851297912815,
    96.71705489700788,
    96.41733840492157,
    96.76116005739051,
    96.91454159535363,
    96.79238011800672,
    96.84895749533791,
    96.79238011800672,
    96.84895749533791,
    96.79238011800672,
    96.84895749533791,
    96.79238011800672,
    96.84895749533791,
    96.79238011800672,
    96.84895749533791,
    96.79238011800672,
    96.84895749533791,
    96.79238011800672,
    96.84895749533791,
    96.79238011800672,
    96.84895749533791,
    96.79238011800672,
    96.84895749533791,
    96.79238011800672,
    96.84895749533791,
    96.79238011800672,
    96.84895749533791,
    96.79238011800672,
    96.84895749533791,
    96.79238011800672,
    96.84895749533791,
    96.79238011800672,
    96.84895749533791,
    96.79238011800672,
    96.84895749533791,
    96.79238011800672,
    96.84895749533791,
    96.79238011800672,
    96.84895749533791,
    96.79238011800672,
    96.84895749533791,
    96.79238011800672,
    96.84895749533791,
    96.79238011800672,
    96.84895749533791,
    96.79238011800672,
    96.84895749533791,
    96.79238011800672,
    96.84895749533791,
    96.79238011800672,
    96.84895749533791,
    96.79238011800672,
    96.84895749533791,
    96.79238011800672,
    96.84895749533791,
    96.79238011800672,
    96.84895749533791,
    96.79238011800672,
    96.84895749533791,
    96.79238011800672,
    96.84895749533791,
    96.79238011800672,
    96.84895749533791,
    96.79238011800672,
    96.84895749533791,
    96.79238011800672,
    96.84895749533791,
    96.79238011800672,
    96.84895749533791,
    96.79238011800672
  ],
  "test_errors": [
    122.77049894229707,
    116.6302484356802,
    112.27305685113781,
    109.26172646182152,
    104.4303497837661,
    103.78537083814425,
    103.00284969304792,
    102.93753990671857,
    102.13898349812636,
    101.42134386106368,
    100.30644554652218,
    100.40065938521539,
    100.21855769460056,
    100.01745824079404,
    99.66410282822443,
    99.48047800742265,
    98.08456423676678,
    99.00948127181302,
    98.00111968146932,
    97.27563400053417,
    98.02640232395588,
    98.4115741716097,
    98.39262812198719,
    99.09872823357362,
    99.19555781011823,
    98.83460518615045,
    99.74124303352102,
    100.22639168640951,
    100.54669013763102,
    100.9233026537246,
    101.06873321178584,
    101.04575625584552,
    100.6366848949946,
    100.75495013167166,
    101.08647242348219,
    100.5560803497288,
    100.55868168353476,
    100.5560803497288,
    100.55868168353476,
    100.5560803497288,
    100.55868168353476,
    100.5560803497288,
    100.55868168353476,
    100.5560803497288,
    100.55868168353476,
    100.5560803497288,
    100.55868168353476,
    100.5560803497288,
    100.55868168353476,
    100.5560803497288,
    100.55868168353476,
    100.5560803497288,
    100.55868168353476,
    100.5560803497288,
    100.55868168353476,
    100.5560803497288,
    100.55868168353476,
    100.5560803497288,
    100.55868168353476,
    100.5560803497288,
    100.55868168353476,
    100.5560803497288,
    100.55868168353476,
    100.5560803497288,
    100.55868168353476,
    100.5560803497288,
    100.55868168353476,
    100.5560803497288,
    100.55868168353476,
    100.5560803497288,
    100.55868168353476,
    100.5560803497288,
    100.55868168353476,
    100.5560803497288,
    100.55868168353476,
    100.5560803497288,
    100.55868168353476,
    100.5560803497288,
    100.55868168353476,
    100.5560803497288,
    100.55868168353476,
    100.5560803497288,
    100.55868168353476,
    100.5560803497288,
    100.55868168353476,
    100.5560803497288,
    100.55868168353476,
    100.5560803497288,
    100.55868168353476,
    100.5560803497288,
    100.55868168353476,
    100.5560803497288,
    100.55868168353476,
    100.5560803497288,
    100.55868168353476,
    100.5560803497288,
    100.55868168353476,
    100.5560803497288,
    100.55868168353476,
    100.5560803497288
  ]
}
