{
  "timings": [
    1738895690.6166422,
    1738895692.2956986,
    1738895696.965478,
    1738895703.511582,
    1738895712.1724029,
    1738895722.215486,
    1738895733.1107857,
    1738895745.009272,
    1738895757.433409,
    1738895770.8607678,
    1738895785.1259248,
    1738895799.6260276,
    1738895817.1307058,
    1738895834.5240536,
    1738895849.4146807,
    1738895864.257853,
    1738895879.1743433,
    1738895893.956817,
    1738895909.620196,
    1738895925.2768674,
    1738895940.053281,
    1738895954.7726974,
    1738895969.5278134,
    1738895984.2959354,
    1738895998.9780436,
    1738896013.8638666,
    1738896028.6227615,
    1738896043.2450655,
    1738896058.129882,
    1738896073.0157008,
    1738896087.7812958,
    1738896102.7641447,
    1738896117.3408568,
    1738896132.1440318,
    1738896147.0672712,
    1738896161.758171,
    1738896176.3998258,
    1738896191.0493922,
    1738896205.7904387,
    1738896220.5427594,
    1738896235.1958234,
    1738896249.804216,
    1738896264.595381,
    1738896279.2265236,
    1738896294.03493,
    1738896308.6423733,
    1738896323.207066,
    1738896337.9338436,
    1738896352.6239128,
    1738896367.136337,
    1738896381.9400032,
    1738896396.6920598,
    1738896411.3868127,
    1738896426.0580368,
    1738896440.641458,
    1738896455.3001578,
    1738896469.9834788,
    1738896484.6383376,
    1738896499.182394,
    1738896513.8669412,
    1738896528.5383854,
    1738896543.0707114,
    1738896557.6312065,
    1738896572.462001,
    1738896587.2222085,
    1738896601.927868,
    1738896616.6334207,
    1738896631.4520621,
    1738896646.210198,
    1738896661.8244677,
    1738896676.6380377,
    1738896691.339784,
    1738896706.1426847,
    1738896720.9514856,
    1738896735.670827,
    1738896750.3633597,
    1738896765.152253,
    1738896779.95851,
    1738896794.8497617,
    1738896809.5601554,
    1738896824.2495902,
    1738896838.8971572,
    1738896853.667838,
    1738896868.3386161,
    1738896883.0540805,
    1738896897.9067252,
    1738896912.7090812,
    1738896927.4950573,
    1738896942.1592443,
    1738896957.0136023,
    1738896971.8294477,
    1738896986.520972,
    1738897001.2691844,
    1738897016.0226963,
    1738897030.9549992,
    1738897045.8530896,
    1738897060.6736226,
    1738897075.296195,
    1738897090.0455074,
    1738897104.8073397
  ],
  "val_errors": [
    118.02089895142814,
    114.73917469195518,
    113.54147050247705,
    112.35986929463643,
    111.19378645699052,
    110.85441293404217,
    110.66200308280986,
    110.55659063618586,
    110.71047578133083,
    110.63708292400969,
    110.46155770369879,
    110.73874238703357,
    110.69073259280358,
    110.71346587100128,
    110.71346587100128,
    110.71346587100128,
    110.71346587100128,
    110.71346587100128,
    110.71346587100128,
    110.71346587100128,
    110.71346587100128,
    110.71346587100128,
    110.71346587100128,
    110.71346587100128,
    110.71346587100128,
    110.71346587100128,
    110.71346587100128,
    110.71346587100128,
    110.71346587100128,
    110.71346587100128,
    110.71346587100128,
    110.71346587100128,
    110.71346587100128,
    110.71346587100128,
    110.71346587100128,
    110.71346587100128,
    110.71346587100128,
    110.71346587100128,
    110.71346587100128,
    110.71346587100128,
    110.71346587100128,
    110.71346587100128,
    110.71346587100128,
    110.71346587100128,
    110.71346587100128,
    110.71346587100128,
    110.71346587100128,
    110.71346587100128,
    110.71346587100128,
    110.71346587100128,
    110.71346587100128,
    110.71346587100128,
    110.71346587100128,
    110.71346587100128,
    110.71346587100128,
    110.71346587100128,
    110.71346587100128,
    110.71346587100128,
    110.71346587100128,
    110.71346587100128,
    110.71346587100128,
    110.71346587100128,
    110.71346587100128,
    110.71346587100128,
    110.71346587100128,
    110.71346587100128,
    110.71346587100128,
    110.71346587100128,
    110.71346587100128,
    110.71346587100128,
    110.71346587100128,
    110.71346587100128,
    110.71346587100128,
    110.71346587100128,
    110.71346587100128,
    110.71346587100128,
    110.71346587100128,
    110.71346587100128,
    110.71346587100128,
    110.71346587100128,
    110.71346587100128,
    110.71346587100128,
    110.71346587100128,
    110.71346587100128,
    110.71346587100128,
    110.71346587100128,
    110.71346587100128,
    110.71346587100128,
    110.71346587100128,
    110.71346587100128,
    110.71346587100128,
    110.71346587100128,
    110.71346587100128,
    110.71346587100128,
    110.71346587100128,
    110.71346587100128,
    110.71346587100128,
    110.71346587100128,
    110.71346587100128,
    110.71346587100128
  ],
  "test_errors": [
    119.52998114289336,
    115.70802842500854,
    114.56931453956436,
    113.48474945257352,
    112.95872503482056,
    112.89840065543787,
    112.49415424490742,
    112.7724742089882,
    112.76277340337161,
    112.68264895881128,
    112.39907265153369,
    112.79625174130308,
    112.78492293538879,
    112.87397375823075,
    112.87397375823075,
    112.87397375823075,
    112.87397375823075,
    112.87397375823075,
    112.87397375823075,
    112.87397375823075,
    112.87397375823075,
    112.87397375823075,
    112.87397375823075,
    112.87397375823075,
    112.87397375823075,
    112.87397375823075,
    112.87397375823075,
    112.87397375823075,
    112.87397375823075,
    112.87397375823075,
    112.87397375823075,
    112.87397375823075,
    112.87397375823075,
    112.87397375823075,
    112.87397375823075,
    112.87397375823075,
    112.87397375823075,
    112.87397375823075,
    112.87397375823075,
    112.87397375823075,
    112.87397375823075,
    112.87397375823075,
    112.87397375823075,
    112.87397375823075,
    112.87397375823075,
    112.87397375823075,
    112.87397375823075,
    112.87397375823075,
    112.87397375823075,
    112.87397375823075,
    112.87397375823075,
    112.87397375823075,
    112.87397375823075,
    112.87397375823075,
    112.87397375823075,
    112.87397375823075,
    112.87397375823075,
    112.87397375823075,
    112.87397375823075,
    112.87397375823075,
    112.87397375823075,
    112.87397375823075,
    112.87397375823075,
    112.87397375823075,
    112.87397375823075,
    112.87397375823075,
    112.87397375823075,
    112.87397375823075,
    112.87397375823075,
    112.87397375823075,
    112.87397375823075,
    112.87397375823075,
    112.87397375823075,
    112.87397375823075,
    112.87397375823075,
    112.87397375823075,
    112.87397375823075,
    112.87397375823075,
    112.87397375823075,
    112.87397375823075,
    112.87397375823075,
    112.87397375823075,
    112.87397375823075,
    112.87397375823075,
    112.87397375823075,
    112.87397375823075,
    112.87397375823075,
    112.87397375823075,
    112.87397375823075,
    112.87397375823075,
    112.87397375823075,
    112.87397375823075,
    112.87397375823075,
    112.87397375823075,
    112.87397375823075,
    112.87397375823075,
    112.87397375823075,
    112.87397375823075,
    112.87397375823075,
    112.87397375823075
  ]
}