{
  "timings": [
    1738708429.966518,
    1738708431.6289399,
    1738708433.3199542,
    1738708435.1376207,
    1738708437.1214833,
    1738708439.1639159,
    1738708441.2853112,
    1738708443.5115662,
    1738708445.6687195,
    1738708447.9511433,
    1738708450.1640084,
    1738708452.421501,
    1738708454.826838,
    1738708457.1410625,
    1738708459.5881126,
    1738708462.0213428,
    1738708464.5304134,
    1738708466.98391,
    1738708469.4317856,
    1738708471.920962,
    1738708474.3785806,
    1738708476.9281447,
    1738708479.3966484,
    1738708481.947675,
    1738708484.4085236,
    1738708486.9359524,
    1738708489.3684478,
    1738708491.8713965,
    1738708494.333852,
    1738708496.8550375,
    1738708499.3380895,
    1738708501.869884,
    1738708504.3198357,
    1738708506.8003912,
    1738708509.3453488,
    1738708511.8380153,
    1738708514.3777688,
    1738708516.838027,
    1738708519.375023,
    1738708521.879615,
    1738708524.4241207,
    1738708526.8753474,
    1738708529.4287202,
    1738708531.8782403,
    1738708534.347389,
    1738708536.8617296,
    1738708539.352986,
    1738708541.865571,
    1738708544.3071892,
    1738708546.854254
  ],
  "val_errors": [
    115.95507958551691,
    108.85701303351951,
    106.83734565170656,
    105.57406835967792,
    103.64126430708323,
    102.24425606652503,
    101.29419982116372,
    100.74368634216582,
    100.29928142255369,
    99.54919789502206,
    99.40387671608363,
    99.14786426689761,
    98.7078385631645,
    98.34281454643319,
    98.41677698255145,
    98.21795955514666,
    98.03743008053965,
    98.13229596937752,
    98.11913183180968,
    98.18416978725703,
    97.87820766756892,
    97.7748626612393,
    97.74868431241897,
    97.57809817167407,
    97.70822622861697,
    97.55232962542547,
    97.68757005587766,
    97.77969335239284,
    97.60131691458199,
    97.56077550576407,
    97.6333945174362,
    97.8302773781655,
    98.14427562208307,
    98.20235399582556,
    98.3838190717071,
    98.00456244521813,
    98.22854094724164,
    98.16305427012333,
    97.99661875015465,
    98.2081406483648,
    98.15944647029255,
    98.05310818719154,
    98.13158732622055,
    98.19369434560339,
    98.08104384118546,
    98.05265669083721,
    98.08246088371216,
    98.05916739664359,
    98.34375748684431,
    98.26230080763816
  ],
  "test_errors": [
    117.36258639881045,
    110.45065542272134,
    108.73371957733868,
    107.4449418050718,
    105.8798016810371,
    104.85169700034929,
    104.06199309957769,
    103.76015442432188,
    103.52615031872114,
    102.43693797939494,
    102.23087305731752,
    102.33266114953402,
    102.39178102081065,
    101.04599257095606,
    101.16809800902762,
    101.5523552288754,
    100.7557658009759,
    100.73021173888382,
    100.87269880267745,
    101.24334731390269,
    100.77532236181756,
    100.83808334017913,
    101.11486385520278,
    101.14835622204713,
    101.1541752969908,
    101.03736273463949,
    100.06669377511442,
    101.30975729548031,
    101.2658586066435,
    101.22552183892462,
    101.03840702081501,
    101.08151960911958,
    101.1462451261098,
    101.22973774249755,
    101.3547149073731,
    100.97172331692495,
    100.85840371470105,
    101.40076323643262,
    101.12100825891426,
    101.02605356246735,
    101.1875502851515,
    101.53254664880633,
    101.22991737048689,
    101.23360816225232,
    101.10529224860962,
    101.113360299135,
    101.16253110626737,
    101.38628224752205,
    101.29306587630441,
    101.14200647509071
  ]
}