{
  "timings": [
    1738736309.5825424,
    1738736311.176581,
    1738736313.0379312,
    1738736315.0367305,
    1738736317.010216,
    1738736319.0220585,
    1738736321.1918895,
    1738736323.3842738,
    1738736325.5719635,
    1738736327.8950021,
    1738736330.199014,
    1738736332.511834,
    1738736334.7483416,
    1738736337.0562449,
    1738736339.2253783,
    1738736341.4414103,
    1738736343.7214627,
    1738736345.9903448,
    1738736348.2889361,
    1738736350.8648446,
    1738736353.1805816,
    1738736355.4960208,
    1738736357.8267384,
    1738736360.1757603,
    1738736362.4960897,
    1738736364.8187695,
    1738736367.1465616,
    1738736369.5247283,
    1738736371.8281162,
    1738736374.1364398,
    1738736376.4625173,
    1738736378.8062217,
    1738736381.1516306,
    1738736383.5445037,
    1738736385.8507028,
    1738736388.1637754,
    1738736390.4825637,
    1738736392.7928622,
    1738736395.110686,
    1738736397.5093555,
    1738736399.8168845,
    1738736402.1083932,
    1738736404.4124897,
    1738736406.724193,
    1738736409.0358574,
    1738736411.3485768,
    1738736413.7402318,
    1738736416.048352,
    1738736418.3654869,
    1738736420.6798112,
    1738736423.002768,
    1738736425.3230705,
    1738736427.7240078,
    1738736430.032492,
    1738736432.3575406,
    1738736434.668743,
    1738736436.975283,
    1738736439.2913566,
    1738736441.6767704,
    1738736443.998703,
    1738736446.3108757,
    1738736448.6329322,
    1738736450.9548166,
    1738736453.2782125,
    1738736455.6566658,
    1738736457.9681325,
    1738736460.282273,
    1738736462.5948234,
    1738736464.9186172,
    1738736467.2489848,
    1738736469.6330316,
    1738736471.948033,
    1738736474.2918484,
    1738736476.6155293,
    1738736478.9570491,
    1738736481.2762575,
    1738736483.6547232,
    1738736485.9791796,
    1738736488.3302214,
    1738736490.6641915,
    1738736492.9818394,
    1738736495.3101616,
    1738736497.705109,
    1738736500.0267131,
    1738736502.3356352,
    1738736504.656363,
    1738736506.9847703,
    1738736509.310983,
    1738736511.694888,
    1738736514.008092,
    1738736516.3448195,
    1738736518.665898,
    1738736520.9893296,
    1738736523.3141227,
    1738736525.700105,
    1738736528.0133657,
    1738736530.3498795,
    1738736532.7118816,
    1738736535.0457106,
    1738736537.3762872
  ],
  "val_errors": [
    118.02089895142814,
    112.44592103289608,
    108.8271151363956,
    107.33832642534549,
    106.25245343477516,
    104.74252820744525,
    104.59309815006819,
    102.31184624872054,
    100.49250007237197,
    99.54867460861205,
    98.89958633611666,
    98.94128993854363,
    98.91804690618135,
    98.91113749607895,
    99.19337303777658,
    99.5907493229019,
    99.08413674242246,
    99.08969566536503,
    98.93624897097473,
    99.022859200469,
    98.99921976720961,
    99.00724915586682,
    99.00724915586682,
    99.00724915586682,
    99.00724915586682,
    99.00724915586682,
    99.00724915586682,
    99.00724915586682,
    99.00724915586682,
    99.00724915586682,
    99.00724915586682,
    99.00724915586682,
    99.00724915586682,
    99.00724915586682,
    99.00724915586682,
    99.00724915586682,
    99.00724915586682,
    99.00724915586682,
    99.00724915586682,
    99.00724915586682,
    99.00724915586682,
    99.00724915586682,
    99.00724915586682,
    99.00724915586682,
    99.00724915586682,
    99.00724915586682,
    99.00724915586682,
    99.00724915586682,
    99.00724915586682,
    99.00724915586682,
    99.00724915586682,
    99.00724915586682,
    99.00724915586682,
    99.00724915586682,
    99.00724915586682,
    99.00724915586682,
    99.00724915586682,
    99.00724915586682,
    99.00724915586682,
    99.00724915586682,
    99.00724915586682,
    99.00724915586682,
    99.00724915586682,
    99.00724915586682,
    99.00724915586682,
    99.00724915586682,
    99.00724915586682,
    99.00724915586682,
    99.00724915586682,
    99.00724915586682,
    99.00724915586682,
    99.00724915586682,
    99.00724915586682,
    99.00724915586682,
    99.00724915586682,
    99.00724915586682,
    99.00724915586682,
    99.00724915586682,
    99.00724915586682,
    99.00724915586682,
    99.00724915586682,
    99.00724915586682,
    99.00724915586682,
    99.00724915586682,
    99.00724915586682,
    99.00724915586682,
    99.00724915586682,
    99.00724915586682,
    99.00724915586682,
    99.00724915586682,
    99.00724915586682,
    99.00724915586682,
    99.00724915586682,
    99.00724915586682,
    99.00724915586682,
    99.00724915586682,
    99.00724915586682,
    99.00724915586682,
    99.00724915586682,
    99.00724915586682
  ],
  "test_errors": [
    119.52998114289336,
    114.11458323290631,
    110.61463681379065,
    108.86549759408057,
    107.53156223024388,
    106.78535557869208,
    106.41690326721364,
    104.41452234417655,
    102.72299461732634,
    102.30807609037134,
    101.5311055275798,
    101.34855181169723,
    101.49037179961495,
    101.53656586587951,
    101.64925094181696,
    102.36146929094625,
    102.4354306751398,
    102.3822383299813,
    102.44350981290948,
    102.52995622335928,
    102.44123934841619,
    102.42465366532049,
    102.42465366532049,
    102.42465366532049,
    102.42465366532049,
    102.42465366532049,
    102.42465366532049,
    102.42465366532049,
    102.42465366532049,
    102.42465366532049,
    102.42465366532049,
    102.42465366532049,
    102.42465366532049,
    102.42465366532049,
    102.42465366532049,
    102.42465366532049,
    102.42465366532049,
    102.42465366532049,
    102.42465366532049,
    102.42465366532049,
    102.42465366532049,
    102.42465366532049,
    102.42465366532049,
    102.42465366532049,
    102.42465366532049,
    102.42465366532049,
    102.42465366532049,
    102.42465366532049,
    102.42465366532049,
    102.42465366532049,
    102.42465366532049,
    102.42465366532049,
    102.42465366532049,
    102.42465366532049,
    102.42465366532049,
    102.42465366532049,
    102.42465366532049,
    102.42465366532049,
    102.42465366532049,
    102.42465366532049,
    102.42465366532049,
    102.42465366532049,
    102.42465366532049,
    102.42465366532049,
    102.42465366532049,
    102.42465366532049,
    102.42465366532049,
    102.42465366532049,
    102.42465366532049,
    102.42465366532049,
    102.42465366532049,
    102.42465366532049,
    102.42465366532049,
    102.42465366532049,
    102.42465366532049,
    102.42465366532049,
    102.42465366532049,
    102.42465366532049,
    102.42465366532049,
    102.42465366532049,
    102.42465366532049,
    102.42465366532049,
    102.42465366532049,
    102.42465366532049,
    102.42465366532049,
    102.42465366532049,
    102.42465366532049,
    102.42465366532049,
    102.42465366532049,
    102.42465366532049,
    102.42465366532049,
    102.42465366532049,
    102.42465366532049,
    102.42465366532049,
    102.42465366532049,
    102.42465366532049,
    102.42465366532049,
    102.42465366532049,
    102.42465366532049,
    102.42465366532049
  ]
}