{
  "timings": [
    1738736788.3512363,
    1738736789.93457,
    1738736791.7567754,
    1738736793.6102295,
    1738736795.3872378,
    1738736797.3475473,
    1738736799.2504485,
    1738736801.135306,
    1738736803.108036,
    1738736805.0220988,
    1738736806.964997,
    1738736808.9817624,
    1738736811.0297256,
    1738736813.1566863,
    1738736815.2643492,
    1738736817.4538536,
    1738736819.5693321,
    1738736821.731195,
    1738736823.9360075,
    1738736826.1259181,
    1738736828.3788018,
    1738736830.6102028,
    1738736832.9155698,
    1738736835.195257,
    1738736837.5002966,
    1738736839.905204,
    1738736842.3060806,
    1738736844.8067954,
    1738736847.3825636,
    1738736850.0800636,
    1738736852.8066099,
    1738736855.604879,
    1738736858.4201224,
    1738736861.145509,
    1738736863.9393513,
    1738736866.6600509,
    1738736869.4208944,
    1738736872.0904565,
    1738736874.829716,
    1738736877.5218256,
    1738736880.2558525,
    1738736882.9347742,
    1738736885.6806955,
    1738736888.325607,
    1738736891.0329764,
    1738736893.720896,
    1738736896.3461144,
    1738736899.0481167,
    1738736901.6816072,
    1738736904.382057,
    1738736907.0325844,
    1738736909.7382739,
    1738736912.3683722,
    1738736915.0688574,
    1738736917.7077081,
    1738736920.39727,
    1738736923.0161414,
    1738736925.7151883,
    1738736928.353303,
    1738736931.0499365,
    1738736933.693022,
    1738736936.3952162,
    1738736939.1051443,
    1738736941.726585,
    1738736944.4305317,
    1738736947.0811737,
    1738736949.7980676,
    1738736952.4291174,
    1738736955.1129124,
    1738736957.7378795,
    1738736960.4398334,
    1738736963.0755653,
    1738736965.7574697,
    1738736968.399747,
    1738736971.0923238,
    1738736973.7265687,
    1738736976.4254897,
    1738736979.0675979,
    1738736981.7681127,
    1738736984.4693015,
    1738736987.0935547,
    1738736989.7830575,
    1738736992.4123745,
    1738736995.107848,
    1738736997.7266371,
    1738737000.4341602,
    1738737003.0683722,
    1738737005.7725556,
    1738737008.4033284,
    1738737011.0984626,
    1738737013.7298708,
    1738737016.4337616,
    1738737019.0708404,
    1738737021.7654524,
    1738737024.4129846,
    1738737027.1353424,
    1738737029.8497567,
    1738737032.5227697,
    1738737035.2293525,
    1738737037.8628483
  ],
  "val_errors": [
    117.37693560635957,
    110.39174416063992,
    108.54034872852232,
    106.11298483214176,
    105.8953875433619,
    105.49313671456976,
    105.20108269621726,
    105.12398019249251,
    104.66312756272859,
    105.18044881768863,
    104.56455985020624,
    104.97418269859637,
    103.96791163314053,
    102.15159678816651,
    102.04747035703996,
    101.99536533312086,
    102.10815638671528,
    101.91505904220894,
    100.9840627429212,
    100.59229359837518,
    100.77931976392676,
    100.66657909157398,
    100.53023738668544,
    100.49619056171952,
    100.744929272152,
    100.77473638512257,
    100.4687322032612,
    100.31489237649008,
    99.75283883973255,
    99.33257412075594,
    99.01964350054206,
    98.77374327516598,
    98.79579957122931,
    99.03136542270568,
    98.78763200610769,
    98.8620138577107,
    98.74216657188566,
    98.94622875814892,
    98.85830982466173,
    98.73552566056429,
    98.73306874112433,
    98.48331816326595,
    98.62959083069218,
    98.55087962450357,
    98.46310549848491,
    98.29634185368097,
    98.48508196073061,
    98.40483628558022,
    98.40483628558022,
    98.40483628558022,
    98.40483628558022,
    98.40483628558022,
    98.40483628558022,
    98.40483628558022,
    98.40483628558022,
    98.40483628558022,
    98.40483628558022,
    98.40483628558022,
    98.40483628558022,
    98.40483628558022,
    98.40483628558022,
    98.40483628558022,
    98.40483628558022,
    98.40483628558022,
    98.40483628558022,
    98.40483628558022,
    98.40483628558022,
    98.40483628558022,
    98.40483628558022,
    98.40483628558022,
    98.40483628558022,
    98.40483628558022,
    98.40483628558022,
    98.40483628558022,
    98.40483628558022,
    98.40483628558022,
    98.40483628558022,
    98.40483628558022,
    98.40483628558022,
    98.40483628558022,
    98.40483628558022,
    98.40483628558022,
    98.40483628558022,
    98.40483628558022,
    98.40483628558022,
    98.40483628558022,
    98.40483628558022,
    98.40483628558022,
    98.40483628558022,
    98.40483628558022,
    98.40483628558022,
    98.40483628558022,
    98.40483628558022,
    98.40483628558022,
    98.40483628558022,
    98.40483628558022,
    98.40483628558022,
    98.40483628558022,
    98.40483628558022,
    98.40483628558022
  ],
  "test_errors": [
    121.26955946303127,
    114.3517756922286,
    112.04916462852778,
    109.36866259484599,
    108.5025585238696,
    108.02425211915096,
    108.02276166802834,
    107.56303153477319,
    106.86143338647474,
    107.42640005211518,
    106.69270869517607,
    107.09824924355962,
    106.56698826065153,
    104.42879692165641,
    104.11640049186724,
    104.0241329290514,
    104.32899622228771,
    103.98874915982506,
    103.7780828363211,
    103.30924039293012,
    103.63411352550602,
    103.59846195703415,
    103.45131534548239,
    103.77638715343055,
    103.97991364714359,
    104.03207281109833,
    103.66738001384788,
    102.93217205835892,
    102.61490239473726,
    102.29719644847755,
    101.82516079717016,
    101.73663073271584,
    101.87116291123606,
    101.9232077000151,
    101.79506152634427,
    101.96522193627489,
    102.13402990048259,
    102.03499111217728,
    101.94210164081737,
    101.64779292210092,
    101.47954087114485,
    101.25330665746442,
    101.48883909058581,
    101.47449156366437,
    101.33671008657753,
    101.37163211901498,
    101.44040849762919,
    101.34287383026876,
    101.34287383026876,
    101.34287383026876,
    101.34287383026876,
    101.34287383026876,
    101.34287383026876,
    101.34287383026876,
    101.34287383026876,
    101.34287383026876,
    101.34287383026876,
    101.34287383026876,
    101.34287383026876,
    101.34287383026876,
    101.34287383026876,
    101.34287383026876,
    101.34287383026876,
    101.34287383026876,
    101.34287383026876,
    101.34287383026876,
    101.34287383026876,
    101.34287383026876,
    101.34287383026876,
    101.34287383026876,
    101.34287383026876,
    101.34287383026876,
    101.34287383026876,
    101.34287383026876,
    101.34287383026876,
    101.34287383026876,
    101.34287383026876,
    101.34287383026876,
    101.34287383026876,
    101.34287383026876,
    101.34287383026876,
    101.34287383026876,
    101.34287383026876,
    101.34287383026876,
    101.34287383026876,
    101.34287383026876,
    101.34287383026876,
    101.34287383026876,
    101.34287383026876,
    101.34287383026876,
    101.34287383026876,
    101.34287383026876,
    101.34287383026876,
    101.34287383026876,
    101.34287383026876,
    101.34287383026876,
    101.34287383026876,
    101.34287383026876,
    101.34287383026876,
    101.34287383026876
  ]
}
