{
  "timings": [
    1738768933.5314417,
    1738768935.226418,
    1738768938.0962038,
    1738768942.533119,
    1738768949.0710135,
    1738768956.3643873,
    1738768964.634613,
    1738768973.3958187,
    1738768982.7550278,
    1738768992.3957636,
    1738769002.2890632,
    1738769012.795966,
    1738769023.8242154,
    1738769035.0895662,
    1738769046.5839064,
    1738769057.3791125,
    1738769068.3339126,
    1738769080.3593035,
    1738769092.8103511,
    1738769106.641242,
    1738769121.7086246,
    1738769137.4846137,
    1738769152.9181342,
    1738769168.2483745,
    1738769184.361533,
    1738769200.8580499,
    1738769218.1437366,
    1738769236.1657825,
    1738769253.7782679,
    1738769272.0558894,
    1738769291.3740554,
    1738769309.7571297,
    1738769328.1194234,
    1738769346.5188792,
    1738769364.9001148,
    1738769383.3554578,
    1738769401.7846608,
    1738769420.2789254,
    1738769438.7726984,
    1738769457.1431394,
    1738769475.4961717,
    1738769494.0649881,
    1738769512.4007933,
    1738769530.7894726,
    1738769549.1443732,
    1738769567.4523087,
    1738769585.8234663,
    1738769604.0809367,
    1738769622.541204,
    1738769640.829687,
    1738769659.2352154,
    1738769677.5796955,
    1738769695.9491773,
    1738769714.4390683,
    1738769732.8183758,
    1738769751.2986066,
    1738769769.6481187,
    1738769788.0940135,
    1738769806.4646046,
    1738769824.8820145,
    1738769843.2939527,
    1738769861.736422,
    1738769880.1017666,
    1738769898.6011465,
    1738769916.945239,
    1738769935.3242304,
    1738769953.7781067,
    1738769972.2751205,
    1738769990.859656,
    1738770009.2691052,
    1738770027.72257,
    1738770046.1158354,
    1738770064.3774807,
    1738770082.7408853,
    1738770101.065289,
    1738770119.5965953,
    1738770137.9578307,
    1738770156.3695877,
    1738770174.7977626,
    1738770193.1667218,
    1738770211.662694,
    1738770229.964221,
    1738770248.4184017,
    1738770266.880743,
    1738770285.2766986,
    1738770303.5282376,
    1738770321.8870146,
    1738770340.240979,
    1738770358.5974312,
    1738770377.0458086,
    1738770395.449989,
    1738770413.7500324,
    1738770432.1040335,
    1738770450.3694923,
    1738770468.6123111,
    1738770487.0343983,
    1738770505.5875177,
    1738770523.9587111,
    1738770542.276816,
    1738770560.7133462
  ],
  "val_errors": [
    117.37693560635957,
    110.24163586590235,
    106.87934838838314,
    103.41844183682905,
    101.82120240415365,
    100.18877611221541,
    99.02231350517384,
    98.59076436120004,
    98.335007980869,
    98.23600747389038,
    97.88290508022064,
    97.82820283550386,
    97.40112335038893,
    96.85020678715568,
    96.45546898706682,
    95.9240363350724,
    96.03340672827304,
    95.65289441736857,
    95.44521675093006,
    95.24342662956515,
    95.06402308950642,
    94.59688555478644,
    95.08898815694594,
    95.27423215334855,
    95.16307348365167,
    95.26081010812486,
    95.55029106143732,
    95.60412350656892,
    95.60306361568283,
    95.80804511542888,
    95.3169599754377,
    95.25753893981576,
    95.25753893981576,
    95.25753893981576,
    95.25753893981576,
    95.25753893981576,
    95.25753893981576,
    95.25753893981576,
    95.25753893981576,
    95.25753893981576,
    95.25753893981576,
    95.25753893981576,
    95.25753893981576,
    95.25753893981576,
    95.25753893981576,
    95.25753893981576,
    95.25753893981576,
    95.25753893981576,
    95.25753893981576,
    95.25753893981576,
    95.25753893981576,
    95.25753893981576,
    95.25753893981576,
    95.25753893981576,
    95.25753893981576,
    95.25753893981576,
    95.25753893981576,
    95.25753893981576,
    95.25753893981576,
    95.25753893981576,
    95.25753893981576,
    95.25753893981576,
    95.25753893981576,
    95.25753893981576,
    95.25753893981576,
    95.25753893981576,
    95.25753893981576,
    95.25753893981576,
    95.25753893981576,
    95.25753893981576,
    95.25753893981576,
    95.25753893981576,
    95.25753893981576,
    95.25753893981576,
    95.25753893981576,
    95.25753893981576,
    95.25753893981576,
    95.25753893981576,
    95.25753893981576,
    95.25753893981576,
    95.25753893981576,
    95.25753893981576,
    95.25753893981576,
    95.25753893981576,
    95.25753893981576,
    95.25753893981576,
    95.25753893981576,
    95.25753893981576,
    95.25753893981576,
    95.25753893981576,
    95.25753893981576,
    95.25753893981576,
    95.25753893981576,
    95.25753893981576,
    95.25753893981576,
    95.25753893981576,
    95.25753893981576,
    95.25753893981576,
    95.25753893981576,
    95.25753893981576
  ],
  "test_errors": [
    121.26955946303127,
    114.06272950370601,
    109.90669629922449,
    107.42097260516444,
    106.11663531278445,
    103.33051346105294,
    102.16997244445511,
    101.61089963622436,
    101.33117751520466,
    100.70250889033052,
    100.24173504071274,
    100.39987497409362,
    99.91390088310189,
    99.63027209900036,
    98.6519891536025,
    97.98821687502524,
    98.09467767010823,
    98.09258892612955,
    97.97242865928938,
    97.12833314574917,
    97.04608192789479,
    95.95665314526282,
    96.32173546631446,
    96.38493570406756,
    96.54718835232018,
    96.59940063729813,
    97.38814942500089,
    97.88642359790315,
    97.90290023423424,
    97.58409138064226,
    97.39579357659495,
    97.00411834685937,
    97.00411834685937,
    97.00411834685937,
    97.00411834685937,
    97.00411834685937,
    97.00411834685937,
    97.00411834685937,
    97.00411834685937,
    97.00411834685937,
    97.00411834685937,
    97.00411834685937,
    97.00411834685937,
    97.00411834685937,
    97.00411834685937,
    97.00411834685937,
    97.00411834685937,
    97.00411834685937,
    97.00411834685937,
    97.00411834685937,
    97.00411834685937,
    97.00411834685937,
    97.00411834685937,
    97.00411834685937,
    97.00411834685937,
    97.00411834685937,
    97.00411834685937,
    97.00411834685937,
    97.00411834685937,
    97.00411834685937,
    97.00411834685937,
    97.00411834685937,
    97.00411834685937,
    97.00411834685937,
    97.00411834685937,
    97.00411834685937,
    97.00411834685937,
    97.00411834685937,
    97.00411834685937,
    97.00411834685937,
    97.00411834685937,
    97.00411834685937,
    97.00411834685937,
    97.00411834685937,
    97.00411834685937,
    97.00411834685937,
    97.00411834685937,
    97.00411834685937,
    97.00411834685937,
    97.00411834685937,
    97.00411834685937,
    97.00411834685937,
    97.00411834685937,
    97.00411834685937,
    97.00411834685937,
    97.00411834685937,
    97.00411834685937,
    97.00411834685937,
    97.00411834685937,
    97.00411834685937,
    97.00411834685937,
    97.00411834685937,
    97.00411834685937,
    97.00411834685937,
    97.00411834685937,
    97.00411834685937,
    97.00411834685937,
    97.00411834685937,
    97.00411834685937,
    97.00411834685937
  ]
}