{
  "timings": [
    1739224874.0906467,
    1739224874.4964733,
    1739224875.063758,
    1739224875.6412227,
    1739224876.2157557,
    1739224876.7895288,
    1739224877.3635442,
    1739224877.9365945,
    1739224878.509863,
    1739224879.087653
  ],
  "val_errors": [
    126.81988368362595,
    126.45593525012652,
    126.34375365538965,
    126.34375365538965,
    126.34375365538965,
    126.34375365538965,
    126.34375365538965,
    126.34375365538965,
    126.34375365538965,
    126.34375365538965
  ],
  "test_errors": [
    130.1139667623889,
    129.6936148752224,
    129.58363380546217,
    129.58363380546217,
    129.58363380546217,
    129.58363380546217,
    129.58363380546217,
    129.58363380546217,
    129.58363380546217,
    129.58363380546217
  ]
}
