{
  "timings": [
    1739224811.3865602,
    1739224812.0279562,
    1739224813.9480944,
    1739224817.0106516,
    1739224820.3264575,
    1739224824.4052763,
    1739224828.8897579,
    1739224833.5063035,
    1739224838.3593373,
    1739224842.902236
  ],
  "val_errors": [
    126.81988368362595,
    122.26816908615874,
    119.94191727327697,
    119.90445645973335,
    120.11907596059673,
    119.97603275589725,
    119.9691661569653,
    119.95268298596662,
    119.63377166403234,
    119.49276906601868
  ],
  "test_errors": [
    130.1139667623889,
    124.91084644140436,
    122.54341056419963,
    122.47853440862038,
    122.79243824880007,
    122.73037607211408,
    122.47604929393945,
    122.54023648586573,
    122.22285759152332,
    122.11237253823039
  ]
}