{
  "timings": [
    1739224884.918228,
    1739224885.608506,
    1739224887.481097,
    1739224890.416425,
    1739224893.59979,
    1739224897.5449603,
    1739224901.9488802,
    1739224906.4450521,
    1739224911.2907994,
    1739224915.9663436,
    1739224920.680384,
    1739224925.6496325,
    1739224931.0357225,
    1739224936.3058238,
    1739224941.492691,
    1739224946.8029652,
    1739224952.341868,
    1739224958.11519,
    1739224963.8724647,
    1739224969.5724788
  ],
  "val_errors": [
    126.81988368362595,
    122.26816908615874,
    119.94191727327697,
    119.90445645973335,
    120.11907596059673,
    119.97603275589725,
    119.9691661569653,
    119.95268298596662,
    119.63377166403234,
    119.49276906601868,
    119.541246165599,
    119.49299362400895,
    119.4587720059257,
    119.44137355695499,
    119.49706663083427,
    119.43512599292292,
    119.46667014069486,
    119.4269989055133,
    119.45955311186906,
    119.46496972895166
  ],
  "test_errors": [
    130.1139667623889,
    124.91084644140436,
    122.54341056419963,
    122.47853440862038,
    122.79243824880007,
    122.73037607211408,
    122.47604929393945,
    122.54023648586573,
    122.22285759152332,
    122.11237253823039,
    122.12482446783848,
    122.06794841001641,
    122.1934592138565,
    122.07385282300267,
    122.22965484825541,
    122.07350332928118,
    122.19358293532385,
    122.0542033038405,
    122.09912297365574,
    122.17287801083049
  ]
}