{
  "timings": [
    1739225056.1614196,
    1739225056.5796711,
    1739225057.1711771,
    1739225057.7634113,
    1739225058.359257,
    1739225058.947333,
    1739225059.5493305,
    1739225060.1381948,
    1739225060.7399604,
    1739225061.3391023,
    1739225061.9272044,
    1739225062.519514,
    1739225063.1069453,
    1739225063.6936998,
    1739225064.2834308,
    1739225064.8845055,
    1739225065.473743,
    1739225066.0627353,
    1739225066.6605816,
    1739225067.2538946
  ],
  "val_errors": [
    126.81988368362595,
    126.45593525012652,
    126.34375365538965,
    126.34375365538965,
    126.34375365538965,
    126.34375365538965,
    126.34375365538965,
    126.34375365538965,
    126.34375365538965,
    126.34375365538965,
    126.34375365538965,
    126.34375365538965,
    126.34375365538965,
    126.34375365538965,
    126.34375365538965,
    126.34375365538965,
    126.34375365538965,
    126.34375365538965,
    126.34375365538965,
    126.34375365538965
  ],
  "test_errors": [
    130.1139667623889,
    129.6936148752224,
    129.58363380546217,
    129.58363380546217,
    129.58363380546217,
    129.58363380546217,
    129.58363380546217,
    129.58363380546217,
    129.58363380546217,
    129.58363380546217,
    129.58363380546217,
    129.58363380546217,
    129.58363380546217,
    129.58363380546217,
    129.58363380546217,
    129.58363380546217,
    129.58363380546217,
    129.58363380546217,
    129.58363380546217,
    129.58363380546217
  ]
}